name,loc_id,address,pcb_count
"ラウンドワン札幌すすきの","DEcah2oynr8vD325wTaU9A","北海道 札幌市中央区 南五条西 3-6-1","5"
"東急百貨店さっぽろアミューズパーク","LhpJz81E2AwOJEYNWzD0yg","北海道 札幌市中央区 北四条西 2-1　東急百貨店さっぽろ店9F","4"
"namcoアリオ札幌","TR_S4teph_5LG3fehiutMg","北海道 札幌市東区 北七条東 9-2-20　アリオ札幌スパ・レジャー館2F　233区画","4"
"ラウンドワンスタジアム札幌北21条","FRVHpQMTAClhOqqm7Xsoyg","北海道 札幌市東区 北二十一条東 1-1-21","4"
"namcoウイングベイ小樽","PIfWgXto_lsSRv9nyeo1WQ","北海道 小樽市 築港 11-5　ウイングベイ小樽5番街2・3F","4"
"namcoサッポロファクトリー","BRY3aHCKND2WsyqpVZ-xEg","北海道 札幌市中央区 北一条東 4-1-1　サッポロファクトリー1条館内","3"
"GiGO すすきの","uJxQzTNrrdriiRrd32lFow","北海道 札幌市中央区 南三条西 4-1-1","3"
"タイトーステーション札幌狸小路4丁目","ROhlsMBfvkCdeWKkO6RwVA","北海道 札幌市中央区 南二条西 4-2-11","3"
"キャッツアイ新川","9dmK49ay3c7RIMpk-bBIiw","北海道 札幌市北区 新川二条 7-1-7","3"
"キャッツアイ篠路","33DTOzj56Wb2izvCHfVmig","北海道 札幌市北区 篠路一条 4-6-30","3"
"ゲームランド新さっぽろ","vjFsQO-W_EKqzoDeiiCykg","北海道 札幌市厚別区 厚別中央二条 5-7　新さっぽろアークシティ　カテプリ新さっぽろ3F","3"
"キャッツアイ新札幌","JUZEMwMT_gsRUleEjU5IVQ","北海道 札幌市厚別区 厚別東五条 1　ホーマックスーパーデポ厚別東店横","3"
"GiGO イオン札幌手稲駅前ショッピングセンター","CAmHkgAgtF5dCI2-sk82TQ","北海道 札幌市手稲区 前田一条 11　イオン札幌手稲駅前SC3F","3"
"キャッツアイ清田","hzWMFmJ3s3CoA1QAK-ThLA","北海道 札幌市清田区 清田一条 1-20-1","3"
"ラウンドワンスタジアム札幌・白石本通","aMdTukaIq7whaUbaJhnUPw","北海道 札幌市白石区 本通 16-北1-50","3"
"namcoラソラ札幌","ExtKoviQ6OKW3FfKFyf0lw","北海道 札幌市白石区 東札幌三条 1-1-1　ラソラ札幌Atown 2F","3"
"ラウンドワンスタジアム函館","TZAv1Nmcw3ocBewGVGXf0Q","北海道 函館市 西桔梗町 848-11","3"
"ソユーゲームフィールド旭川駅前","tCZEbuhu-jhGRhKMXYGniA","北海道 旭川市 宮下通 7-2-5　イオンモール旭川駅前4F","3"
"ラウンドワンスタジアム旭川","_xdOEjTFE2umwHG2jRUxhw","北海道 旭川市 永山三条 1-4-7","3"
"ファンタジープラザ西帯広","sH1_zQqeUIZC3pr5TfcKrA","北海道 帯広市 西二十一条南 4-1　MEGAドン・キホーテ西帯広店2F","3"
"キャッツアイ苫小牧駅前","0IK3bKfL2v_auvhqGFwS0g","北海道 苫小牧市 木場町 1-3","3"
"GiGO BOWLイオンモール苫小牧","tKjDckUbqUKtpf7znHkQ3A","北海道 苫小牧市 柳町 3-1-20　イオンモール苫小牧2F","3"
"タイトーFステーションイオン千歳","AMNtOglmeRK3lKVqzUzDgQ","北海道 千歳市 栄町 6-51　イオン千歳店2F","3"
"モーリーファンタジー札幌桑園","1gIHyDy2u1bYWbcz9BmF3w","北海道 札幌市中央区 北八条西 14-28　イオン札幌桑園SC　イオン札幌桑園店2F","2"
"タイトーステーション札幌狸小路2丁目","tgNdKGtqlA5hY25gmz9oNQ","北海道 札幌市中央区 南三条 西2-14　ニコービル","2"
"モーリーファンタジー札幌麻生","u6fIp7VCdnAbl5uhSOj1Kw","北海道 札幌市北区 北三十九条西 4-1-5　イオン札幌麻生店4F","2"
"GiGO 札幌駅西口","H57iUkDJXydOoqQFnN4QYQ","北海道 札幌市北区 北六条西 6　JR高架下","2"
"グルグルイトーヨーカドー屯田","0PNuRwWzxFSDbmZvwbmr3g","北海道 札幌市北区 屯田八条 3-5-1　イトーヨーカドー屯田店2F","2"
"げーむぱーくぎゃらくしー西友厚別","2j3MgbwKz51GWLQaVc-fnA","北海道 札幌市厚別区 厚別西四条 6-700-126　西友厚別店2F","2"
"モーリーファンタジー手稲山口","5Bj45h9DGzkcrbnEsUUjeA","北海道 札幌市手稲区 明日風 6-1-1　イオン札幌手稲山口SC　イオンスーパーセンター手稲山口店1F","2"
"キャッツアイ宮の沢","oEw6stYrCEqfRdwtKPiNPg","北海道 札幌市手稲区 西宮の沢五条 2-11-15","2"
"モーリーファンタジー札幌元町","PUMB3G1XYdvUSxFptA3ppA","北海道 札幌市東区 北三十一条東 15-1-1　イオン札幌元町SC　イオン札幌元町店3F","2"
"アドアーズ札幌北42条","WPMRbdk-NXkwkyFw5mLNsw","北海道 札幌市東区 北四十二条東 7-1-1　ドン・キホーテ北42条店2F","2"
"ソユーゲームフィールド札幌苗穂","1iCoQV6-n2TD_HyVDOmkkA","北海道 札幌市東区 東苗穂二条 3-1-1　イオンモール札幌苗穂2F","2"
"モーリーファンタジー札幌苗穂","hiG_wOtM4zZcCw-A-b_feA","北海道 札幌市東区 東苗穂二条 3-1-1　イオンモール札幌苗穂　イオン札幌苗穂店2F","2"
"キャッツアイ東苗穂","DepRnL1pBoinmWvKZ52Ivw","北海道 札幌市東区 東苗穂六条 2-1-25","2"
"モーリーファンタジー札幌平岡","EAdQ6GLfZn4RRB0neSOgHg","北海道 札幌市清田区 平岡三条 5-3-1　イオンモール札幌平岡　イオン札幌平岡店2F","2"
"VEGAGIO美しが丘","x4zd4iNFiYtGufkwK_Y8qg","北海道 札幌市清田区 美しが丘一条 7-6-10　ベガロポリス美しが丘店内","2"
"ソユーゲームフィールド札幌発寒","JT1UcxNgiLhYs1rNSY5KJA","北海道 札幌市西区 発寒八条 12-1-1　イオンモール札幌発寒3F","2"
"モーリーファンタジー札幌発寒","hQSODrCd6f1SH496i2mpHw","北海道 札幌市西区 発寒八条 12-1-1　イオンモール札幌発寒　イオン札幌発寒店3F","2"
"GiGO 函館昭和","eJHc_rJWlr9M1BUhwTbYNQ","北海道 函館市 昭和 3-24-18　ゲオ函館昭和店内","2"
"GiGO MEGAドン・キホーテ函館","473dC8ymKQ8y6X3Z-PitvA","北海道 函館市 美原 1-7-1　MEGAドン・キホーテ函館店2F","2"
"ソユーゲームフィールド旭川西","0hkAd4HizdjwIY6zdrUbxA","北海道 旭川市 緑町 23-2161-3　イオンモール旭川西3F","2"
"MEGAGET室蘭","BgY_GS2c9t7eqkjL14dthQ","北海道 室蘭市 中島本町 2-8-1","2"
"タイトーステーションイオンモール釧路昭和","1ZuXl9mnGyIyzaesFQfpCw","北海道 釧路市 昭和中央 4-18-1　イオンモール釧路昭和2F","2"
"GiGO ドリームタウン白樺","9ywxD-5JxPNbA3XlsZFoLA","北海道 帯広市 白樺十六条西 2　ドリームタウン白樺内","2"
"わいわいランド帯広","vEFEYEANuNXhHb-_D7t1NQ","北海道 帯広市 稲田町南8線西 10-1　イトーヨーカドー帯広店2F","2"
"GiGO 帯広稲田","g5K6N5O-KFCmrfgORVlYFg","北海道 帯広市 稲田町南8線西 12-1　帯広スズランボウル内","2"
"キッズパーク イオン帯広","ySUFMMMZ1mp8_SI7x8wktw","北海道 帯広市 西四条南 20-1　イオン帯広店2F","2"
"アミューズメントシティ東武イーストモール","7v0_mukH6iu5dvFyXCniyw","北海道 北見市 端野町三区 572-1　東武イーストモール内","2"
"GiGO 北見","PoWlJgBqNwCsLsuArkaLgQ","北海道 北見市 西三輪 5-1-16","2"
"モーリーファンタジー苫小牧","hNCVw2GOJbZ2bni2ioqSZg","北海道 苫小牧市 柳町 3-1-20　イオンモール苫小牧　イオン苫小牧店2F","2"
"PALO江別","zC3E_CJ4gvSiVGUoho_SGQ","北海道 江別市 幸町 35　イオン江別店3F","2"
"モーリーファンタジー三笠","1T7wMBSu1qNqf6w7XWPrDQ","北海道 三笠市 岡山 1059-1　イオン三笠SC　イオンスーパーセンター三笠店1F","2"
"アピナ新千歳空港","nGun1ihx4D2Lg3fD6AU76A","北海道 千歳市 美々 1　新千歳空港（国内線）旅客ターミナルビル4F","2"
"PALO滝川","d2lug0A77FloiI4cig6k1g","北海道 滝川市 東町 2-29-1　イオン滝川店1F","2"
"モーリーファンタジー登別","k_ixb5_0hJVRfQQPFRbRtQ","北海道 登別市 若山町 4-33-1　イオン登別店2F","2"
"キャッツアイ恵庭","FA3p5k7wZGjc5QDJ64GzGA","北海道 恵庭市 住吉町 2-9-1","2"
"アドアーズインターヴィレッジ大曲","Odx4U5nUlmJSXNS4YALpnw","北海道 北広島市 大曲幸町 6-1　インターヴィレッジ大曲2F","2"
"モーリーファンタジー上磯","r_mXJiFfetObfc3OUUnt-w","北海道 北斗市 七重浜 4-44-1　イオン上磯店1F","2"
"MEGAGET釧路","zbKLO5Bsgnt-KiSlDXD3vw","北海道 釧路郡釧路町 木場 2-1","2"
"MEGAGET釧路","zbKLO5Bsgnt-KiSlDXD3vw","北海道 釧路郡釧路町 木場 2-1","2"
"モーリーファンタジー中標津","G2FCfZX_8C1oY1vjXjXHag","北海道 標津郡中標津町 南町 3-10　東武サウスヒルズ1F","2"
"GiGO BOWLノルベサ","qx8FLcTnJqdWVG6vsRna0w","北海道 札幌市中央区 南三条西 5-1-1　ノルベサ6F","1"
"GiGO ココノススキノ","AsIcBXCG9dPloV9v4qL43w","北海道 札幌市中央区 南四条西 4-1-1　COCONO SUSUKINO 3F","1"
"アミューズメントスペースジョイランド定山渓ビューホテル","tLb9BMabXEvB3gD0lAQ_DA","北海道 札幌市南区 定山渓温泉東 2　定山渓ビューホテル内","1"
"トム・ソーヤのなかまたち。札幌藻岩","qgfyS_q8NfwWfDqu6DfsXg","北海道 札幌市南区 川沿二条 2-1-1　イオン札幌藻岩店2F","1"
"モーリーファンタジー新さっぽろ","90yK5_GlyQkmVCUDCUeFyA","北海道 札幌市厚別区 厚別中央二条 5-6-2　新さっぽろアークシティdUo2　2F","1"
"ていね温泉ほのか","0qY4WMzkzA7tSR_47F1Dmg","北海道 札幌市手稲区 富丘二条 3-2-1　ゲームコーナー","1"
"ラッキー星置駅前","G2T4iHDQAgReXR49tvVr3Q","北海道 札幌市手稲区 星置一条 2-1-1　ラッキー星置駅前店内ゲームコーナー1F","1"
"タイトーステーションイオンモール札幌平岡","8gsGDvCyXNETblceXPBXFQ","北海道 札幌市清田区 平岡三条 5-3-1　イオンモール札幌平岡2F","1"
"湯の郷 絢ほのか","-K3XsLR7Lt3Ui_G8E1lElQ","北海道 札幌市清田区 清田二条 3-2-26　ゲームコーナー","1"
"モーリーファンタジー東札幌","GML6YZF0fCYd_W75x8pKBg","北海道 札幌市白石区 東札幌三条 2-1　イオン東札幌2F","1"
"キャッツアイ栄通","pOwKF8yvhuESOvB5hHligA","北海道 札幌市白石区 栄通 19-11-43","1"
"わいわいランド琴似","1iW-Nfh-VriT-CO27uXRnA","北海道 札幌市西区 琴似二条 1-4-1　イトーヨーカドー琴似店3F","1"
"モーリーファンタジー札幌琴似","iM1-ACwjFq7cKUpONQBh2g","北海道 札幌市西区 琴似二条 4-2-2　イオン札幌琴似店3F","1"
"キャッツアイミュンヘン大橋","Gu67ZztLh0pzGnsSk7Uzbw","北海道 札幌市豊平区 平岸一条 23-801-1","1"
"Bee-Qシーナシーナ福住","shqIVvmoZ0stu3TeUefbrQ","北海道 札幌市豊平区 福住二条 1-2-5　CiiNACiiNA福住3F","1"
"イオン札幌西岡","oqZtAnO4bXeEP4HTrheCZQ","北海道 札幌市豊平区 西岡三条 3-4-1　イオン札幌西岡店2Fゲームコーナー","1"
"コープさっぽろ湯川店ファミリーランド","50XxI1sH6kHnKK-2R61vPQ","北海道 函館市 湯川町 1-34-15　コープさっぽろ湯川店2F","1"
"モーリーファンタジー湯川","1DRoMetfv7pKEqFijodX7A","北海道 函館市 湯川町 3-14-5　イオン湯川店1・2F","1"
"ピーターパンと仲間たち函館","7szZR3gNGKg-8KmMrggtCQ","北海道 函館市 美原 1-3-1　グランディールイチイ1F","1"
"あそびパークウイングベイ小樽","UzAXGJZYgE2DYmSZbMC2ww","北海道 小樽市 築港 11-1　ウイングベイ小樽1番街3F","1"
"モーリーファンタジー旭川パルプ","sGok0_OoniIWfLd6LtZz_Q","北海道 旭川市 パルプ町一条 2-505-2　SCパルプタウン1F","1"
"GiGO メガセンタートライアル旭川","rpTbWGpoXg6PUBtE-SOJJg","北海道 旭川市 六条通 14-64　メガセンタートライアル旭川2F","1"
"アミューズメントスペース遊ランド春光","Xaqa-MmVS9DlDnuG3vkdbw","北海道 旭川市 春光一条 7-2-25　第2ダイワビル2F","1"
"ファンタジープラザ旭川","sl0_cPAYkWFX0q7KUSIghw","北海道 旭川市 春光一条 8-1-65　MEGAドン・キホーテ旭川店2F","1"
"ゲームフィールド旭川春光","TJTXLOLC-p1O6IbnBWn2qQ","北海道 旭川市 春光町 10　イオン旭川春光SC内","1"
"タイトーFステーションイオン旭川永山","sQ23isrN5GQe-Hpyhfp5ww","北海道 旭川市 永山三条 12-2-11　イオン旭川永山店3F","1"
"アミューズメントスペース遊ランド西御料","ZAWsW9j8yFJi-GcK1w2TqA","北海道 旭川市 西御料五条 2-1","1"
"アミューズメントランドイオン室蘭","sYRhy6ZF39e1YoONfDqhqQ","北海道 室蘭市 東町 2-4-32　イオン室蘭店2F","1"
"GiGO 室蘭","gDYKpI2gGP0j70rp_0ypyw","北海道 室蘭市 東町 4-31-3","1"
"モーリーファンタジー釧路昭和","G6lF8aysB15luz2o2voOxw","北海道 釧路市 昭和中央 4-18-1　イオンモール釧路昭和　イオン釧路昭和店2F","1"
"ハロータイトー釧路貝塚","L6sYfMc328uZvLls0U3d-g","北海道 釧路市 貝塚 3-2-28","1"
"ちびっこ遊園地ジョイランドイオン北見","XdQrw6tjk-zbRY08Jw3lGA","北海道 北見市 北進町 1-1-1　イオン北見店3F","1"
"キッズパーク イオン岩見沢","yfX29Jj6jz-JUQTcXdLTxw","北海道 岩見沢市 大和四条 8-1　イオン岩見沢店2F","1"
"PALO網走","W4VJI8VT1y0zwbZLamqTOw","北海道 網走市 駒場北 5-83　駒場ショッピングタウン内","1"
"ゲオ留萌","hqAIkZEqXSGAszGlGiuuNg","北海道 留萌市 花園町 4-8-5","1"
"ファンタジープラザ苫小牧","QoaC7jh9aioYJJDBakOclA","北海道 苫小牧市 木場町 1-6-1　MEGAドン・キホーテ苫小牧店3F","1"
"こどものくに稚内西條","-XbWtliVNfQ8G_U9G32VuQ","北海道 稚内市 大黒 4-7-1　稚内西條店内","1"
"アミューズメントスペース遊ランド稚内","kI8lAziyvWuHSU42ftYEzg","北海道 稚内市 港 5-8-15","1"
"キッズパーク イオン紋別","_6kF7M6lM8xbyBdXP4-jOg","北海道 紋別市 花園町 3-4-39　イオン紋別店2F","1"
"アミューズメントスペース遊ランド士別","kXYrkKuPk7II_dh5GOnjvQ","北海道 士別市 大通東 8","1"
"モーリーファンタジー名寄","5mJvoptav_4AcpEC9K-NVQ","北海道 名寄市 徳田 80-1　イオン名寄SC2F","1"
"アミューズメントランドイオン根室","rlzJfIzYletB7sbOQ8rErg","北海道 根室市 常盤町 3-9　イオン根室店2F","1"
"タイトーステーション千歳","aV_F6ZW9Z0vAShh_EQVTBA","北海道 千歳市 北栄 2-12-5","1"
"遊ランド富良野","gzz2qFKkzYllWlMculSDtw","北海道 富良野市 弥生町 5-50","1"
"アミューズメントスペースGAME PLAZA第一滝本館","zxHqbVvk8Ygbmzh-E64dPg","北海道 登別市 登別温泉町 55　第一滝本館内","1"
"緑の風リゾート きたゆざわ","yxC0FM_aFoECNIyZo8F27w","北海道 伊達市 大滝区北湯沢温泉町 300-2　緑の風リゾートきたゆざわゲームコーナー","1"
"ちびっこ遊園地ジョイランドイオン伊達","otTmdK9ixlf-BQGW_AFQvw","北海道 伊達市 末永町 8-1　イオン伊達店2F","1"
"モーリーファンタジー石狩緑苑台","2Krk3WJgMA9uAF9AoFx01w","北海道 石狩市 緑苑台中央 1-2　イオン石狩緑苑台SC　イオンスーパーセンター石狩緑苑台店1F","1"
"GiGO スーパーセンタートライアル上磯","4Uqs3j4uogmlRGeEVEjwaQ","北海道 北斗市 七重浜 7-14-1　スーパーセンタートライアル上磯店1F","1"
"ちびっこ遊園地ジョイランドイオン余市","aW-OvKVSYr35T8eku3NfTQ","北海道 余市郡余市町 黒川町 12-62-1　イオン余市店2F","1"
"キャッツアイ静内","MevGitmulqDv-HcOi70XOg","北海道 日高郡新ひだか町 静内木場町 2-1-41","1"
"アミューズメントスペースジョイランド洞爺サンパレス","ZbU8oG0j3BQWYbzbPM86Gw","北海道 有珠郡壮瞥町 洞爺湖温泉 7-1　洞爺サンパレス内","1"
"キャッツアイ静内","MevGitmulqDv-HcOi70XOg","北海道 日高郡新ひだか町 静内木場町 2-1-41","1"
"ルスツリゾートゲームワールド","muQthoNOHeOkMZeN91gCyQ","北海道 虻田郡留寿都村 字泉川 13","1"
"ユーズランド下田","mSS8_YA6PY90rt4wxxebBg","青森県 上北郡おいらせ町 中野平 40-1　イオンモール下田1F","7"
"ラウンドワン青森","L89y1qRIN153St-aNZj91w","青森県 青森市 浜田 3-1-1","4"
"タイトーステーション青森ガーラタウン","EXoxy7nx3y4WI_hTV-CfBA","青森県 青森市 三好 2-3-19","2"
"ラ・セラキッズ","AtDm1DZELH8HO8lQKSfXHQ","青森県 青森市 八重田 4-2-1　ラ・セラ東バイパスSC内","2"
"ソユーゲームフィールド青森","ymr_FoT-qF2LR3v6Rvt9ew","青森県 青森市 浜田 1-14-1　CiiNA CiiNA青森2F","2"
"タイトーステーション青森アムゼ","7MKOMN45IrUMRgcHfxT3_Q","青森県 青森市 緑 3-9-2　サンロード青森アムゼ内","2"
"ソユースペースファンタジーインフィニ","3nUxecHCAT-i7SPYI6gJ9g","青森県 弘前市 城東北 3-10-1　さくら野百貨店弘前店4F","2"
"ファミリーランド弘前","UokRUyfWMK-RviuHuXu_gQ","青森県 弘前市 駅前 3-2-1　CiiNA CiiNA弘前4F","2"
"HapipiLandヒロロ弘前","ZsIWo7xExLMjyv1PR4HWGQ","青森県 弘前市 駅前町 9-20　ヒロロ4F","2"
"タイトーFステーション八戸","a5NyLtmiGQRrZS4uLih95w","青森県 八戸市 三日町 27","2"
"GiGO 八戸","LsjVp1XmDlMMuCVWwwiJqg","青森県 八戸市 城下 4-25-14","2"
"ファンタジードーム八戸","sVAO7nDuDoMC-BRESBAxww","青森県 八戸市 江陽 2-14-1　ラピア別棟","2"
"ゆりの木ボウル","djJHTw7Q6c6Qi57mB4Negw","青森県 八戸市 鷹匠小路 10-3　ゆりの木ボウル内ゲームコーナー","2"
"namcoエルムの街ショッピングセンター","-2WNnG7XXk0xt4TebW3v-A","青森県 五所川原市 唐笠柳字藤巻 517-1　エルムの街SC　C棟2F","2"
"モーリーファンタジー十和田","iMmzbGv7_k8POx_J8sMuyw","青森県 十和田市 大字相坂字六日町山 166-1　イオン十和田SC　イオンスーパーセンター十和田店1F","2"
"イーグルボウル","fhpSUKODaPHClmNPGdOHiA","青森県 十和田市 東四番町 3-39","2"
"PALOむつ","PurJpYxrN9yfeLBBfPADXA","青森県 むつ市 中央 2-7-8　1F","2"
"モーリーファンタジーつがる柏","GHLC5YQFTZnXJi2l0zZ0oQ","青森県 つがる市 柏稲盛 幾世41　イオンモールつがる柏1F","2"
"モーリーファンタジー下田","PsRSzvosRWnoTNDwER3gPA","青森県 上北郡おいらせ町 中野平 40-1　イオンモール下田　イオン下田店2F","2"
"ゲオ青森浜館","QGTJE77TpmtRipSV9GK9Lg","青森県 青森市 浜館 3-3-18","1"
"GiGO 弘前","RsTCh9SA27jtPqZPPn9l6g","青森県 弘前市 末広 1-3-3","1"
"ゲームフィールド弘前樋の口","uDyNrqGhIHHWQiZtdxbcAQ","青森県 弘前市 樋の口 2-9-6　イオンタウン弘前樋の口1F","1"
"ソユーゲームフィールド八戸","joVNChSPBBuG_mH5P-94qQ","青森県 八戸市 沼館 4-7-112　ピアドゥB棟2F","1"
"モーリーファンタジー八戸田向","YxAxGe3EELbtGvI01uJj8Q","青森県 八戸市 田向字毘沙門平 27-1　イオン八戸田向SC　イオン八戸田向店1F","1"
"PALO黒石","FPuQpDH2tKx2miHUAffGFg","青森県 黒石市 富士見 103-3　アクロスプラザ黒石内","1"
"マックスバリュ十和田南","lMNnjPtl8W2tGzTAFGobDw","青森県 十和田市 相坂 小林21","1"
"モーリーファンタジー三沢","eeGZhGM6ZmpHLeb_D_aT0w","青森県 三沢市 松園町 3-10-1　ビードルプラザ三沢SC1F","1"
"ゲオ三沢","MP9ZuC-05ULEO-_rl02cBw","青森県 三沢市 栄町 2-31","1"
"ハロータイトーむつ","nLk0daZRWahnR4npRIPJsg","青森県 むつ市 小川町 2-4-8　マエダ本店4F","1"
"ゲームランドつがる柏","Y5vRfIhq_cnJiO5cMj95pg","青森県 つがる市 柏稲盛幾世 41　イオンモールつがる柏本館2F","1"
"モーリーファンタジー平賀","fSRgiOpqXHHqH3Klh92R6Q","青森県 平川市 小和森上松岡 193-1　イオンタウン平賀　マックスバリュ平賀店1F","1"
"モーリーファンタジー藤崎","okowiSbnuKijOk6hW32V5w","青森県 南津軽郡藤崎町 西豊田 1-7-1　イオン藤崎店2F","1"
"モーリーファンタジー鶴田","9sV6nU1FZfI7yXVccQeb2Q","青森県 北津軽郡鶴田町 鶴田字中泉 245-1　スーパーストア鶴田フッドリバーモール1F","1"
"ハロータイトーイオン七戸十和田駅前","z_k61NiJ2mIlZ0KUrSBigA","青森県 上北郡七戸町 荒熊内 67-990　イオン七戸SC　イオン七戸十和田駅前店内","1"
"ショッピングモールリーブ","J-kQ0UT9FszQVitRPioNxg","青森県 上北郡六ヶ所村 大字尾駮 字野附1-68","1"
"ラウンドワンスタジアム盛岡","lhPjYxW30376WQgOUSimRQ","岩手県 盛岡市 盛岡駅西通 2-10-35","4"
"アミューズメントゾーン北上","-FabGdDnZd7_udefynEPjg","岩手県 北上市 本通り 2-2-1　さくら野百貨店北上店4F","3"
"タイトーステーション盛岡マッハランド","lK-ckkYYe3p0BG0rjoWIKw","岩手県 盛岡市 上堂 1-2-38","2"
"ゲームランド盛岡","-gFKvqzXYQxNGxrLiWqFgQ","岩手県 盛岡市 前潟 4-7-1　イオンモール盛岡2F","2"
"ソユーゲームフィールド盛岡南","-F8jxSRXQL9aFB-mRSXwLA","岩手県 盛岡市 本宮 7-1-1　イオンモール盛岡南2F","2"
"モーリーファンタジーイオン盛岡南","keYiMZmvMVkkgXcnR3Czxg","岩手県 盛岡市 本宮 7-1-1　イオンモール盛岡南　イオン盛岡南店3F","2"
"モーリーファンタジーサンサ盛岡南","nd41ebUMAzpaOfYNh1vfVA","岩手県 盛岡市 津志田西 2-17-50　盛岡南SCサンサ内","2"
"ソユーゲームフィールド江釣子","SHKHicqGxCSN584mnMuMiQ","岩手県 北上市 北鬼柳 19-74-3　江釣子SCパル　イオンシネマ館1F","2"
"GiGO 一関","UePFyRJCpWNBvKY75VhU7Q","岩手県 一関市 山目字中野 92-1","2"
"モーリーファンタジースーパーセンター一関","-Iz0AryYjPkYaKY6ZDm_hw","岩手県 一関市 狐禅寺 字石ノ瀬11-1　イオンスーパーセンター一関店1F","2"
"ソユーゲームフィールド釜石","-5JbKSsfwK-jpbgonWFYOw","岩手県 釜石市 港町 2-51-41　イオンタウン釜石3F","2"
"ニコアプレイランド","fYYKP-_trl-Egzmcr_4SOg","岩手県 二戸市 米沢 字荒谷25　二戸SCニコア内","2"
"モーリーファンタジー盛岡","8xGeetwBhdUCN6oLGd3-KA","岩手県 盛岡市 前潟 4-7-1　イオンモール盛岡　イオン盛岡店2F","1"
"ゲームシアターサンシャイン","gcMGf2nzDfuCGlrf-VVH0g","岩手県 盛岡市 大通 2-7-21　ソレントビル1・2F","1"
"タイトーFステーション盛岡南","qJChK7LLBnEYwhJNoOKizg","岩手県 盛岡市 津志田町 2-1-77","1"
"モーリーファンタジー盛岡渋民","2Y1UHx5P9Oh49h5qGfjBFg","岩手県 盛岡市 玉山区渋民 字鶴飼20-1　イオン盛岡渋民SC　イオンスーパーセンター盛岡渋民店1F","1"
"ファミリーらんどDORA宮古","Hj1dcu04bdg2rW0lS5cU3Q","岩手県 宮古市 小山田 2-2-1　マリンコープDORA2F","1"
"さんさんらんど大船渡","pMPei8KdYsvyi7yOuYj_hA","岩手県 大船渡市 盛町字町 10-11　(協)南三陸SCサン・リア1F","1"
"ゲオ大船渡","gCVr1AZaeARz58nDKaH9RA","岩手県 大船渡市 立根町 字桑原28-2","1"
"ファミリーランド花巻","bkGCN-zrfaMf_5yB47eUKA","岩手県 花巻市 下小舟渡 118-1　CiiNA CiiNA花巻2F","1"
"ソユーファミリーゲームフィールド花巻","6ODpT1TwiAON5B7x5OMWOA","岩手県 花巻市 高木 第16地割68-6　銀河モール花巻1F","1"
"TSUTAYA久慈","SNZEH-RY-Kg982a0rBsiMA","岩手県 久慈市 川崎町 11-22","1"
"PALO久慈","11iFvkYszXcMpKa_Dj_orw","岩手県 久慈市 長内町 第30地割32-2　久慈SC1F","1"
"モーリーファンタジー遠野","DbeHYvUztQCIXncfIMspfQ","岩手県 遠野市 新穀町 1-11　遠野SCとぴあ2F","1"
"モーリーファンタジー一関","KrlDpjRKE41tO9CzDs96Wg","岩手県 一関市 山目 字泥田89-1　イオン一関店2F","1"
"モーリーファンタジー前沢","kawHQPtoZwRw6OvR9BNYnw","岩手県 奥州市 前沢区 字向田2-85　イオン前沢SC　イオン前沢店2F","1"
"キッズパーク","tiqy7YcBblh2F1C9hj2SLw","岩手県 奥州市 水沢区佐倉河字東沖ノ目 123　岩手生協コープAterui2F","1"
"GiGO 水沢","PuQ-PUHcChffynbuiZFi7g","岩手県 奥州市 水沢区佐倉河字鐙田 4-1","1"
"アミューズメントパークアルコ","bzrizmk8rrv8LBLBGtUwzQ","岩手県 紫波郡矢巾町 南矢幅 7-425-3　ショッピングモールアルコ内","1"
"キッズランド紫波","G5j7unZoQQXJJQlyCLU1Kg","岩手県 紫波郡紫波町 桜町 1-12-1　ショッピングセンターNACS","1"
"ゲームランドプレーゴ金ヶ崎","RBMaLp4oaYnv5OyKJqL0Sw","岩手県 胆沢郡金ケ崎町 三ケ尻荒巻 165　イオンスーパーセンター金ヶ崎店内","1"
"山田レジャーセンター","sSw0hC0OSY8E_6zRdSU4JQ","岩手県 下閉伊郡山田町 川向町 5-11　白土ビル1F","1"
"namcoBiVi仙台駅東口","FhJoeWB0Le_S43yZuEddBw","宮城県 仙台市宮城野区 榴岡 2-1-25　BiVi仙台駅東口内","8"
"アピナ新利府北館","RtY5DxULSbdh0mCBeQZPuQ","宮城県 宮城郡利府町 利府 字新屋田前22　イオンモール新利府北館2F","8"
"ラウンドワンスタジアム仙台泉","kBbi5fNOJWustml2IJt1lw","宮城県 仙台市泉区 大沢 2-12-4　仙台泉インターシティ1・2F","4"
"バンダイナムコ Cross Store 仙台","3dn0Ct6NxaCQZbw_IMKXWQ","宮城県 名取市 杜せきのした 5-3-1　イオンモール名取3F","4"
"namcoイオンモール新利府南館","iERsbFqunQPvmX2B_haeGQ","宮城県 宮城郡利府町 新中道 3-1-1　イオンモール利府南館3F","4"
"ラウンドワン仙台苦竹","PRRyoyf1GVSclhb6DNed7A","宮城県 仙台市宮城野区 苦竹 1-7-10","3"
"GiGO イオン仙台中山","rI7ymjTOFiPfPZtjZO_c9Q","宮城県 仙台市泉区 南中山 1-35-57　イオン仙台中山SC　イオン仙台中山店別館3F","3"
"GAME BANK 泉","PxXWTR6SVhQUo1Cujad0lw","宮城県 仙台市泉区 大沢 2-5-4","3"
"GiGO 仙台一番町","rmYNsVg3O8LwrlVd4gPumQ","宮城県 仙台市青葉区 一番町 4-5-13　サンシャインビル1F","3"
"タイトーステーション仙台ベガロポリス","J7nZ7JnGWXOxvZ_PDQYDAQ","宮城県 仙台市太白区 西多賀 5-24-1　ベガロポリス内","2"
"モーリーファンタジー鈎取","LlaKGmW8r3fqCGhk4dC4dg","宮城県 仙台市太白区 鈎取本町 1-21-1　イオンスーパーセンター鈎取店1F","2"
"ゲームフィールド仙台長町","EkjeQb4Z4mcmE0b7pHT2pw","宮城県 仙台市太白区 長町 7-20-3　ザ・モール仙台長町3F","2"
"モーリーファンタジーヨドバシ仙台","A-rojugFcz50zzaVSbizQg","宮城県 仙台市宮城野区 榴岡 1ｰ3−1　ヨドバシ仙台第1ビル5F","2"
"モーリーファンタジー仙台中山","HSZu1UQUgrwba9P1YtYhLA","宮城県 仙台市泉区 南中山 1-35-40　イオン仙台中山SC　イオン仙台中山店3F","2"
"GiGO 泉中央ショッピングプラザセルバ","A_bBKR0nm5VkBDQEtum_cg","宮城県 仙台市泉区 泉中央 1-4-1　泉ショッピングプラザ・セルバ5F","2"
"ゲームコーナー東部","37uxHObyaKaWrP4st9eivg","宮城県 仙台市若林区 六丁の目中町 26-60　斎喜東部ビル","2"
"モーリーファンタジー仙台卸町","VyrOA4mzIh3MEvB84SAtsw","宮城県 仙台市若林区 卸町 1-1　イオンスタイル仙台卸町3F","2"
"タイトーステーション仙台名掛丁","_3y6xX8FjWi2uiCPrpc4UQ","宮城県 仙台市青葉区 中央 1-7-13","2"
"タイトーステーション仙台クリスロード","SlSXiCxBcPyvExFshZ3vPA","宮城県 仙台市青葉区 中央 2-3-25","2"
"GiGO 仙台","08rsOjm3vjm8e677jwwdXg","宮城県 仙台市青葉区 中央 2-5-5","2"
"ゲームフィールド仙台上杉","Lv8eJjRhX3YTUUXFBinu7A","宮城県 仙台市青葉区 堤通雨宮町 1-1　イオンモール仙台上杉3F","2"
"GiGO 石巻","uDeX5CptmdigD5XBXEBUNw","宮城県 石巻市 大街道東 4-1-45","2"
"プラサカプコン石巻","ezX2oakgeQdZJIM0bpC5Gg","宮城県 石巻市 茜平 4-104　イオンモール石巻2F","2"
"モーリーファンタジー石巻","zfXisTg5WBcxLdmQWN1oIg","宮城県 石巻市 茜平 4-104　イオンモール石巻　イオン石巻店2F","2"
"モーリーファンタジー気仙沼","5BfiUqJbJ2GboFbDRObpEA","宮城県 気仙沼市 赤岩舘下 6-1外　イオン気仙沼店2F","2"
"モーリーファンタジー新名取","b-yG3F5r82mz9tgprl2IyA","宮城県 名取市 杜せきのした 5-3-1　イオンモール名取　イオン新名取店3F","2"
"アミューズパーク名取りんくう","mueatcL-BUdhsq3yWoU7fA","宮城県 名取市 美田園 6-24","2"
"モーリーファンタジー多賀城","_EoX_CzSM53jfGa23eSNcg","宮城県 多賀城市 町前 4-1-1　イオン多賀城店3F","2"
"サープラ岩沼あそびタウン","kWS6mKK5mW0I8xfIJkV5dg","宮城県 岩沼市 末広 1-2-11","2"
"ゲームランド佐沼","Emmn3DtAPqwczdqRp-gnhw","宮城県 登米市 南方町新島前 46-1　イオンタウン佐沼1F","2"
"モーリーファンタジー古川","JNLcqD6J36kl_O514Wsc6A","宮城県 大崎市 古川旭 2-2-1　イオン古川店2F","2"
"HapipiLand古川","6y9MtwGTCs4Q18wRK4GBkA","宮城県 大崎市 古川沢田 筒場浦15　ザ・ダイソーイオンタウン店2F","2"
"namcoイオンモール富谷","tyxGma-ytaXT-Vc4AGeL8A","宮城県 富谷市 大清水 1-33-1　イオンモール富谷2F","2"
"アピナ富谷","l6m17YF5aqClJ3uEdIQyjg","宮城県 富谷市 大清水 1-33-1　イオンモール富谷別棟109シネマズ富谷1F","2"
"GiGO 仙台利府","x8gZNPqPXE8NX_7tCukm_Q","宮城県 宮城郡利府町 加瀬字新前谷地 55-1　利府ペアガーデン内","2"
"テックライフセレクト仙台あすと長町","AWLCEpJOdCPBwkNX8mogIA","宮城県 仙台市太白区 あすと長町 3-1-29","1"
"ホテル瑞鳳","6iOUdnY7-I_jcHvG94aIyg","宮城県 仙台市太白区 秋保町湯元 字除26-1","1"
"アミューズパーク仙台港","P0BCvneTgguN1kiQApMpYg","宮城県 仙台市宮城野区 中野字田中 106","1"
"GiGO 仙台コロナワールド","Hyw4UpY1oPAH4YLdaQ3oqA","宮城県 仙台市宮城野区 福室字田中前一番 53-1　仙台コロナワールド内","1"
"crane2（クレクレ）鶴ケ谷","I7tkSPofYma3HjxzuChUdA","宮城県 仙台市宮城野区 鶴ケ谷 2-8-1　鶴ヶ谷SCアバイン1Fゲームコーナー","1"
"スイーツ・ハートイオンタウン仙台泉大沢","jdkqtr9InNZPkWmhJ3C8dw","宮城県 仙台市泉区 大沢 1-5-1　イオンタウン仙台泉大沢2F","1"
"PSP泉パークタウンタピオ","job1ynnid3ODBQvivuPqOQ","宮城県 仙台市泉区 寺岡 6-5-1　泉パークタウンタピオ2F","1"
"アミュージアムヨークタウン市名坂","4sMnR5FAAeBM7jhAQ64Z7g","宮城県 仙台市泉区 市名坂中道 100-9　ヨークタウン市名坂内","1"
"モーリーファンタジー石巻東","XHvRlLm5Y-0rreKEf2uofA","宮城県 石巻市 流留 字七勺1-1　イオン石巻東SC　イオンスーパーセンター石巻東店1F","1"
"スーパーセンタートライアル塩釜店内ゲームコーナー","g0oBkS6BayGCmALDjOioqA","宮城県 塩竈市 杉の入 3-3-1　スーパーセンタートライアル塩釜店内","1"
"モーリーファンタジー塩釜","bsxnq3oOV4GnpRPu60vqLQ","宮城県 塩竈市 海岸通 15-100　イオンタウン塩釜　ザ・ビッグ塩釜店2F","1"
"GiGO ホームセンタームサシ名取","jqvx0yjv6g0iGWh6pqMsAQ","宮城県 名取市 愛島塩手 字前野田48-10　ホームセンタームサシ名取店2F","1"
"キッズパークイオンタウン名取","VahOSZ76ZGDzg6AgL9R5lw","宮城県 名取市 飯野坂 3-5-10　イオンタウン名取内","1"
"GiGO 名取","3kKfDLlZgvHCqVD5MftddQ","宮城県 名取市 飯野坂字土城堀 57-1","1"
"アクアランド岩沼","1gntt1iFcikTwNmTGFnDFw","宮城県 岩沼市 梶橋 2-30　セラピ岩沼店内","1"
"ファミリーランド加賀野","TMXvWUuCMsRP5pE-C6QeHA","宮城県 登米市 中田町石森 字加賀野3-6-1　みやぎ生協加賀野店1F","1"
"GiGO 佐沼","twUak9PTUzz_lW6LqsggCQ","宮城県 登米市 迫町佐沼 字中江2-5-8","1"
"モーリーファンタジー栗原志波姫","Im6Xv3rgaFicg7IcdocDJg","宮城県 栗原市 志波姫新熊谷 11　イオン栗原志波姫SC　イオンスーパーセンター栗原志波姫店1F","1"
"ソユーゲームフィールド矢本","JJ5KFYMC0mYpUiInHc_0WA","宮城県 東松島市 小松 字上浮足43　イオンタウン矢本","1"
"ソユーゲームフィールド古川","XUsqBCYKjhdYSh0uJX49LQ","宮城県 大崎市 古川沢田 字筒場浦15　イオンタウン古川内","1"
"モーリーファンタジー富谷","uam6uvlBge7iNz0jyMIa4A","宮城県 富谷市 大清水 1-33-1　イオンモール富谷　イオン富谷店1F","1"
"ユーズランド大河原","tsiNU4QZ2WKuZci4VqlNYg","宮城県 柴田郡大河原町 小島 2-1　フォルテくらし館2F","1"
"アミューズメントパーク・サムワン","l6fRjzvqcnesxddHyyTgyQ","宮城県 柴田郡村田町 沼辺牡丹山 42-1","1"
"ピーターパンと仲間たち船岡","Dt1Vf0zTmDBPQ6qfbiaDww","宮城県 柴田郡柴田町 西船迫 2-1-15　イオン船岡店2F","1"
"COOP亘理","cEoFGluSv4B6P2akHbHYVQ","宮城県 亘理郡亘理町 逢隈高屋 字柴北100　COOP亘理店内ゲームコーナー","1"
"モーリーファンタジー利府","St84J_3j-YHin-Y9lQG1kg","宮城県 宮城郡利府町 新中道 3-1-1　イオンモール新利府　南館3F","1"
"モーリーファンタジー涌谷","MMUL6OC-zTJoppSUNSNrsg","宮城県 遠田郡涌谷町 涌谷 字洞ケ崎5　イオン涌谷SC　イオンスーパーセンター涌谷店1F","1"
"ラウンドワンスタジアム秋田","2YMiIO9zXSd_L8cojSRt1Q","秋田県 秋田市 卸町 1-1-2","3"
"ペニーポット秋田","B_VVuuHXe9Cjb3xwriv_SA","秋田県 秋田市 中通 2-8-1　フォンテAKITA4F","2"
"秋田OPAアミューズパーク","8bvPwzsrBaW-rq2wiZy28g","秋田県 秋田市 千秋久保田町 4-2　秋田OPA5F","2"
"ロックンボウル","QKAQDCZv04swvs8peJOnbw","秋田県 秋田市 広面字長沼 301","2"
"ソユーゲームフィールド御所野","IezrtwPDeAgwmWcMA5wFGg","秋田県 秋田市 御所野地蔵田 1-1-1　イオンモール秋田2F","2"
"モーリーファンタジー御所野","jD6GoTwjC8mn6esfCrxClg","秋田県 秋田市 御所野地蔵田 1-1-1　イオンモール秋田　イオンスタイル御所野3F","2"
"モーリーファンタジー秋田中央","bvaXFqcCWUtCU8jwG6NElg","秋田県 秋田市 楢山川口境 5-11　イオン秋田中央店3F","2"
"モーリーファンタジー大館","Oi9msh4TOSlaWcxEgdtB7A","秋田県 大館市 大田面 238　イオンスーパーセンター大館店1F","2"
"namcoイオンタウン大館西","P8LLLeafeRhshAgg_izneQ","秋田県 大館市 根下戸新町 18-121　イオンタウン大館西内","2"
"モーリーファンタジー本荘","tACyAToU-k3qpzKBtEQ9hQ","秋田県 由利本荘市 石脇 字田中138　イオン本荘SC　イオンスーパーセンター本荘店内","2"
"プラサカプコン大曲","yPk_gRySBqHY42yREc9D7w","秋田県 大仙市 和合字坪立 177　イオンモール大曲2F","2"
"ファンタジープラザ秋田","5GJWwazmpfx8e3xrU_sMGQ","秋田県 秋田市 旭北錦町 4-58　ドン・キホーテ秋田店2F","1"
"GiGO 秋田","1Bg55ON0US1P9e5Dzo9vkg","秋田県 秋田市 茨島 1-1-16","1"
"ソユープレイランドソピアいとくアクロス能代","DRgIfl_H3xfmxdjjXkifxg","秋田県 能代市 寺向 70　いとく能代SCショッピングタウンアクロス能代内","1"
"モーリーファンタジー能代","pFFQlZTFHcNQ4wPGyt6-Hw","秋田県 能代市 柳町 11-1　能代SC　イオン能代店3F","1"
"ソユーゲームフィールド能代","MFD-b5onzW8y5Tk0FuH9AQ","秋田県 能代市 鰄渕 字古屋布1　イオンタウン能代内","1"
"ゲームフィールド十文字","ZOAs0UVC3IKUwPS1-GOajA","秋田県 横手市 十文字町仁井田 字東22-1　スーパーモールラッキー内","1"
"モーリーファンタジー横手","EzIdaUcvvIZ5LmGsH25n3w","秋田県 横手市 安田 字向田147　イオン横手店2F","1"
"ソユーゲームフィールド大館","Ic30lPnclRY2GCatgoeLvw","秋田県 大館市 御成町 3-7-58　いとく大館SC3F","1"
"トム・ソーヤのなかまたち。湯沢","M5NkrWAUZ9aahkMrlSiIng","秋田県 湯沢市 字上荻生田 162　イオン湯沢SC　イオンスーパーセンター湯沢店内","1"
"ソユープレイランドソピア鹿角","jMKIdQyyWXd5xji4kmC7Yg","秋田県 鹿角市 花輪 字下夕町164-1　いとく鹿角SC内","1"
"モーリーファンタジー中仙","9_lprBNRwcKfUf7zJ1HU3g","秋田県 大仙市 北長野 字袴田188　イオン中仙SC　イオン中仙店1F","1"
"モーリーファンタジー大曲","qznVwjlkcY1v0mXQ4xZDeQ","秋田県 大仙市 和合字坪立 177　イオンモール大曲　イオン大曲店2F","1"
"トム・ソーヤのなかまたち。鷹巣","GCJVmc7fUsY0P1_isOEJfA","秋田県 北秋田市 栄 字中綱31-1　イオンタウンたかのす店1F","1"
"ゲームフィールド鷹巣","XSHlWAYa8-2NyqQftIJxFg","秋田県 北秋田市 栄 字前網76　いとく鷹巣SC内","1"
"トム・ソーヤのなかまたち。五城目","g_InAzxHdNv48kxPwff8AQ","秋田県 南秋田郡五城目町 大川西野 字田屋前138　イオンスーパーセンター五城目店内","1"
"あそビレッジ山形","HOtiim_bVM0MamF6KCwT3w","山形県 山形市 成沢西 5-3-27","2"
"namcoイオンモール山形南","Ail_P3tnktZnWsuwzxQCwQ","山形県 山形市 若宮 3-7-8　イオンモール山形南2F","2"
"モーリーファンタジー山形北","4FrWvxRC8Pm89hNRnQCQLw","山形県 山形市 馬見ケ崎 2-12-19　イオン山形北SC　イオン山形北店2F","2"
"モーリーファンタジー米沢","YBxckrGGngZ0ZoVhHLo79A","山形県 米沢市 春日 2-13-4　イオン米沢店2F","2"
"アピナ鶴岡","_Sc28ALbYjyCOS_Es0rhAQ","山形県 鶴岡市 文下字広野 1-1","2"
"アピナ鶴岡エスモール","eUu9uFjtkf9PrjvXjPHiRg","山形県 鶴岡市 錦町 2-21　S-MALL 2F","2"
"モーリーファンタジー酒田南","0xT0rA5ZIfwoQ5miKxyHbw","山形県 酒田市 あきほ町 120-1　イオン酒田南店1F","2"
"GiGO 天童","eLRczaz4eFICkYJN_-X0MA","山形県 天童市 南町 1-5-26","2"
"ソユーゲームフィールド天童","pWSsbXzhsAzjD5RrffKVzg","山形県 天童市 芳賀タウン北 4-1-1　イオンモール天童　モール棟2F","2"
"モーリーファンタジー東根","dEqqBFLfomVT2CHubydMug","山形県 東根市 さくらんぼ駅前 3-7-15　イオン新東根SC　イオン東根店2F","2"
"GiGO 北山形","H-7ZqsDg_8VUVJzRvDWAbA","山形県 山形市 北町 1-3-20","1"
"ゲームゾーントレジャー北町","dKzII_1p-DOP-qFbuX8MCQ","山形県 山形市 北町 2-2-45　山形ファミリーボウル内","1"
"スタジオプリモ山形","-OfPqYH4gkkuRGJY2qeibQ","山形県 山形市 城南町 1-1-1　霞城セントラル2F","1"
"パルケデアミーゴ！","p7nCw8BY8jmv04odkqKw1A","山形県 山形市 嶋北 1-3-1","1"
"わくわくランド北町","Ab2zwdruMKzPcpuWjXORJQ","山形県 山形市 桧町 4-4-21","1"
"モーリーファンタジー山形南","vnZuGrf1QfgF-wFITa9etw","山形県 山形市 若宮 3-7-8　イオンモール山形南　イオン山形南店2F","1"
"GiGO 米沢","IL1IMzpKIx4xHMC2DCOMvQ","山形県 米沢市 花沢字タナコ原 177","1"
"GiGO ヨークベニマル米沢","NwIe80WR3HLAjIwFigJb3g","山形県 米沢市 駅前 3-1-18　ヨークベニマル米沢店内","1"
"ソユーゲームフィールド酒田","foGrLXv9TZl9seBj2IptFg","山形県 酒田市 泉町 198　イオンタウン酒田内","1"
"わくわくランド新庄","Q1_oUzaJz-dkIEbVRqF3Xw","山形県 新庄市 金沢 字大道上2033-4　ヤマザワ新庄店内","1"
"GiGO 新庄","H8v-5cSPXQQd-C_X7oF7VA","山形県 新庄市 金沢沖 1068　ZEST新庄店内","1"
"フローラ・SAGAE","0_4BSaTCYZ08i0Byw5h0DQ","山形県 寒河江市 本町 2-8-3","1"
"モーリーファンタジー天童","4nW9k3xPCFRPW6oqrjJrVw","山形県 天童市 芳賀タウン北 4-1-1　イオンモール天童　イオン天童店2F","1"
"ファミリーらんどDORA南陽","9Qh-dmtgwWAqcp-z141wBg","山形県 南陽市 郡山 578　ヤマザワ南陽ショッピングプラザ内","1"
"GiGO マックスバリュ白鷹","sG6whOnyNvYDiM5sq75h7Q","山形県 西置賜郡白鷹町 荒砥乙 535-1　マックスバリュ白鷹店内","1"
"ソユーゲームフィールド三川","9Adq2RlOWFvLyn8Mj9OVmA","山形県 東田川郡三川町 猪子字和田庫 128-1　イオンモール三川1F","1"
"モーリーファンタジー三川","shLeVLv7_7CfDkmKx--WWA","山形県 東田川郡三川町 猪子字和田庫 128-1　イオンモール三川　イオン三川店2F","1"
"GiGO 庄内","VBO_20EJNJnke1Ynh6hHyw","山形県 東田川郡三川町 猪子字大堰端 326-6","1"
"ラウンドワンスタジアム郡山","c4Y1MwtcbRSVg2d7YBcv0w","福島県 郡山市 向河原町 4-55","4"
"namcoイオンタウン郡山","kssq9R-4FkV8sN1mDoESog","福島県 郡山市 松木町 2-88　イオンタウン郡山内","4"
"タイトーFステーション郡山アティ","AXfoSmK_0m9hl_3P20KbzA","福島県 郡山市 駅前 1-16-7　郡山アティ7F","4"
"ラウンドワンスタジアム福島","LDywsn277_5pZQOrdMB2Mw","福島県 福島市 太田町 14-18","3"
"サープラ福島あそびタウン","29nN1QIqh5jRUfLUgkd-9A","福島県 福島市 栄町 1-1　パワーシティピボット内","3"
"namco郡山西部プラザ","LerDsgV_zT09znfpLJPavw","福島県 郡山市 西ノ内 2-11-35　西部プラザ1F","3"
"タイトーFステーション郡山オリエントパーク","Y5fsE_KVXSsqmS737uyxJQ","福島県 郡山市 郡山市安積町荒井字大久保 35-1","3"
"モーリーファンタジー福島","GPK9CH9OBr_dc8KMiukUeg","福島県 福島市 南矢野目 字西荒田50-17　イオン福島店3F","2"
"アミューズパーク福島","UUBqONtJqZlRwiWPh9MzSA","福島県 福島市 黒岩 字堂ノ後78","2"
"GiGO 福島南","6i3ehAnuCJUABPy5MR3CYg","福島県 福島市 黒岩字中島 7-2","2"
"GiGO 会津若松","4lo469GtpMgNw8-Q2Odn4w","福島県 会津若松市 町北町上荒久田字宮下 142","2"
"アミューズパーク会津","moJspDHDq0qVGvsRFEUo9A","福島県 会津若松市 神指町南四合 字幕内南503-2","2"
"アミューズパーク郡山","EcmdX8G2X2byUZ1pDejU3w","福島県 郡山市 安積町日出山 2-80","2"
"GiGO 日和田","b5VJW7FjVufUMegXbku1cw","福島県 郡山市 日和田町字西中島 7-1","2"
"GiGO 勿来","F9_qUdYhDZ2Acd7ZGKEXFg","福島県 いわき市 勿来町四沢 字鍵田13","2"
"モーリーファンタジーいわき小名浜","TOHSIzHOPIOx2w_ob98OKg","福島県 いわき市 小名浜 字辰巳町79　イオンモールいわき小名浜　イオンスタイルいわき小名浜4F","2"
"ソユーゲームフィールド小名浜","UjlPMy6p6ro7OTXCHc4EUQ","福島県 いわき市 小名浜字辰巳町 79　イオンモールいわき小名浜3F","2"
"アミューズパークいわき","Wgf8j8JoqaWvp8mJzv5dig","福島県 いわき市 常磐関船町 宮下4-1","2"
"モーリーファンタジーいわき","XIHnYZhU7DCO9w-xlEzhtA","福島県 いわき市 平字三倉 68-1　イオンいわき店3F","2"
"GiGO いわきエブリア","DIcyUH-6egpNdOH257-5zw","福島県 いわき市 鹿島町米田字日渡 5　いわきエブリア2F","2"
"GiGO 白河","x2HwmmxrvyUI2qrh0vqriA","福島県 白河市 新高山 1-1　メガステージ白河内","2"
"ソユーエンターテイメントスタジオ須賀川","fziAI9CM4cCpovH-4bsHvw","福島県 須賀川市 古河 105　イオンタウン須賀川B棟内","2"
"モーリーファンタジー白河西郷","XmaHczrMZUc5ZpNoXigT8g","福島県 西白河郡西郷村 小田倉 字岩下11-1　イオン白河西郷店2F","2"
"ザ・ビッグ福島大森","tH5VM1EvhBtIwPcpNhIXiQ","福島県 福島市 大森 字城ノ内35-1　ザ・ビッグ福島大森店内ゲームコーナー","1"
"GiGO 福島","tkQH_JmxyWRaeE2kSiKTng","福島県 福島市 本内中井 1-2","1"
"HapipiLand福島","kyXo0sFf0ZQTgq8eKRC2ug","福島県 福島市 鎌田 船戸前14-1　ドン・キホーテ福島店内","1"
"スイーツファクトリーパックン会津若松","TGti_3jtoI4ZBErpfWwvew","福島県 会津若松市 神指町大字南四合 字幕内南154　アピタ会津若松店2F","1"
"ゲームスポットPado郡山","bsiV1CXiPWH1K5v4PrZp0Q","福島県 郡山市 松木町 2-88　イオンタウン郡山内","1"
"キッズパーク ザ・モール郡山","7Fyb2DOC5bIvPhuV8kQJKw","福島県 郡山市 長者 1-1-56　ザ・モール郡山2F","1"
"嶺宝スポーツセンター","5pBipzAfXEIsyOD1QlAhQQ","福島県 いわき市 小名浜住吉字折返 2-2","1"
"GiGO ヨークベニマルいわき泉","q05hJzphFtBRJWOw_o4vRQ","福島県 いわき市 泉町滝尻 3-12-26　ヨークベニマルいわき泉店内","1"
"モーリーファンタジーベイシア白河","1x7jHuiUAjbwrXsqfgMIWA","福島県 白河市 老久保 28　ベイシア白河モール1F","1"
"あそびのくにベイシア白河モール","Ks9NrVo6MeC3RFMhBY5f4Q","福島県 白河市 老久保 28　ベイシア白河モール店内","1"
"アミューズパーク須賀川","cElSOXX5C00UAOrBL35-1w","福島県 須賀川市 大黒町 150-1","1"
"PALO喜多方","mtDAklLFr_8sHRHdll1Guw","福島県 喜多方市 押切南 2-42-1　リオン・ドールガーデンスクエア喜多方西店1F","1"
"あそびのくにベイシア安達","03-O2kNApOmx0TldKZCDeA","福島県 二本松市 油井福岡 140","1"
"ビバサーカス船引","os1fKUpqU8IVUFGllYcQVw","福島県 田村市 船引町船引 字原田9　船引パーク店内","1"
"モーリーファンタジー南相馬","8b4WJbKW0ggd-kuCnbsx-g","福島県 南相馬市 原町区大木戸 金場77　イオンスーパーセンター南相馬店1F","1"
"SUPER CENTER PLANT-5 大玉","NytTtbBpDg8dX_WPj__q2Q","福島県 安達郡大玉村 大山 字仲江271","1"
"あひるのたまごヨークベニマル猪苗代","sb0V4aQ5oF-CfWkKvS_-Lw","福島県 耶麻郡猪苗代町 梨木西 92　ヨークベニマル猪苗代店内","1"
"ゲームスペースA-3","tLJt-tavBjx8KLsvVDItjw","福島県 西白河郡西郷村 豊作西 15-16-17","1"
"ユーズランド水戸内原","_g5tCiEcek4HvS-ihNY16Q","茨城県 水戸市 内原 2-1　イオンモール水戸内原2F","6"
"ゲームパニックつくば","XFQ_G4-d_K3a0Db8O1iZjg","茨城県 土浦市 中村東 1-1-1　サンタスワールド内","6"
"namco iiasつくば","j-GumtYAhLjBqLdQLmW4uw","茨城県 つくば市 研究学園 5-19　iiasつくば2F　2190","6"
"namcoイオンモールつくば","PoVhCicZ62AO-71Lc7SSQg","茨城県 つくば市 稲岡 66-1　イオンモールつくば3F","4"
"GiGO 水戸","wbKyBbhZD59HxXxkYtv_Qg","茨城県 水戸市 宮町 1-7-44　コムボックス310　3F","3"
"ジョイフル本田ニューポートひたちなかアミューズパーク","BXF9jlUuyKwdOcLX8urBtQ","茨城県 ひたちなか市 新光町 34-1　ジョイフル本田ニューポートひたちなか店内ゲームコーナー","3"
"アミューズビバ","Cz3v_rXOoVSa-g4KlBeUqw","茨城県 ひたちなか市 東大島 2-11-11","3"
"ファンタジープラザ上水戸","QTGxn-5rHnGnDxgrSwFfpg","茨城県 水戸市 上水戸 2-9-10　MEGAドン・キホーテ上水戸店2F","2"
"モーリーファンタジー水戸内原","xa0V9TVff8A2P3ZJAEK4-w","茨城県 水戸市 内原 2-1　イオンモール水戸内原　イオンスタイル水戸内原3F","2"
"GiGO 水戸南","rXgpDY6mBvjKVRnKMNDeJg","茨城県 水戸市 千波町 2017-1","2"
"ゲームメガ水戸けやき台","9XdXvZUDOxayyrQE9XdDsQ","茨城県 水戸市 酒門町 3276-1","2"
"GiGO ヒタチエ","jksWdWF9g-Je2PNYWdun0A","茨城県 日立市 幸町 1-16-1　ヒタチエ5F","2"
"ゲームメガ日立","K1ayfp5EoDzSrYuog3IIAQ","茨城県 日立市 東多賀町 5-10-10","2"
"楽市楽座イオンモール土浦","YmDok7_nwCAfbcpYkOIpaw","茨城県 土浦市 上高津 367　イオンモール土浦3F","2"
"モーリーファンタジー土浦","gM9tv_-XisjW-sS1-gwUKA","茨城県 土浦市 上高津 367　イオンモール土浦　イオン土浦店3F","2"
"ピンクパンサー土浦","JaUX-5pTmloYJdl7Yd6cAA","茨城県 土浦市 木田余 4585-3","2"
"GAME PADDOCK +1 古河本店","62bBOi7u402l3nF-bOVfCA","茨城県 古河市 小堤 1916-1","2"
"モーリーファンタジー古河","sGsxG8zTT7SISmcmjjqysQ","茨城県 古河市 旭町 1-2-17　イオン古河店2F","2"
"GiGO 石岡","fRUrzSGG9AfDGZHO4mjIOQ","茨城県 石岡市 東大橋中峯 1976-1","2"
"STAR LIKE BOWL","WcZ6Y9k1dYhbjF6njnPjqg","茨城県 龍ケ崎市 小柴 5-1-2　サプラスクエア2F","2"
"タイトーFステーションイオンモール下妻","LdNQhIlViPKq9UVQ0n5CYw","茨城県 下妻市 堀篭 972-1　イオンモール下妻2F","2"
"モーリーファンタジー下妻","gbgmUxABk_K2bFINRoq1xQ","茨城県 下妻市 堀篭 972-1　イオンモール下妻　イオン下妻店2F","2"
"ピンクパンサー下妻","vGQL5lljBuhfQ2Hh0SzFhw","茨城県 下妻市 小島 884-10","2"
"モーリーファンタジー高萩","t-WEkaN0nx_4VTH0XDeXCA","茨城県 高萩市 安良川 231-1　イオン高萩店2F","2"
"モーリーファンタジー笠間","wpnkzS0-qTRCJFXLSy1cHA","茨城県 笠間市 赤坂 8　笠間SCポレポレシティ　イオン笠間店2F","2"
"ゲームメガつくば","WcB6IFKDfNQ9yjrw-yDmmg","茨城県 つくば市 小野崎 177-2","2"
"モーリーファンタジーつくば","6cti6duG5G1RxU7PgrilHw","茨城県 つくば市 稲岡 66-1　イオンモールつくば　イオンつくば店3F","2"
"GiGO ひたちなか別館","AD-vAiaaPjood6cwovX3zQ","茨城県 ひたちなか市 田中後 40-2","2"
"GiGO ショッピングセンターチェリオ鹿嶋","pd1_A4jFs8qZQl09-KtrNg","茨城県 鹿嶋市 宮中 290-1　SCチェリオ1F","2"
"ソユートイズニューヨーク守谷","77Io6utltUhLvaV4W8RRPA","茨城県 守谷市 百合ケ丘 3-249-1　イオンタウン守谷2F","2"
"常陸大宮SCピサーロ内PLABIファミリーゆうえん","4NgzHLERfK1RbLfrJN14uw","茨城県 常陸大宮市 下村田 2387　常陸大宮SCピサーロ2F","2"
"アピナ下館","CeVSNJY_jWlK0ZkcyDx9ag","茨城県 筑西市 玉戸 1012-3","2"
"モーリーファンタジー佐原東","QF1_-d-VJG6_02tSguzTmw","茨城県 稲敷市 西代 1495　西代SCパルナ2F","2"
"タイトーステーション佐原東","Boi066yMI0mRmmSwZhc4GQ","茨城県 稲敷市 西代 1495　西代SCパルナ2F","2"
"GiGO 神栖","x7UM6O4U846Ela90n712GA","茨城県 神栖市 神栖 1-8-1","2"
"モーリーファンタジー東海","M-_PhmceVEAwTgV4UHZWOQ","茨城県 那珂郡東海村 舟石川 駅東4-1-1　イオン東海店2F","2"
"スタジオプリモマイム水戸","bbToLo77NgEAmfChwME2oA","茨城県 水戸市 宮町 1-2-4　マイムビル1F","1"
"GiGO 水戸オーパ","sYSOVTL5jR8BEl9kK-QKZA","茨城県 水戸市 宮町 1-7-33　水戸オーパ7F","1"
"GiGO SEA MARK SQUARE","_1pnZUC7qsnqhI2zfpqUPw","茨城県 日立市 東滑川町 5　SEA MARK SQUARE専門店棟1F","1"
"GiGO 日立","1IjXB4Zb0TGvPxp3ANdScg","茨城県 日立市 田尻町 3-26-1","1"
"FESTA古河","mBw6fC91BMnfGnn4PLdjZw","茨城県 古河市 松並 2-18-10　マーケットシティ古河内","1"
"ゲオ三和","3OEef_lK3z7yirUFApZVpA","茨城県 古河市 諸川 1224","1"
"ファミリーらんどDORA古河","0TJ7djU1J0cQ6x1iZci1XA","茨城県 古河市 雷電町 1-18　SCあかやまJOY1F","1"
"GiGO 龍ヶ崎","Lkc1Il7ZEcHYackoIXwwoQ","茨城県 龍ケ崎市 藤ケ丘 4-2-8","1"
"エスカード牛久","tFfbUf1V6Av-UZ3OoI6Fvg","茨城県 牛久市 牛久町 280　エスカード牛久1F","1"
"GiGO トナリエクレオつくば","zfq1tR3AZ7kmi3TWjyeQqA","茨城県 つくば市 吾妻 1-7-1　トナリエクレオ3F","1"
"スーパーセンタートライアルつくば学園都市","aif3qJ8ab048B1YuhI1j1Q","茨城県 つくば市 学園の森 3-12-6　スーパーセンタートライアルつくば学園都市店内ゲームコーナー","1"
"GiGO デイズタウンつくば","MnF0TU6vrloupk3B4aHxgw","茨城県 つくば市 竹園 1-9-2　デイズタウンつくば店B1F","1"
"勝田パークボウル","AhYuzq2MF70RRUEKcKOKEw","茨城県 ひたちなか市 田彦 1600　勝田パークボウル内ゲームコーナー","1"
"GiGO MEGAドン・キホーテ勝田","Jkv_RnfGgscl4QmStZBVeA","茨城県 ひたちなか市 石川町 1-1　MEGAドン・キホーテ勝田店2F","1"
"ファミリーガーデン守谷","LUaK-ewODWwDHDPY_nENMw","茨城県 守谷市 久保ケ丘 2-1-1　カスミ守谷テラス店1F","1"
"GiGO 江戸崎ショッピングセンターパンプ","CVPpPlVbhAjXVBNHxrS2iw","茨城県 稲敷市 江戸崎甲 4836　江戸崎SCパンプ1F","1"
"ベイシア玉造","FkHFp1jAXu8q8sK6Mu-utw","茨城県 行方市 玉造甲 642-1　ベイシア玉造店1Fゲームコーナー","1"
"スコナランド行方","I8rbznwxlqZgVacStFjipA","茨城県 行方市 麻生 3288-50　セイミヤモール麻生店1F","1"
"タイトーステーションイオンタウン水戸南","_0i3SBm8Z6dqxjAkfi7x9g","茨城県 東茨城郡茨城町 長岡 3480-101　イオンタウン水戸南内","1"
"ラウンドワンスタジアム宇都宮","MEoJUMhO2nzheEonB5tG9g","栃木県 宇都宮市 江曽島町 2072-1","4"
"タイトーステーション宇都宮ベルモール","ENvVOJTN8qF1QVKlfkNWvg","栃木県 宇都宮市 陽東 6-2-1　ベルモール宇都宮2F","4"
"GAME GET－Bee","1OPXCbGqxL9QVEM8c2fFpA","栃木県 小山市 城山町 3-3-22","4"
"アピナ小山駅前","CPmqPqxDXWZygY7CGW2k3w","栃木県 小山市 駅東通り 2-3-15　ジョイホン小山駅前店2F","4"
"INTER PARK +1 宇都宮","UTPef_LlHWCAFOVSx28fIg","栃木県 宇都宮市 インターパーク 6-5-1","3"
"コジマ×ビックカメラ宇都宮テラス","-Un-iPm7Jq6GUYp4Qj224g","栃木県 宇都宮市 宮みらい 1-1　コジマ×ビックカメラ宇都宮テラス店内ゲームコーナー","3"
"GiGO 宇都宮","2t-StJ4o_M2WOXC6ZdHAaw","栃木県 宇都宮市 東宿郷 5-1-7","3"
"namco宇都宮","_g-SvYkTDpr5BDyxNSVuLg","栃木県 宇都宮市 簗瀬町 1606-1　フェドラP＆D UTSUNOMIYA","3"
"namcoフェドラP＆D佐野","ss8fdK3dVVcVRcqXiY5gug","栃木県 佐野市 高萩町 1340　フェドラP＆D SANO","3"
"タイトーFステーション小山","TWYl5BaiDMrpcdAX5fCnqw","栃木県 小山市 喜沢 1475　おやまゆうえんハーヴェストウォークSC棟","3"
"ファミリーランドあそびのくにベイシア矢板","tuJqTlqhI93bOr6L1BaIpw","栃木県 矢板市 末広町 25-1　ベイシア矢板店内","3"
"大田原スポーツランド","yCMkVwXEq6Ps9uiP3MnJlA","栃木県 那須塩原市 一区町 104-60","3"
"テクモピアロックダムインターパーク","xLIm2vH5JZ5z7LAYjnRUAA","栃木県 宇都宮市 インターパーク 6-1-1　FKDショッピングモールインターパーク店2F","2"
"テクモピアパルテロン宇都宮","b8sRsqR7yu7VHl8flOh4gg","栃木県 宇都宮市 今泉町 237　FKDショッピングプラザ宇都宮店2F","2"
"シーサイドリゾートアミューズメントパーク","gfET2IVPg9C2UVG3MZopRg","栃木県 宇都宮市 睦町 7-3","2"
"タイトーFステーショントナリエ宇都宮","LjLwBiEaiUDLta2klJd8Mg","栃木県 宇都宮市 駅前通り 1-4-6　トナリエ宇都宮B1F","2"
"アドアーズアシコタウンあしかが","vA1qJBLhfZ1Gi7UleDA_yA","栃木県 足利市 大月町 3-2　アシコタウンあしかが内","2"
"GiGO 足利朝倉","fn9ryXEPvQ9F4MBQXpOpbg","栃木県 足利市 朝倉町 244-1","2"
"namcoイオン栃木","bSZxwq-PLB-5nYozhEgcbQ","栃木県 栃木市 箱森町 37-9　イオン栃木店2F","2"
"タイトーステーションイオンモール佐野新都市","laGqjJwfYSWARE19EPrluQ","栃木県 佐野市 高萩町 1324-1　イオンモール佐野新都市2F","2"
"テクモピア鹿沼","c9H5QQw_mAl1T10bG99sHQ","栃木県 鹿沼市 東末広町 1073　福田屋鹿沼店3F","2"
"モーリーファンタジー今市","aDBqqXe42K-gEhrWi1g3hg","栃木県 日光市 豊田 79-1　イオン今市店2F","2"
"KOKADOタウン小山","T4TAS_HtpOKW08UdJBuQ-A","栃木県 小山市 中久喜 1467-1　イオンモール小山2F","2"
"モーリーファンタジー小山","rtKE4BG4zHMdtu2pSn-2hw","栃木県 小山市 中久喜 1467-1　イオンモール小山　イオン小山店2F","2"
"namcoロブレ小山","jY7ipNdZCnJ-biCwugihLw","栃木県 小山市 中央町 3-7-1　ロブレ小山店4F","2"
"アピナ小山","FWitkfTpwGL8B5ugE2Gfkg","栃木県 小山市 駅南町 4-27-18","2"
"モーリーファンタジー真岡","mdv07MKPuMKpUh6CSQUANQ","栃木県 真岡市 台町 2668　イオンタウン真岡　ザ・ビッグエクストラ真岡店1F","2"
"GiGO 西那須野","mPF57C_b4lZmMcWcOIv0KA","栃木県 那須塩原市 南郷屋 2-106-27","2"
"モーリーファンタジー那須塩原","mc3miIk5cxCeXCe9BG8sPw","栃木県 那須塩原市 島方 455　イオンタウン那須塩原　ザ・ビッグエクストラ那須塩原店1F","2"
"モーリーファンタジーさくら","-7dm9HLmPzRsIwxfKLy3Yg","栃木県 さくら市 櫻野 1551　イオンタウンさくら　ザ・ビッグエクストラさくら店1F","2"
"アピナ宇都宮","4mXRrWaZI1RoOyIIZLCLeQ","栃木県 河内郡上三川町 磯岡 421-1　ジョイフル本田宇都宮店2F","2"
"ファンファン那須","nuTC7uSJ9c8693h1EpLWBQ","栃木県 那須郡那須町 高久甲 字愛宕前484-1　イオンタウン那須内","2"
"GiGO ヨークベニマル御幸ヶ原","S-tXTiPP5CTmmQI8Mxq5Lg","栃木県 宇都宮市 御幸ケ原町 50-1　ヨークベニマル御幸ヶ原店内","1"
"スタジオプリモ宇都宮","1WIrJYGKHgCrgm06F3R9iQ","栃木県 宇都宮市 曲師町 2-8　宇都宮フェスタB1F","1"
"ファンタジーランドガルー宇都宮","auhtSOLkowQN5e8lH3Ug6g","栃木県 宇都宮市 江曽島本町 22-7　ドン・キホーテ アピタ宇都宮店2F","1"
"スコナランドトライアル宇都宮","9qDyooSBXQBKTX8oTAHvKw","栃木県 宇都宮市 睦町 5-5　スーパーセンタートライアル宇都宮店2F","1"
"スコナランド宇都宮","_2nXsUmby1KF7hRvu9L9dQ","栃木県 宇都宮市 馬場通り 2-3-12　MEGAドン・キホーテ　ラパーク宇都宮店B1F","1"
"PALO足利","dEmi_Tqj5_MSPbPSAfT6cg","栃木県 足利市 朝倉町 2-21-16　ヨークタウン足利1F","1"
"タイトーFステーション足利コムファースト","AVVzGLonNOPNmQJoKSwnsw","栃木県 足利市 朝倉町 245-5","1"
"アミパ佐野","g5Z6C5pz-nNqzXIoJSszzQ","栃木県 佐野市 茂呂山町字茂呂山 5-1","1"
"モーリーファンタジー佐野新都市","Z5EhQWpDaBuu3NfU9xL-RA","栃木県 佐野市 高萩町 1324-1　イオンモール佐野新都市　イオン佐野新都市店2F","1"
"GiGO 日光","i6KvwNZ9lac-gO0ACR8UDw","栃木県 日光市 芹沼 1448-1","1"
"ラスベガス","hbgRDWwkkzN2SF0wwP1daA","栃木県 日光市 鬼怒川温泉滝 813　あさやホテル内ゲームコーナー","1"
"ゲオ間々田","XugDPtuJnhvTbPE4u832hA","栃木県 小山市 大字間々田 807","1"
"GiGO 小山","_kXIzwJDJeKkZDTFc-qk2w","栃木県 小山市 東城南 1-1-18","1"
"ゲオ並木","bvmTyS1BqdKJ_23ycJMreg","栃木県 真岡市 並木町 4-6-23","1"
"大田原カーニバル","6-U5GRbq5npjG4tEC6NG3g","栃木県 大田原市 美原 1-3537-2　東武宇都宮百貨店大田原店3F","1"
"ラランドキッズ","j-NOZmHRdaXUdGKdUvbSzA","栃木県 那須塩原市 材木町 3-5　MEGAドン・キホーテ黒磯店1F","1"
"あそびのくにベイシア那須塩原","TEVqdGEfC5_XjjzAqNzbrQ","栃木県 那須塩原市 緑 2-1155ー11　ベイシア那須塩原店内","1"
"あそびのくにベイシアさくら氏家","uvKS0MPb130WBKdi7zTMrQ","栃木県 さくら市 氏家 725　ベイシアさくら氏家店内","1"
"ベイシア鳥山店あそびのくに","7XRq7o2ju7biU5oe1OJZbg","栃木県 那須烏山市 城東 1883-2　ベイシア鳥山店内","1"
"ホテルサンバレー那須","1EBJktb5tBk-EVEi8eHvHA","栃木県 那須郡那須町 大字湯本 203","1"
"ホテルエピナール那須ゲームプラザ","uMj_0p61zgCZF3uBfn7VbA","栃木県 那須郡那須町 高久丙 1　ホテルエピナール那須　アネックスタワー1F","1"
"那須ハイランドパーク","J_I2__CZQikp5Zc3odpa-g","栃木県 那須郡那須町 高久乙 3375","1"
"ユーズランド高崎","NhSyeJhLsnR1dZ5-Tuk7kA","群馬県 高崎市 棟高町 1400　イオンモール高崎2F","6"
"ユーズランド太田","zPaaLkEoA0kLoJ0yC8oNAg","群馬県 太田市 石原町 81　イオンモール太田2F","6"
"群馬レジャーランド太田","KUvPBUY7vbZHDNq5haQlTQ","群馬県 太田市 西矢島町 162-2","6"
"namcoけやきウォーク前橋","oE00YUZI5N5dzACSDqEmxQ","群馬県 前橋市 文京町 2-1-1　けやきウォーク前橋2F","5"
"群馬レジャーランド高崎駅東口","ia42VZ7HlUikAtkExT3ysg","群馬県 高崎市 江木町 333-1　高崎EXビルB1・2F","5"
"ラウンドワンスタジアム前橋","sKgkm07ZPwkoEF0po-_Sgg","群馬県 前橋市 天川大島町 1101-1","3"
"タイトーFステーション高崎オーパ","NZA9FPLxh-yEP9rLsnd5yg","群馬県 高崎市 八島町 46-1　高崎オーパ7F","3"
"GiGO スマーク伊勢崎","IOLmVLjOxD9LBBeoA5dnrg","群馬県 伊勢崎市 西小保方町 368　スマーク伊勢崎内","3"
"群馬レジャーランド伊勢崎","CKGHWsk5yZdwkIBFD-bnzw","群馬県 伊勢崎市 連取町 3066-1","3"
"GiGO 館林","-5kocSRl5OXnzTnK-3pUxw","群馬県 館林市 小桑原町 949-1","3"
"群馬レジャーランド渋川","sJrFI2wwg9TzeRk5UF9j8A","群馬県 渋川市 八木原 1364","3"
"群馬レジャーランド藤岡","0vb1o0ASWfpswitcQmhDZg","群馬県 藤岡市 中 2002-1","3"
"ハローズガーデン前橋","YjFrAYCsZ0RwhObnXw4ozQ","群馬県 前橋市 文京町 2-1-1　けやきウォーク前橋　アピタ前橋店2F","2"
"群馬レジャーランド前橋","57Tb7LLg4MNeqOlpOFyYjw","群馬県 前橋市 日吉町 4-37-1","2"
"モーリーファンタジー倉賀野","M1vJ4cbyz_msE56uqs4Lbw","群馬県 高崎市 倉賀野町 4691-1　MrMax倉賀野店1F","2"
"モーリーファンタジー高崎","3JEJSqhCbp3TU7po09qYyg","群馬県 高崎市 棟高町 1400　イオンモール高崎　イオン高崎店3F","2"
"アピナ太田","7-QNLLbClqAm9Y6jjNHSLQ","群馬県 太田市 内ケ島町 907-1","2"
"モーリーファンタジー太田","p11XITCBbzPyiJVEbhiqeQ","群馬県 太田市 石原町 81　イオンモール太田　イオン太田店2F","2"
"アピナ吉岡","-JN-mvjKnfv-WQGcZibHzw","群馬県 北群馬郡吉岡町 大久保 364-1　ジョイホンパーク吉岡2F","2"
"タイトーFステーション前橋リリカ","uSwWhcZt0DVWYF088YOqUg","群馬県 前橋市 国領町 2-14-1　前橋リリカ2F","1"
"ベイシア大胡モール店あそびのくに","DvWEK2gdni6LoVCNspV6kg","群馬県 前橋市 堀越町 377","1"
"モーリーファンタジーガーデン前橋","djW7X4TNqkZ4M5C8AyaXqQ","群馬県 前橋市 小屋原町 472-1　ガーデン前橋1F","1"
"カインズ前橋みなみモール","_pMwfAQ6y_d0dXRh61YGdw","群馬県 前橋市 新堀町 18　パワーモール前橋みなみ　カインズ前橋みなみモール店1Fゲームコーナー","1"
"namcoアカマル","-bOzFEzhPEQBW-uWW-DNmA","群馬県 高崎市 中尾町 44-1　アカマル2F","1"
"ハローズガーデン高崎","kcJUl2Sto2Ejto07t8uTUw","群馬県 高崎市 矢中町 字渕ノ内668-1　アピタ高崎店2F","1"
"GiGO MEGAドン・キホーテ桐生","_be-VrLebEWDpiDGQTZ2PQ","群馬県 桐生市 永楽町 5-10　MEGAドン・キホーテ桐生店3F","1"
"ハローズガーデン伊勢崎東","g112bo2yWZ6A9uV233F8sQ","群馬県 伊勢崎市 三室町 5330　MEGAドン・キホーテUNY伊勢崎東店2F","1"
"namco伊勢崎","jmDC7RABYKvH41Jainsc-w","群馬県 伊勢崎市 宮子町 3402-6","1"
"ベイシア西部モール","yd_YBwF4p8eipgMyY3Klwg","群馬県 伊勢崎市 宮子町 3423-15　スーパーモールいせさき　ベイシア西部モール店内ゲームコーナー","1"
"インターワールド伊勢崎","003QXzgM3C5ak69pcb4vzg","群馬県 伊勢崎市 宮子町 3425-4","1"
"モーリーファンタジーミスターマックス伊勢崎","dwaIM1EHqQ12_vryaJ0RMw","群馬県 伊勢崎市 宮子町 3556-1　ハイパーモールメルクス伊勢崎　MrMax伊勢崎店1F","1"
"薮塚バッティングセンター","qNI19ZmZG7w3_kcVbO2hrw","群馬県 太田市 大原町 2256-6","1"
"GiGO 新田ショッピングセンターニコ・モール","Brmteacpx5Z1pNlvZc4mLA","群馬県 太田市 新田市野井町 592-13　ニコモール新田店1F","1"
"GiGO 太田","oBLhWV0P3L4IltB5Id6Tbw","群馬県 太田市 西矢島町 575","1"
"GiGO 沼田","yTVDwS1IITbv9kcNUo2MGQ","群馬県 沼田市 下久屋町 1100-1","1"
"ファンタジーランドガルー館林","1kBM8M5NsHgQIV2bSDrx0w","群馬県 館林市 楠町 3648-1　アゼリアモールB館2F","1"
"ベイシア渋川店あそびのくに","CV8OJhBN8qVfCxRxxAT4mQ","群馬県 渋川市 行幸田 字砂田296　ベイシア渋川店2F","1"
"渋川スカイランドパーク","wqsCZGG--BELWvBA-QAp8A","群馬県 渋川市 金井 2843-3","1"
"タカラ島大間々","br73ETTIPX8GAQ3NZhET4A","群馬県 みどり市 大間々町大間々 40　さくらもーる2F","1"
"ベイシア吾妻","Ar7ohCEHZ80fBDabNZ4nJw","群馬県 吾妻郡東吾妻町 原町 5081　ベイシア吾妻店内ゲームコーナー","1"
"ホテルヴィレッジ","Q9z72ArUmQGyPxd5kkJN-w","群馬県 吾妻郡草津町 草津 618","1"
"ベイシア月夜野モール店あそびのくに","-ZuXJuaIDbqNxt9d5v32Eg","群馬県 利根郡みなかみ町 下牧 482　ベイシア月夜野モール店内","1"
"GiGO ジョイフル本田千代田","F3Oo_SP3AxLfh0dpmhm--g","群馬県 邑楽郡千代田町 萱野 813-1　ジョイフル本田千代田店2F","1"
"namcoイオンレイクタウンmori北","rqOZp4264oqE1sdCwvPIyw","埼玉県 越谷市 レイクタウン 3-1-1　イオンレイクタウンmori3F","10"
"ユーズランド越谷","1HN8mkYYVSNYRJR2CRNygQ","埼玉県 越谷市 レイクタウン 4-2-2　イオンレイクタウンkaze3F","8"
"ゲームファクトリーマグマ草加","lYaYfFQKBCW3tncZw5P55w","埼玉県 草加市 氷川町 2125-1","5"
"namcoステラタウン","QhDMCE96TWgrMvcO3WbClA","埼玉県 さいたま市北区 宮原町 1-854-1　ステラタウン3F","4"
"アミューズランドモナコ川越","RxPkqsWGYKNtmAsXsenl9A","埼玉県 川越市 新富町 2-4-1","4"
"アピナ川越","H3g4aG5ERSpaAMu-7HBxHg","埼玉県 川越市 泉町 1-1　ウニクス南古谷シネマ棟1F","4"
"ラウンドワンスタジアム所沢","r9oP2-dsdeciHGA2l8T1BA","埼玉県 所沢市 東町 5-22　TOCOTOCOSQUARE所沢6F･7F","4"
"ラウンドワンスタジアム入間","7c8HVc6PnbNkaTqTO9flhw","埼玉県 入間市 小谷田 3-7-25","4"
"ラウンドワンスタジアム朝霞","zWM3ecBM1iWdSymIm-SnqA","埼玉県 朝霞市 膝折町 2-16-10","4"
"サープラ八潮あそびタウン","Ly30_yPFGuC7-0tl6sRq5A","埼玉県 八潮市 大瀬 1-1-3　フレスポ八潮3F","4"
"ゲームパニック三郷","l8DqX-urhuhDlN7aDsCkqQ","埼玉県 三郷市 ピアラシティ 1-1-200","4"
"ラウンドワンスタジアムららぽーと新三郷","ExAuMnvLJyUJGTAbYKNk1w","埼玉県 三郷市 新三郷ららシティ 3-1-1　ららぽーと新三郷2F　20000番","4"
"埼玉レジャーランド大宮ラクーン","2-ZDYt_Fcuu-UVW1DwQgPQ","埼玉県 さいたま市大宮区 宮町 1-60　大宮ラクーン5F","3"
"埼玉レジャーランド大宮駅東口","rl0by6iVuWpQnupqUHV8WA","埼玉県 さいたま市大宮区 宮町 1-8　大宮セントラルビルB1F～2F","3"
"タイトーFステーションイオンスタイル大宮西口駅前","4NYTs1lGuQSlOowf6A8VQw","埼玉県 さいたま市大宮区 桜木町 2-3　イオンスタイル大宮西口駅前店7F","3"
"GiGO イオンモール浦和美園","9gA8qjfnB6G_AT6OVt-kzg","埼玉県 さいたま市緑区 美園 5-10-1　イオンモール浦和美園2F","3"
"PALO熊谷","qnFFLlmNIN0NMyj5qQeU4Q","埼玉県 熊谷市 本石 2-135　イオン熊谷店3F","3"
"GiGO イオンモール川口","qgCK-f9IRThgAQghjYQK9Q","埼玉県 川口市 安行領根岸 3180　イオンモール川口2F","3"
"namcoエミテラス所沢","H-xjKhC-bfFS5kPZBfI4Gw","埼玉県 所沢市 東住吉 10　エミテラス所沢4F","3"
"ユーズランド春日部","KxV1pVJwrky-wWKC65cJJQ","埼玉県 春日部市 下柳 420-1　イオンモール春日部2F","3"
"プラサカプコン羽生","omG6RFGdBp3jiLfJbtHcWw","埼玉県 羽生市 川崎 2-281-3　イオンモール羽生2F","3"
"ラウンドワンスタジアム上尾","hp8q8vL2sMe2GhrESkMPFQ","埼玉県 上尾市 平塚 917-1","3"
"namcoレイクタウンmori中央","Ul0btAgTHYOpai2oUwThPw","埼玉県 越谷市 レイクタウン 3-1-1　イオンレイクタウンmori3F","3"
"ラウンドワンわらび","6GquKyQc5wsCIhjrHI8eVw","埼玉県 蕨市 北町 5-1-6","3"
"ギガステーション戸田","u6xo2VlJvEr9wZ9viOTvsw","埼玉県 戸田市 美女木 943-7","3"
"GiGO 入間","jZmeNAl7JJJ_qXpf0NWoOg","埼玉県 入間市 東藤沢 2-18","3"
"ラウンドワンスタジアムさいたま・栗橋","pBZIEXP2qDjdHvI08BFSHg","埼玉県 久喜市 小右衛門 192-1","3"
"ソユーゲームフィールド菖蒲","3zXnSzXb4SrjZDZ6KuVGGg","埼玉県 久喜市 菖蒲町菖蒲 6005-1　モラージュ菖蒲3F","3"
"わいわいランド吉川駅前","BMCnqWszgM9d-qD-vDwylg","埼玉県 吉川市 保 1-13-3　ライフ吉川駅前店3F","3"
"GiGO イオンモール与野","UIBwtuAweprFCr5cK2SnEA","埼玉県 さいたま市中央区 本町西 5-2-9　イオンモール与野3F","2"
"モーリーファンタジー与野","nX98a15ijm4bu01Ayvq3-A","埼玉県 さいたま市中央区 本町西 5-2-9　イオンモール与野　イオン与野店3F","2"
"モーリーファンタジー大宮","tULbH59CA-kBfMqzT21j_A","埼玉県 さいたま市北区 櫛引町 2-574-1　イオン大宮店3F","2"
"タイトーステーション大宮","2Pq2E34sh4n2TEEzPzLKGg","埼玉県 さいたま市大宮区 大門町 1-1","2"
"ラウンドワン大宮","6nJT8mxp3yYvZkJ8AKgqRA","埼玉県 さいたま市大宮区 宮町 4-90-7","2"
"GiGO 大宮西口","yIw9KVvWSBAQcylJ2ykQPg","埼玉県 さいたま市大宮区 桜木町 2-3-2","2"
"GiGO MEGAドン・キホーテ浦和原山","XM4HVGhy_i5NznCZ9CSULw","埼玉県 さいたま市緑区 原山 4-3-3　MEGAドン・キホーテ浦和原山店2F","2"
"モーリーファンタジー浦和美園","asB_K03x-MEaZ4RzAVovQg","埼玉県 さいたま市緑区 大門 3710　イオンモール浦和美園　イオン浦和美園店3F","2"
"HapipiLand東大宮","XxizzrguPNU06Z0qT4SgSw","埼玉県 さいたま市見沼区 春野 2-8　パトリア東大宮店3F","2"
"ベネクス川越","NNuQk6SCfVZAFZrZPd5RMA","埼玉県 川越市 大仙波 340-1","2"
"タイトーFステーションクレアモール川越","8CEnPqb5aBkOw7SsKua_Qg","埼玉県 川越市 新富町 2-1-13　カシーラ本川越1～4F","2"
"GiGO アトレ川越","l75ylvb71nLR1cwuWVQ44w","埼玉県 川越市 脇田町 105　アトレ川越1F","2"
"テクモピア川越","_kK2kAvNQYexS6DWIgEt0Q","埼玉県 川越市 脇田町 4-2　ドン・キホーテ川越東口店3F","2"
"ソユーゲームフィールド熊谷","MmT7JdEaQC8QpacWeuDASg","埼玉県 熊谷市 銀座 2-245　SCニットーモール4F","2"
"namco熊谷","9fmJxA7NeGBEPVqVHdrtww","埼玉県 熊谷市 銀座 2-97　カルパビル1F","2"
"ソユーゲームフィールド川口","NS6V4uuplRJHk-OL5fQvQA","埼玉県 川口市 並木元町 1-79　アリオ川口3F","2"
"楽市楽座イオンモール川口前川","9kdzAXVJnY0Cf0zAIQI1tA","埼玉県 川口市 前川 1-1-11　イオンモール川口前川3F","2"
"モーリーファンタジー川口前川","NgU4J1LkYRloHAbNfwM-hQ","埼玉県 川口市 前川 1-1-11　イオンモール川口前川　イオン川口前川店3F","2"
"モーリーファンタジー川口","e_Ya5hNcKDdPbxX-7-Tl-A","埼玉県 川口市 安行領根岸 3180","2"
"ゲームシティ川口","Zx4QEqYhLyTlWyCEwRMEJQ","埼玉県 川口市 栄町 1-10-5","2"
"シルクハット川口","gYkGeizJ5wmDWrn8vD16zw","埼玉県 川口市 栄町 3-1-16　イート川口ビル4F","2"
"GiGO ららテラス川口","92BgTY_f612I0KxqIaKWOA","埼玉県 川口市 栄町 3-5-1　ららテラス川口内","2"
"スクウェアワンサイスポ","q35U4o3AQU5RZfjLpgLiAg","埼玉県 所沢市 南永井 1116　埼玉スポーツセンター内","2"
"タイトーステーション所沢","eKU1nQFDDWveWVmu82dKRg","埼玉県 所沢市 日吉町 3-7　スカイビュウビル1・2F","2"
"GiGO 所沢","PF_YYJTnOs6U1wVExPcdbQ","埼玉県 所沢市 日吉町 8-1","2"
"スイーツファンタジーパックン東松山","8mDuHwMmsLChz_Si1wfijQ","埼玉県 東松山市 あずま町 4-3　ピオニウォーク東松山店2F","2"
"モーリーファンタジービバモール東松山","76AEMCg5jXiOFEhEkwMQQQ","埼玉県 東松山市 神明町 2-11-6　ビバモール東松山2F","2"
"ゲーセンクレヨンしんちゃん嵐を呼ぶブリブリシネマスタジオ","HQCRmntw7Hn-Ie-_x0dqSQ","埼玉県 春日部市 南 1-1-1　ララガーデン春日部3F","2"
"埼玉レジャーランド春日部","KWZJt1J_uhnIP23BIcWVtw","埼玉県 春日部市 増富字谷際 163-1","2"
"モーリーファンタジー狭山","yMoJrb2EpaZmfuWWtDQFFw","埼玉県 狭山市 上奥富 1126-1　イオン狭山店2F","2"
"モーリーファンタジー羽生","b0iKXux-1PEgTfWU04p2YQ","埼玉県 羽生市 川崎 2-281-3　イオンモール羽生　イオン羽生店3F","2"
"タイトーFステーションエルミこうのす","c4rOzoV5G7gm2pRD8FCeCA","埼玉県 鴻巣市 本町 1-1-2　エルミこうのすショッピングモール3F","2"
"ハローズガーデン深谷","ZXv4cYTMV45jiKhzMQ0Myg","埼玉県 深谷市 上柴町西 4-2-14　アリオ深谷2F","2"
"GiGO アリオ上尾","L3qMQ7vZpynRCtW0gBqkGQ","埼玉県 上尾市 壱丁目 367　アリオ上尾2F","2"
"モーリーファンタジー上尾","sDpDMtQtVr9sTV5Sqg9WaA","埼玉県 上尾市 愛宕 3-8-1　イオンモール上尾内","2"
"アピナ上尾","InShZylqVGO2nVHW_Qi8dA","埼玉県 上尾市 緑丘 3-3-11-2　P･A･P･A上尾ショッピングアベニュー　プリンセス棟別棟","2"
"ウェアハウス草加店別館","fXtoYr6GMUZO61wFQ9srOA","埼玉県 草加市 稲荷 2-36-33","2"
"ラウンドワン草加","eaM_1TQ-WujnnxS8mKogeg","埼玉県 草加市 谷塚上町 204-1","2"
"ニコパ島忠ホームズ草加舎人","WCltkGAp1f3m9PCfNXnBeA","埼玉県 草加市 遊馬町 2-1　島忠ホームズ草加舎人店1F","2"
"モーリーファンタジー草加マルイ","4OaNPhokbmtguYjcox8rRg","埼玉県 草加市 高砂 2-9-1　草加マルイ5F","2"
"モーリーファンタジーレイクタウン","3bXpe9F2YOMa29G4hZLUfw","埼玉県 越谷市 レイクタウン 3-1-1　イオンレイクタウンmori　イオンレイクタウン店3F","2"
"アミューズメントFUNFUN越谷","LN85k4_yQkjy9CpsexPPSA","埼玉県 越谷市 南荻島 2770-1","2"
"GiGO 南越谷ラクーン","NkyT8GTV3u5SbatEcuqvew","埼玉県 越谷市 南越谷 1-15-1　南越谷ラクーン2F","2"
"GiGO ALCo越谷ショッピングスクエア","szHUlsMcf8wA_W_m9bWipQ","埼玉県 越谷市 越ケ谷 1-16-6　ALCo越谷ショッピングスクエアB1F","2"
"アドアーズ蕨","fqpMPhqIr_9Z_qM9ULYB6A","埼玉県 蕨市 塚越 1-4-4　ラ・セーヌビル2F","2"
"GiGO ビバモール蕨錦町","ZH8zgkelqHX9mLzOLdRyPw","埼玉県 蕨市 錦町 1-12-1　ビバモール蕨錦町店2F　 212区画","2"
"namcoイオンモール北戸田","AFz5astwxF7czzNFX-SzoA","埼玉県 戸田市 美女木東 1-3-1　イオンモール北戸田3F","2"
"モーリーファンタジー北戸田","SQhbY2_z6vwyMgTQOMMGAg","埼玉県 戸田市 美女木東 1-3-1　イオンモール北戸田　イオン北戸田店2F","2"
"モーリーファンタジー入間","9fv7s27_xgMSsseF4nnUdw","埼玉県 入間市 上藤沢 462-1　イオン入間SC　イオン入間店2F","2"
"キッズランドマルイファミリー志木","GJyOvAcWpezR7f-o-8p-Tg","埼玉県 志木市 本町 5-26-1　マルイファミリー志木内","2"
"アドアーズ和光","s0C5UTOADshw5ONhvDeiTA","埼玉県 和光市 本町 3-5　MillionAnnex和光1～3F","2"
"ワンパクオウコクアリオ鷲宮","ijMxWxtJh4GbO12A7-ej-Q","埼玉県 久喜市 久本寺字谷田 7-1　アリオ鷲宮2F","2"
"キッズプラザきゃらんど富士見","l_kVe2Z1XmFIEAFCr8_yFA","埼玉県 富士見市 山室 1-1313　ららぽーと富士見2F","2"
"GiGO ららぽーと富士見","K7Zyo91ADjz5-kZaf0FHHQ","埼玉県 富士見市 山室 1-1313　ららぽーと富士見3F　35200番","2"
"GiGO MEGAドン・キホーテ蓮田","mlGmRPWuGmB0tPNJFoAm1A","埼玉県 蓮田市 東 4-5-13　MEGAドン・キホーテ蓮田店2F","2"
"キャロム坂戸","AuUr8TS-VBFMpaQnMkdOjQ","埼玉県 坂戸市 関間 2-151-1","2"
"ハローズガーデンワカバウォーク","7voEf7U32RA--9pBwzUu2w","埼玉県 鶴ヶ島市 富士見 1-2-1　ワカバウォーク2F","2"
"アピナ吉川美南","Jm0baFXPhiMZxE8EYDJSWg","埼玉県 吉川市 美南 3-25-1　イオンタウン吉川美南内2F","2"
"アミューズメントフィールドバイヨン","YLzQ4uqFZ5rjxthxkFrpyg","埼玉県 ふじみ野市 うれし野 2-16-1　LCモールうれし野2F","2"
"モーリーファンタジー大井","-FsR5DVtbUAuQeKIueFUXg","埼玉県 ふじみ野市 ふじみ野 1-2-1　イオン大井店3F","2"
"namcoイオンタウンふじみ野","djVA4N52LCjoanXerHRJ6w","埼玉県 ふじみ野市 福岡 2-1-6　イオンタウンふじみ野3F","2"
"ゲームスクエア三芳","T5fmcYpvE73CLHZXDCYtwQ","埼玉県 入間郡三芳町 藤久保 字北新埜855-403　アクロスプラザ三芳内","2"
"アピナ上里","XNunYq0ECwyaD_0XCTjamQ","埼玉県 児玉郡上里町 七本木 2272-1　ウニクス上里2F","2"
"モーリーファンタジー上里","jDc34jDJRMFnM1TewbDWHA","埼玉県 児玉郡上里町 金久保 359-1　イオンタウン上里2F","2"
"ラウンドワンさいたま・上里","XjQucMYnocC3JQ5C6TzaRA","埼玉県 児玉郡上里町 金久保 394-1　イオンタウン上里内","2"
"東武動物公園","M5I5c9notls87iY5FzhYdg","埼玉県 南埼玉郡宮代町 須賀 110","2"
"キャラポートさいたま新都心","ImWj-9MwMrdiZFX9kjeR1w","埼玉県 さいたま市大宮区 吉敷町 4-267-2　コクーンシティ　コクーン1西館1F","1"
"タイトーFステーション大宮大門町","7hDKius40aPghXC29YViww","埼玉県 さいたま市大宮区 大門町 1-22-1　大宮大門町ビル1F","1"
"GiGO 大宮アルシェ","WneWKUhkqHC0lDjim0dGPA","埼玉県 さいたま市大宮区 桜木町 2-1-1　大宮アルシェ5F","1"
"ウェアハウス岩槻","h4fcJ9ZI0k5FJ7qqywjs8Q","埼玉県 さいたま市岩槻区 加倉 3-3-63","1"
"アミューズメントクラブ浦和","nMBtCDhtP1SMCDZfjAEWbQ","埼玉県 さいたま市浦和区 仲町 1-10-7","1"
"ゲオ東浦和","1PMfiLdYg1bqcObl13XZgQ","埼玉県 さいたま市緑区 東浦和 1-5-8　ロイヤルヒルズ池田","1"
"ウェアハウス三橋","lO2mhxIBCbIyCIbekHLzrg","埼玉県 さいたま市西区 三橋 6-955-1","1"
"川越ボウリングセンター","vqxbun_phUdstHfB_Ajslw","埼玉県 川越市 天沼新田 318","1"
"ゲームパークエムランド籠原","uJiOnlaJUjPw1GEfiIsoLg","埼玉県 熊谷市 新堀新田 523　マミーマート籠原店2F","1"
"GiGO 籠原","6bXlRU4i3BbjcGXVlFQu8A","埼玉県 熊谷市 美土里町 1-169","1"
"あそびライブラリー川口","FuWJsuUFku8mXuGmr83vuw","埼玉県 川口市 宮町 18-9　ララガーデン川口2F","1"
"アミュージアム川口","RwaioHdbUWdJXK8zVXIQNw","埼玉県 川口市 本町 2-7-25　ミエルかわぐち3F","1"
"GiGO 川口","-31bPvZ4m8BIzvcR3hlhig","埼玉県 川口市 東領家 2-2-10","1"
"キャロム所沢","afT0uJiEZBi8fv800F56iA","埼玉県 所沢市 下安松 969-1","1"
"アミュージアム所沢","83cjxeYtVShF75URCnGjKg","埼玉県 所沢市 小手指台 23-1　マミーマート所沢山口店2F","1"
"GiGO ビバモール本庄","zcpAzGk6YsI-1U5O_zIcGg","埼玉県 本庄市 中央 2-4-60　ビバモール本庄店2F　2-12区画","1"
"ハローズガーデン本庄","TI78t-wxdKHVMpommxD8kA","埼玉県 本庄市 南 1-2-10　アピタ本庄店1F","1"
"ゲオ東松山","anPT-pyvZCsThJ9A14iY3g","埼玉県 東松山市 松本町 2-1-51","1"
"モーリーファンタジー春日部","3cYoizFQIRTTPC3mIZSQEw","埼玉県 春日部市 下柳 420-1　イオンモール春日部　イオン春日部店3F","1"
"kininal ASOBLEそよら入曽駅前","BJTiIjhnzfKLFgAyw4tAMA","埼玉県 狭山市 南入曽字堂ノ前原 540-1　そよら入曽駅前1F","1"
"新狭山グランドボウル","at8BjRa68y8SkR0CjuIySw","埼玉県 狭山市 新狭山 1-1-9","1"
"プリモピア鴻巣","otK06bhmtGwNveBOPiacdQ","埼玉県 鴻巣市 北新宿 225-1　UNICUS鴻巣1F","1"
"MEGAドン・キホーテ北鴻巣","ee6h6fDddRXb_yVQDrjzng","埼玉県 鴻巣市 箕田 3111-1　MEGAドン・キホーテ北鴻巣店内ゲームコーナー","1"
"ラウンドワンさいたま・鴻巣","mBez2nhlfF0prqEezMaDmQ","埼玉県 鴻巣市 箕田 3163-7","1"
"GiGO フジモール吹上","GhwikXZJgbkXiGRu6U4Duw","埼玉県 鴻巣市 袋 字道上90-1　FUJI MALL吹上2F","1"
"ゲオ深谷上柴","09gK-rMeiawn2vfewcUHtg","埼玉県 深谷市 上柴町東 6-8-7","1"
"GiGO 花園","9UC0JHd1adyb0ksGKteicw","埼玉県 深谷市 荒川 359","1"
"ウェアハウス上尾","HUH9tjbL8VF7p3ZfRu1FaA","埼玉県 上尾市 二ツ宮 1044","1"
"パラボランド上尾ショーサンプラザ","mmfyYhtNpjZze5FcjxzEhA","埼玉県 上尾市 谷津 2-1-1　ショーサンプラザ5F","1"
"ウェアハウス越谷","houOtrF5b5Ow2L6eRUMi-w","埼玉県 越谷市 南荻島 841-1","1"
"アミューズメントパークガーデン越谷","3BNQXM0ySQ8n4ezYlnmLDA","埼玉県 越谷市 南越谷 1-2876-1　越谷サンシティ　イオン南越谷店4F","1"
"アミューズメントパークガーデン越谷","ALggHFY0tiVbp2baksQ_-w","埼玉県 越谷市 南越谷 1-2876-1　越谷サンシティ　イオン南越谷店4F","1"
"丸広百貨店入間店ゲームコーナー","59d92tYWV0ADaaGwxn-PhQ","埼玉県 入間市 豊岡 1-6-12　丸広百貨店入間店内","1"
"タイトーステーション和光","ZvfT1yuCQUSkEVAfjIfYBw","埼玉県 和光市 丸山台 1-4-5","1"
"ファミリーランド和光","Mn60ZP9jQ5Jib6U-PSvGQw","埼玉県 和光市 丸山台 1-9-3　イトーヨーカドー和光店3F","1"
"スコナランド新座","y8LmDFnlreGZbF3wXbPqFA","埼玉県 新座市 中野 2-1-38　OSCデオシティ新座3F","1"
"ラ・ヴィーニュ新座","eBapEQpPaPIFPGfF6cXo3w","埼玉県 新座市 野火止 5-2-60","1"
"スイーツファンタジーパックン桶川","irCPs_rYSTL6l-sJRMB5vA","埼玉県 桶川市 下日出谷東 2-15-1　ベニバナウォーク桶川2F","1"
"GiGO イトーヨーカドー久喜","DAyoHV5wkytnicdYugZV0Q","埼玉県 久喜市 久喜中央 4-9-11　イトーヨーカドー久喜店4F","1"
"ベイシア栗橋","2pCkckArT2Ky51KBmaMH2A","埼玉県 久喜市 栗橋東 6-15-1　ベイシア栗橋店内ゲームコーナー","1"
"GiGO HEYWORLD北本","cg0CtedVLkhXa12f4YfHOg","埼玉県 北本市 深井 6-87　HEY WORLD!! 1F","1"
"パレットイオン八潮南","VQZR6TLGQKxHPTm2mkLYJw","埼玉県 八潮市 大曽根 273-5　イオン八潮南店3F","1"
"コロコロBASE～コロコロひみつ基地～","vjsZGwoueOdeJ342EigbcA","埼玉県 富士見市 山室 1-1313　ららぽーと富士見2F","1"
"GiGO MEGAドン・キホーテ三郷","5bLbes9V2_6gSfxOev2f-A","埼玉県 三郷市 さつき平 1-1-1　MEGAドン・キホーテ三郷店2F","1"
"ラクガキ王国三郷","6f1Kab7SD8c4W3jBI38Yxg","埼玉県 三郷市 ピアラシティ 1-1-1　イトーヨーカドー三郷店2F","1"
"コープ坂戸薬師町","vBuL7gMoHXyXvWJmMCi_Jw","埼玉県 坂戸市 薬師町 28-1　コープみらい　コープ坂戸薬師町店内ゲームコーナー","1"
"ゲオ坂戸","_xI5n7o6aQZm9IimEM8Euw","埼玉県 坂戸市 鎌倉町 16-26","1"
"にこぱ幸手","wmu33K6s9P2q6lwi40oP6g","埼玉県 幸手市 上高野 764　エムズタウン幸手西館内","1"
"ファミリーランドあそびのくにカインズ鶴ヶ島","BNwtfGDMOhU3hKhBXk8B6g","埼玉県 鶴ヶ島市 三ツ木新町 1-1-13　カインズ鶴ヶ島店2F","1"
"コモディイイダ鶴ヶ島","laSqpLA7Q6NaHXRg4ZGJag","埼玉県 鶴ヶ島市 鶴ヶ丘 65-1　コモディイイダ鶴ヶ島店内ゲームコーナー","1"
"モーリーファンタジーふじみ野","pGhUuEOsUI-T5R7wIgyLQw","埼玉県 ふじみ野市 福岡 2-1-6　イオンタウンふじみ野内","1"
"ゲオふじみ野","OlrQ-Enk1FpyB6ACqj0eLw","埼玉県 ふじみ野市 鶴ケ岡 1-16-2","1"
"ベイシア滑川モール店あそびのくに","EQc7_g2p3MyUKDjTW5VhZQ","埼玉県 比企郡滑川町 羽尾 2780　ベイシア滑川モール店内","1"
"あそびのくに寄居北","Ba2maLpKoiBs_kwBEQZhSQ","埼玉県 大里郡寄居町 桜沢 2916　ベイシア寄居北店内","1"
"ビッグボウル杉戸","a6-pWBjkXLt1GzxXNYdFXA","埼玉県 北葛飾郡杉戸町 杉戸 2338","1"
"タイトーFステーション市川妙典","xDQGuPMEIwg-rxyCwE0ZrA","千葉県 市川市 妙典 4-1-1　イオン市川妙典2番街2F","6"
"namco松戸","0cSpvzzy2Qk8q9gs-FY0Bw","千葉県 松戸市 松戸 1230-1　ピアザ松戸1F","6"
"namcoイオンモール幕張新都心","cYVSlPPEXTpch7SSUGwnww","千葉県 千葉市美浜区 豊砂 1-1　イオンモール幕張新都心　グランドモール3F","5"
"アミューズメントエース津田沼","c_yGZhhKhl197dV9rsVw2A","千葉県 船橋市 前原西 2-15-1　ファミービル1～3F","5"
"GiGO ららぽーとTOKYO-BAY","5Q1z1xau7mb0Fq_5c1u4Ww","千葉県 船橋市 浜町 2-1-1　ららぽーとTOKYO-BAY西館3F","5"
"namco流山おおたかの森S・C","gLc0YGpUvdxV5NJBBYsQKQ","千葉県 流山市 西初石 6-185-2　おおたかの森S・C3F","5"
"にこまるぷらすユーカリが丘","ZjJQSVbOKe1d_FwX3mwE1g","千葉県 佐倉市 ユーカリが丘 4-1-4　ユーカリプラザビル5F","4"
"ラウンドワンスタジアムアリオ柏","-Oiab6x3TMu27XiHb1xSUQ","千葉県 柏市 大島田 1-6-1　セブンパークアリオ柏　1070","4"
"namcoアリオ市原","5QAWkibi9KsUSPcTyYxkBg","千葉県 市原市 更級 4-3-2　アリオ市原2F","4"
"namcoイオンモール八千代緑が丘","8gtaWqKW6Uq25ddgEWkQXw","千葉県 八千代市 緑が丘 2-1-3　イオンモール八千代緑が丘4F","4"
"タイトーステーションビックカメラ千葉","cEk_tyfEj1qgw5VtA7zPQA","千葉県 千葉市中央区 富士見 2-1-1　ビックカメラ千葉駅前店8F","3"
"ラッキー中央店フェリシダ","25NMlVHEFQ5JYjqA8w1OlA","千葉県 千葉市中央区 富士見 2-8-1","3"
"スポーツウェーブ鉄腕24浜野","TavzBBTqdyPVxDdeZ4Qdgw","千葉県 千葉市中央区 浜野町 1025-59","3"
"スポーツウェーブ鉄腕24稲毛長沼","0uMIkIh47H_iy2YlLcAnmQ","千葉県 千葉市稲毛区 長沼原町 697","3"
"モーリーファンタジーおゆみ野","PjvP1brDxL_vpD4KV6YT0Q","千葉県 千葉市緑区 おゆみ野南 5-37-1　イオンタウンおゆみ野　マックスバリュおゆみ野店2F","3"
"namcoトンデミ幕張 イオンモール幕張新都心","BlZcLZdAG-h0TmLhFe1FQA","千葉県 千葉市美浜区 豊砂 1-1他　イオンモール幕張新都心　ファミリーモール3F","3"
"NICOPAマリンピア","9eJBtiQqfbXm10u_CsPsdQ","千葉県 千葉市美浜区 高洲 3-13-1　イオンマリンピア店4F","3"
"namcoイオンモール船橋","GJst80sJuu7sywFrlmBVog","千葉県 船橋市 山手 1-1-8　イオンモール船橋3F","3"
"イスカンダル木更津","ViY_jgYvVlwVMVIzD-H-Uw","千葉県 木更津市 潮見 4-1-2","3"
"タイトーFステーションイオン新松戸","OTFOlQO4tMNTTwPBkULEyw","千葉県 松戸市 新松戸 3-2-2　イオンフードスタイル新松戸店4F","3"
"千葉レジャーランド野田","1WM0ORQybNaJjDQM1vRBqg","千葉県 野田市 吉春 776-1","3"
"プラサカプコン成田","g15jfUnDypHF1AhZhS5XWw","千葉県 成田市 ウイング土屋 24　イオンモール成田2F","3"
"GiGO イオンモール津田沼South","B-hQeyqf2hvAmQQoruPhyA","千葉県 習志野市 津田沼 1-10-30　イオンモール津田沼South5F","3"
"ラウンドワン習志野","kAdfvqm3N1hbVqXTzFMPTg","千葉県 習志野市 芝園 1-4-5","3"
"タイトーFステーション柏中央","dOxbnlEC8Y8yDdDe3og36w","千葉県 柏市 十余二 249-5　M.E.M.1F","3"
"モーリーファンタジー柏","Iy3hfBrc2dH8Hx2xPbOxAA","千葉県 柏市 豊町 2-5-25　イオンモール柏　イオン柏店2F","3"
"ゲームランドちはら台","Bk_aFhAJjdGYD-whdYRrqQ","千葉県 市原市 ちはら台西 3-4　ショッピングモールunimoちはら台2F","3"
"ゲームチャリオット五井","vnlsDMyNjkpaomDjiFhdFQ","千葉県 市原市 五井中央西 2-1-2","3"
"アピナ市原","W3tNWM34-Gp6zOz38QgJAQ","千葉県 市原市 更級 4-2-1　アクロスプラザ市原更級F棟1F","3"
"モーリーファンタジー鎌ヶ谷","FJ-UFnADR7NA7cCnDu2zWw","千葉県 鎌ケ谷市 新鎌ケ谷 2-7-1　イオン鎌ヶ谷SC　イオン鎌ヶ谷店2F","3"
"GiGO イオン新浦安ショッピングセンター","cY5s761DykubPF3kB8WeaA","千葉県 浦安市 入船 1-4-1　イオン新浦安SC　イオンスタイル新浦安店4F","3"
"アピナ印西","E5y7ILWSGuN8oAb__t20pQ","千葉県 印西市 原 1-2　ビッグホップガーデンモール印西2F","3"
"千葉レジャーランド成東","CCZZIs9jbUSX3K8jq5c0sA","千葉県 山武市 姫島 111-1","3"
"タイトーステーションアリオ蘇我","fDKM3sDsxCP22vXR98bUPw","千葉県 千葉市中央区 川崎町 52-7　アリオ蘇我2F","2"
"NICOPA & nico ground 蘇我","np2_6DBWpTAUI84pVvUFuw","千葉県 千葉市中央区 川崎町 55-3　島忠ホームズ蘇我店2F","2"
"テクモピア千葉中央","0BaWl1g7wYhUK7b6D3sclA","千葉県 千葉市中央区 本千葉町 15-1　ユアエルム千葉Mio1F","2"
"GiGO 稲毛オーツーパーク","bB-kvaqjuDsllE-jaQh7Rg","千葉県 千葉市稲毛区 園生町 380-1","2"
"アミューズメントパフェパレパレ稲毛長沼","TE1CB9rT2Zq4SnI2jLxy0A","千葉県 千葉市稲毛区 長沼原町 737-25　フレスポ稲毛A棟-4","2"
"モーリーファンタジー鎌取","UarJGKwW_39OcrIQALoaLw","千葉県 千葉市緑区 おゆみ野 3-16　ゆみ～る鎌取SC　イオンスタイル鎌取4F","2"
"GiGO 幕張","RPEBMrDKCVE0Q1yYFDizSg","千葉県 千葉市美浜区 ひび野 1-8　メッセ・アミューズ・モール1F","2"
"GiGO イオンモール銚子","Z9Yj5sKGOGUrsxSxy_anQQ","千葉県 銚子市 三崎町 2-2660-1　イオンモール銚子2F","2"
"モーリーファンタジー銚子","Qkc-nXBsuwdqzMVk5HJLQg","千葉県 銚子市 三崎町 2-2660-1　イオンモール銚子　イオン銚子店2F","2"
"スタジオプリモ本八幡","ZP6FxGu19bpEVqU1amQPSg","千葉県 市川市 八幡 2-15-10　パティオ5F","2"
"DAIKEIEN","3wQf1KcN70aRQ1chhYdwcw","千葉県 市川市 大町 359","2"
"PALO市川","PFvNlsDIuvFJeLT9Ck67HA","千葉県 市川市 鬼高 1-1-1　ニッケコルトンプラザ　ウエストモール2F","2"
"ラウンドワン市川鬼高","YWqB8Zi9rkIzdhssQA2i0g","千葉県 市川市 鬼高 4-1-3","2"
"モーリーファンタジー船橋","wjMDMhibkJVur2lbZpzl3w","千葉県 船橋市 山手 1-1-8　イオンモール船橋　イオン船橋店3F","2"
"タイトーステーション船橋","RGI09Zl2-x7hyCYh5fEJRQ","千葉県 船橋市 本町 1-6-1","2"
"テクモピア船橋南口","u9-8SQQDNZIfUDcGpJjO0A","千葉県 船橋市 本町 1-7-6　ドリーム船橋ビル3F","2"
"アソビクル船橋海神","GetOn7Mjx41lSsVBS4gYtA","千葉県 船橋市 海神 3-124-3　コーナン京葉船橋インター店内","2"
"モーリーファンタジー館山","bwEZvO5iblF8wSN6BolGDg","千葉県 館山市 八幡 545-1　イオンタウン館山　イオン館山店1F","2"
"ハローズガーデン木更津","kwy_AaEMQ90garRXwFbQJQ","千葉県 木更津市 ほたる野 4-2-48　アピタ木更津店2F","2"
"ソユーゲームフィールド木更津","-EV3J_aqGQOJH2ruUo49rg","千葉県 木更津市 築地 1-4　イオンモール木更津2F","2"
"namcoテラスモール松戸","By6tC-bUgDyKHmCL7kGKEg","千葉県 松戸市 八ケ崎 2-8-1　テラスモール松戸内3F","2"
"GiGO イオン北小金","Q9Hu_ZFv9m0TZ5FCWbO3tA","千葉県 松戸市 小金 1　イオン北小金店5F","2"
"GiGO 八柱","NwWn3KYY6c4T42TTco1IAg","千葉県 松戸市 日暮 1-1-1　八柱駅第2ビル2F","2"
"GiGO キテミテマツド","O2bWdvQNJOipSHDK5lCr2g","千葉県 松戸市 松戸 1307-1　キテミテマツド6F","2"
"アピナ野田七光台","BgWUKzErCYXGY8JpUx9W4Q","千葉県 野田市 七光台 4-2　イオンタウン野田七光台内","2"
"モーリーファンタジーノア","QcBAckmjgCSIQMqLSL2w6w","千葉県 野田市 中根 36-1　イオンノア店1F","2"
"アミュージアム茂原","KNeXGSJNVHfbRR81PcpoEw","千葉県 茂原市 高師 1619-1","2"
"モーリーファンタジー成田","CCK-AxYQFymW8TwKhumXAg","千葉県 成田市 ウイング土屋 24　イオンモール成田　イオン成田店2F","2"
"テクモピアロックダム公津の杜","I58SPIADTRiUx8ilMNUVdw","千葉県 成田市 公津の杜 4-5-3　ユアエルム成田店3F","2"
"GiGO そよら成田ニュータウン","RcAuXe_5iYij39Nm6K_r-g","千葉県 成田市 赤坂 2-1-10　そよら成田ニュータウン5F　510区画","2"
"ラッキー佐倉","yQCVD2gTLEUH8mwqFOVwLQ","千葉県 佐倉市 井野 1475","2"
"モーリーファンタジーユーカリが丘","85ZYKGIT3N-29NI3PFO_5Q","千葉県 佐倉市 西ユーカリが丘 6-12-3　イオンタウンユーカリが丘　イオンスタイルユーカリが丘3F","2"
"イオンタウンユーカリが丘店ゲームコーナー","_GTvkHPO8HBgYUK6e-vk8Q","千葉県 佐倉市 西ユーカリが丘 6-12　イオンタウンユーカリが丘3F　西街区","2"
"シルクハット津田沼","KZF9-djPLFXmNUF7ZhD1sw","千葉県 習志野市 津田沼 1-2-1　十三ビルB1F","2"
"柏ヤングボウル","0SIH5e4tyHzhutaIABL5Dw","千葉県 柏市 南柏中央 11-1","2"
"GiGO モラージュ柏","TSOp0Z2BUUn-jEyNyzfttg","千葉県 柏市 大山台 2-3-1　モラージュ柏2F","2"
"タイトーステーションセブンパークアリオ柏","q6j_KWJSVI5fVMdPMBuwcw","千葉県 柏市 大島田 1-6-1　セブンパークアリオ柏3F","2"
"アルファー柏","6Tnh14Q-6vpEhQmJChnoOA","千葉県 柏市 柏 1-1-11　ファミリかしわB1F","2"
"タイトーステーション柏","0lud_r0jOVEf-nzW2lClxw","千葉県 柏市 柏 2-3-1　フーサワビル","2"
"GiGO ららぽーと柏の葉","laaFYKdGGMIybfzqDbfmnw","千葉県 柏市 若柴 175　ららぽーと柏の葉本館3F","2"
"ラウンドワン市原","WG-IpOGWramgo6gcF2IDIQ","千葉県 市原市 八幡北町 3-5-1","2"
"ハローズガーデン市原","KghjKB2tYST8EaPsRehHhQ","千葉県 市原市 青柳北 1-1　アピタ市原店2F","2"
"ラッキー八千代店バッティングドーム","yJlTTFVP-opRXgXssouStA","千葉県 八千代市 大和田新田 1088","2"
"アミュージアムフルルガーデン八千代","IE8S8v5OeJApNil3ipeQhA","千葉県 八千代市 村上南 1-3-1　フルルガーデン八千代3F","2"
"モーリーファンタジー八千代緑が丘","AU9KvhcYUajiOMLnZ1RFHA","千葉県 八千代市 緑が丘 2-1-3　イオンモール八千代緑が丘　イオン八千代緑が丘店4F","2"
"キャッツアイ八千代","E5VWCP3-Eq5Hug2yhJAJeg","千葉県 八千代市 緑が丘西 2-13-3　ism緑が丘内","2"
"GiGO 我孫子","BNOuDcma_jbTp2CAX92b1w","千葉県 我孫子市 柴崎 47-1","2"
"にこぱアクロスモール新鎌ヶ谷","_9fUADSWoL5tkqro0gfLkA","千葉県 鎌ケ谷市 新鎌ケ谷 2-12-1　アクロスモール新鎌ヶ谷2F","2"
"プラサカプコン富津","E50pV4btJu14vBklEIgq8g","千葉県 富津市 青木 124-1　イオンモール富津2F","2"
"タイトーFステーションニューコースト新浦安","bDNQv6EWCgZsxSuQoOQP2A","千葉県 浦安市 明海 4-1-1　ニューコースト新浦安3F","2"
"namcoシェラトントーキョーベイ","U93fBIt9albDZ059R3cuLg","千葉県 浦安市 舞浜 1-9　シェラトン・グランデ・トーキョーベイ・ホテル　オアシス2F","2"
"ポニー四街道","TplBG55LbbpNBtkBAEzDrg","千葉県 四街道市 中央 5　イトーヨーカドー四街道店2F","2"
"モーリーファンタジー八街","vzY9TJt4dWFtCzmftp0rkg","千葉県 八街市 文違 301　グリーンタウン八街SC　イオン八街店1F","2"
"モーリーファンタジー千葉ニュータウン","QFf5fZzFkT8E03ZThsuuBw","千葉県 印西市 中央北 3-1-1　イオンモール千葉ニュータウン　イオン千葉ニュータウン店3F","2"
"ゲームランド千葉ニュータウン","FrM3OwFiPqlVEhEmJXSauA","千葉県 印西市 中央北 3-2　イオンモール千葉ニュータウン　モール棟3F","2"
"フリスポ佐原","uL41kWjtAY4HQb0NTrRjzQ","千葉県 香取市 佐原イ 4200　佐原ミナミボウルゲームコーナー","2"
"千葉ポートタワー","hewLrwe2I6RGpEleyF3GcA","千葉県 千葉市中央区 中央港 1　千葉ポートパーク内","1"
"千葉ポートタウン","SlqcqEq6gm0je6dpZK3OKQ","千葉県 千葉市中央区 問屋町 1-50　千葉ポートタウン2Fゲームコーナー","1"
"GiGO 千葉","TVjWplj3qPM7t21sQBKqjw","千葉県 千葉市中央区 富士見 2-4-1","1"
"GiGO フェスティバルウォーク蘇我","LYXd3H3X48UR3XIOQc8Tkg","千葉県 千葉市中央区 川崎町 51-1　ハーバーシティ蘇我フェスティバルウォーク　アミューズメント棟1F","1"
"キャッツアイ東千葉","Q1SvxDpfxGBP8HkJU7m6SA","千葉県 千葉市中央区 祐光 3-2-1","1"
"アミュージアム稲毛","YoquBXrzcKqDtA0NECan9A","千葉県 千葉市稲毛区 小仲台 1-4-20　イオン稲毛店3F","1"
"ゲームファンタジア千葉北","dS5LOZfqNQMYrC8NtQMp_g","千葉県 千葉市稲毛区 山王町 310-1　ROUTE66PARK内","1"
"ゲオ稲毛","2lvya6AxYOb5bwMw_HMTcg","千葉県 千葉市稲毛区 山王町 336-2","1"
"GiGO クレーンゲームオアシスワンズモール","1Q04k-lPWEtNacti98VNgw","千葉県 千葉市稲毛区 長沼町 330-50　ワンズモール3F","1"
"アミュージアムあすみが丘","mo6K7FGRqYQRjpYUtIMUDQ","千葉県 千葉市緑区 あすみが丘 7-1　あすみが丘ブランニューモール2F","1"
"モーリーファンタジー幕張新都心","jJ7QohrWiEdt0kzZik-AYg","千葉県 千葉市美浜区 豊砂 1-1他　イオンモール幕張新都心　ファミリーモール2F","1"
"ソユープレイランドソピア幕張","2IVlQxF2409WdaGLYnKgcw","千葉県 千葉市花見川区 幕張町 4-417-25　イトーヨーカドー幕張店2F","1"
"ソユーゲームフィールド千城台","Vd8glGlp0Y0ZlMUSjWafew","千葉県 千葉市若葉区 千城台北 3-21-1　イコアス千城台3F","1"
"モーリーファンタジーSOCOLA南行徳","Tyay-wovupNHZP9R75m12w","千葉県 市川市 南行徳 2-20-25　SOCOLA南行徳2F","1"
"モーリーファンタジー市川妙典","i2eAXPhzQy5sOudD8FaSDQ","千葉県 市川市 妙典 5-3-1　イオン市川妙典店3F","1"
"アピナ津田沼","yCSprGR5Ry1b0fYJZP9V_A","千葉県 船橋市 前原西 2-19-1　津田沼ビート3F　301区画","1"
"ラッキーポケット下総中山","IsdiSLkupAhDGvu6L-KIyQ","千葉県 船橋市 本中山 2-10-1　マルエツ下総中山店1F","1"
"アドアーズ船橋","BI_m_MDOkQMnkT4V5bATAA","千葉県 船橋市 本町 1-31-26　セブン船橋B1～4F","1"
"GiGO ららテラスTOKYO-BAY","AFBgU2eZTssi7UXubjVWAQ","千葉県 船橋市 若松 2-2-1　ららテラスTOKYO-BAY1F","1"
"館山ヤングボウル","KHZInd870RgwqnV5ayUbQw","千葉県 館山市 北条 1564","1"
"GAME＆GO！KISARAZU","0OEQtYUNclrH8CYHlDTBow","千葉県 木更津市 太田 2-5-1　精文館書店木更津店内ゲームコーナー","1"
"モーリーファンタジー木更津","vH0iYs8innEyGpAKaDmVqg","千葉県 木更津市 築地 1-4　イオンモール木更津　イオン木更津店2F","1"
"タイトーステーション茂原アスモ","ouWWCLWcohp7u4ZeZJg2YA","千葉県 茂原市 高師 1735　茂原ショッピングプラザアスモ2F","1"
"NICOPAイオンタウン成田富里","K6BGUQbAHWwyO4iNgjLLfQ","千葉県 成田市 東町 133　イオンタウン成田富里2F","1"
"ファミリーランドあそびのくにベイシア佐倉","mmiG4eJd9vrIJmr3ASKS2w","千葉県 佐倉市 寺崎北 6-1-1　ベイシア佐倉店内","1"
"パラボランド東金","BIOdME4pfFshhqqm2mG1sA","千葉県 東金市 東岩崎 8-10　東金SCサンピア3F","1"
"タイトーステーション旭サンモール","-Y3iROI8vlVBQT8xJEPaYg","千葉県 旭市 イ -2676-1　サンモール3F","1"
"GiGO 旭","Q4LyI7FYX7SxoEtEK5OM-g","千葉県 旭市 ニ字野場 3150-1","1"
"モーリーファンタジー津田沼","YB4_n4jE1jk4HiTQF8XDbw","千葉県 習志野市 津田沼 1-23-1　イオンモール津田沼　イオン津田沼店3F","1"
"GiGO 柏","biV5H1Babq1Lc-MTLKHe-Q","千葉県 柏市 柏 1-1-11　ファミリかしわB1F","1"
"柏ガリバー","r8-OtXqZTh_79G7MGYKUvw","千葉県 柏市 柏 1-1-11　ファミリかしわB1F","1"
"アドアーズ柏","G8Jw_AlH3Lu5QnKGkJsxWg","千葉県 柏市 柏 1-3-1　柏長崎屋共同ビル1F","1"
"ファミリーランドあそびのくにベイシア市原八幡","Ixzqv1HIfqxaOQbWQob6ig","千葉県 市原市 八幡 字海岸2381-1　ベイシア市原八幡店内","1"
"ハロータイトー流山","9Jr5dOR9CLaJjZV6eV6gag","千葉県 流山市 流山 9-800-2　イトーヨーカドー流山店3F","1"
"NICOPAあびこショッピングプラザ","5iH_qipsqI4vfzFT605AwA","千葉県 我孫子市 我孫子 4-11-1　あびこショッピングプラザ2F","1"
"ファミリーランドあそびのくにベイシア鴨川","jJ5qisioMLsJtUmHaxFRGw","千葉県 鴨川市 貝渚字中川間 300　ベイシア鴨川店内","1"
"GiGO MEGAドン・キホーテ四街道","uIIpaYZGBOKuxKlCa2bHHA","千葉県 四街道市 めいわ 2-1-1　MEGAドン・キホーテ四街道店2F","1"
"モーリーファンタジー長浦","j9oTd93-kFHEv7Qkofw-4g","千葉県 袖ケ浦市 長浦駅前 1-7　イオン長浦店2F","1"
"八街ヤングボウル","5pSQSRzQzH6jTll8ga43ag","千葉県 八街市 八街ほ 380-11","1"
"GiGO ジョイフル本田千葉ニュータウン","SuamsejnGrJehJBi83fmWA","千葉県 印西市 牧の原 2-1　ジョイフル本田千葉ニュータウン店2F","1"
"ゲオ富里","UEQMHGLDdzCkA8WdbsDQTg","千葉県 富里市 七栄 575","1"
"ファンタジープラザ成東","do7CJR0zQ8r2IQJ7B3G1Kw","千葉県 山武市 成東 1808-1　MEGAドン・キホーテ　ラパーク成東店2F","1"
"メルヘンランドアミリー大網","74FEmm2Kf9Eqx3ZQBXCMgQ","千葉県 大網白里市 みやこ野 1-1-1　アミリィ大網白里SC3F","1"
"ファミリーランドあそびのくに大網白里","M8d41sVXT8F0KPDzv2ClKw","千葉県 大網白里市 大網 273-2　ベイシア大網白里店1F","1"
"ファミリーランドあそびのくにベイシア長生","hyQoE9qk7i3Idzomqc7CQQ","千葉県 長生郡長生村 金田 3237　ベイシア長生店内","1"
"namco秋葉原","s-OlMZTtnjjcIfIGK4NaUA","東京都 千代田区 外神田 1-15-9","8"
"東京レジャーランド池袋","S3_B7xA2Tj-RCDAqAoEhDA","東京都 豊島区 東池袋 1-29-1　サントロペ池袋2・3F","8"
"ラウンドワンスタジアムダイバーシティ東京プラザ","DR-gIODZjvd0wOxtt8Sklg","東京都 江東区 青海 1-1-10　ダイバーシティ東京プラザ6F　61000番","7"
"GiGO 総本店","TzT3X8yKwuVVbfYS6FNJ1g","東京都 豊島区 東池袋 1-13-6","7"
"GiGO 秋葉原3号館","WMmdPnfhjImvS2zUNFut3Q","東京都 千代田区 外神田 1-11-11　外神田1丁目ビルディング","6"
"タイトーFステーションオリナス錦糸町","RaZcGCcd8ZbHCrhGIY8zBA","東京都 墨田区 太平 4-1-2　オリナスモールB1F","6"
"namco池袋","jFeULgmmhH-7muXm7pMcnw","東京都 豊島区 東池袋 1-22-10　ヒューマックスパビリオン池袋サンシャイン60通り1F","6"
"namcoららぽーと立川立飛1号","5ib43fYRsAq0x8H9KhERBg","東京都 立川市 泉町 935-1　ららぽーと立川立飛3F","6"
"東京レジャーランド吉祥寺","nAU8y234GWkWLkAsxdpmlQ","東京都 武蔵野市 吉祥寺本町 1-3-7　YSビルB1～4F","6"
"ユーズランド日の出","epO3RpifzpZpLxfF1iasgQ","東京都 西多摩郡日の出町 平井字三吉野桜木 237-3　イオンモール日の出3F","6"
"シルクハット秋葉原","_x_sbeEM1ywpVwbW4m-LWw","東京都 千代田区 外神田 1-10-9","5"
"新宿スポーツランド本館","YElI7xKKPkVecrB1Yf0BtA","東京都 新宿区 新宿 3-22-12","5"
"タイトーステーション新宿南口ゲームワールド","kjwJcVqJoOp6fCNeraaMCg","東京都 新宿区 新宿 3-35-8","5"
"namcoTOKYO","hotRQxxY5I9ORgh2YrsqVA","東京都 新宿区 歌舞伎町 1-29-1　東急歌舞伎町タワー3F","5"
"タイトーステーションBIGBOX高田馬場","SNT5FrR1RNQH3ToEods_6g","東京都 新宿区 高田馬場 1-35-3　BIG BOX高田馬場6F","5"
"GiGO 東京ドームシティ","xnGhK1JAbCzgOAcdhKgrWw","東京都 文京区 後楽 1-3-61　アミューズメント部","5"
"ゲームセンターWILL WGC","RJeQ16DDc4abdIq9Dbhr4w","東京都 立川市 羽衣町 2-4-13　羽衣長田ビル101　WGC","5"
"GiGO 調布","0A7nzWOnXbkzhigGVlB_bw","東京都 調布市 布田 4-2-4","5"
"タイトーステーション秋葉原","_eibz69Hb8bFn6hEZQmGMQ","東京都 千代田区 外神田 4-2-2　貴三ビル","4"
"タイトーステーション新宿東口","cbsbP0WpTjKN6-9nexwQfg","東京都 新宿区 新宿 3-22-7　指田ビル","4"
"ゲームパニック新宿歌舞伎町","kogiSusW_Xa8raSLz4QVYA","東京都 新宿区 歌舞伎町 1-20-1　ヒューマックスパビリオン新宿歌舞伎町1F・2F","4"
"タイトーステーション新宿歌舞伎町","mS4ICgIU8pdhHqKONI-dTg","東京都 新宿区 歌舞伎町 1-23-1　GE新宿ビル","4"
"GiGO 神楽坂","eODcmAvB7oiXpnqG3r8_yg","東京都 新宿区 神楽坂 2-11　第2カグラヒルズ1F","4"
"タイトーステーション浅草","NvptRj3H7LEmwZ3agBeeGw","東京都 台東区 浅草 1-27-5","4"
"アドアーズ亀戸","cwCi9f1M_FyyJTXuymC4iw","東京都 江東区 亀戸 5-2-6　サンエービル1～5F","4"
"アドアーズ渋谷","F4P1nSSaJ-oLx0AmPL3TaQ","東京都 渋谷区 宇田川町 13-11　KN渋谷1ビル1～4F","4"
"GiGO 渋谷宮益坂","2xEHM65OS8rDRV9Enc_Whw","東京都 渋谷区 渋谷 1-14-14　EST渋谷東口会館1F","4"
"タイトーステーション渋谷","EZWTlW64YKypLebpLtzA3Q","東京都 渋谷区 渋谷 1-24-12　渋谷東映プラザビルB1・1F","4"
"namco中野","BlQ9dEVrA_Oj20-Ywyri5Q","東京都 中野区 中野 5-52-15　中野ブロードウェイ別館","4"
"アミューズメントスペースルモンド巣鴨","LiSKQnY3uaAIbF6VESskVw","東京都 豊島区 巣鴨 2-5-9　藤田ビル","4"
"ラウンドワン池袋","XVFBqLGoGGtHLD-_2pm7tQ","東京都 豊島区 東池袋 1-14-1　池袋スクエア内","4"
"タイトーステーション池袋西口","bOP7azTcoAY7m5DWVD9WwA","東京都 豊島区 西池袋 1-15-9","4"
"namco王子サンスクエア","7QH3F8Il6P_PZfkdDdFTrg","東京都 北区 王子 1-4-1　サンスクエアビル2F","4"
"ラウンドワンスタジアム板橋","6uH9mqwjq-ezWQbDb6cFsg","東京都 板橋区 相生町 16-13","4"
"シルクハット八王子","uCuTGy2TKkyo_DKTEyQwGg","東京都 八王子市 旭町 2-5　八王子ツインタワービルA館","4"
"タイトーステーション立川北口","Yih1CoKG2xSObe7uo60VVw","東京都 立川市 曙町 2-4-5","4"
"GiGO イオンモールむさし村山","406iM-QvTIdgqtFquhD-ZA","東京都 武蔵村山市 榎 1-1-3　イオンモールむさし村山2F","4"
"東京レジャーランド秋葉原","YlXs7PTJ5d1KKhc6E0qvcA","東京都 千代田区 外神田 1-9-5","3"
"東京レジャーランド秋葉原2号","Fkt_NpDF1gcaMOz7dpSMqA","東京都 千代田区 外神田 4-3-3　ミナミビル6・7F","3"
"GiGO新宿西口","QBMUwlBi9EUfqaBNd-XFZQ","東京都 新宿区 西新宿 1-12-5　西口三平ビル","3"
"ラウンドワン南砂","wtvj3IWp4Y3zTXdJHHQYog","東京都 江東区 南砂 6-7-15　南砂町SCトピレックプラザ4F","3"
"タイトーステーション南砂町SUNAMO","q4gwAQ7OvhlW3Il3_aa7-Q","東京都 江東区 新砂 3-4-31　南砂町SC　SUNAMO4F","3"
"GiGO 自由が丘","nzyp7oMZCZYKxaGPZ7ESoQ","東京都 目黒区 自由が丘 2-10-9","3"
"GiGO 大森","qjSW1JBzYceqBvnOnUsiig","東京都 大田区 山王 2-1-5　大森駅ララビル2F","3"
"シルクハット蒲田西口","ZFlsXGcII04t-cmIufQU_g","東京都 大田区 西蒲田 7-2-3　第二醍醐ビルB1～2F","3"
"世田谷オークラボウル","G5yEZ3ZeU3rhPNN6l77utw","東京都 世田谷区 桜 3-24-1","3"
"GiGO 渋谷","G8fs_Pms0jKJY92ukwjHEg","東京都 渋谷区 宇田川町 29-4","3"
"アピナ荻窪","AKbzQtbQxbTAACYifp4ABQ","東京都 杉並区 上荻 1-13-10　ハクサンビル","3"
"アピナ成増","YEM5keYnNSgyUcPSMFHUaw","東京都 板橋区 成増 2-21-2　MEGAドン・キホーテ成増店5F","3"
"東京レジャーランド亀有","7WeZp98sG5l5t298FDHPPA","東京都 葛飾区 亀有 3-21-2","3"
"こち亀ゲームぱ～く","o_kdQyC1ozIzjXo7WkU5vw","東京都 葛飾区 亀有 3-49-3　アリオ亀有3F","3"
"GiGO 船堀","F0m56VLrB_9JV-XVDwEOWw","東京都 江戸川区 船堀 1-6-11","3"
"アピナ八王子みなみ野","iqhcSwoVCCllFHhUa5G4gQ","東京都 八王子市 みなみ野 1-2-1　アクロスモール3F","3"
"GiGO 立川","l1PJ2RhdSrzlUBvi1hI1ow","東京都 立川市 柴崎町 3-2-1　サザンビル1F","3"
"プラサカプコン吉祥寺","m5Fn3xvt1CTW_CexoKpzqA","東京都 武蔵野市 吉祥寺本町 1-10-1　いなりやビルB1F","3"
"ラウンドワン吉祥寺","Yuo1s49iDiztJYkC7i3vrA","東京都 武蔵野市 吉祥寺本町 1-11-22","3"
"ラウンドワン府中本町駅前","Tk0mfSgQLoQ1yJXInOLHlg","東京都 府中市 本町 1-13-3　カネタビル","3"
"GiGO 町田","p_8gYsYmf71ucHkZWTjV6w","東京都 町田市 原町田 6-13-17　アーバンミサワビルB1・1F","3"
"タイトーステーション町田","WTq6n5ZpC40Z8CPuEWRrXA","東京都 町田市 原町田 6-21-23　松山ビル","3"
"GiGO 南町田グランベリーパークワンダーシアター","PMsO4eW_3Cm-ZT39jSglOw","東京都 町田市 鶴間 3-4-1　グランベリーパークワンダーシアター1F　H103","3"
"アミューズメントスペースカプセル","WaaJBnx2sz6NQCPIbprnhQ","東京都 多摩市 永山 1-3-4　ヒューマックスパビリオン永山B1～2F","3"
"Amusement＆Game MAGHREB","3f2m-WCjPzKI_MasZEjnNw","東京都 多摩市 落合 1-39-2　マグレブビル1F","3"
"Hey","_QJ_v7QJD6_3GmPsuxTnrw","東京都 千代田区 外神田 1-10-5　廣瀬本社ビル","2"
"東京ジョイポリス","1YMP4dZyJ15gjG782-d2Jg","東京都 港区 台場 1-6-1　デックス東京ビーチ3～5F","2"
"東京レジャーランドお台場","12cdvx6_bJv3aOlmAmOPEQ","東京都 港区 台場 1-7-1　アクアシティお台場4F4A区画","2"
"アミューズメントアイランド","3GJkAq2lH4VpuLMmtpEQhg","東京都 港区 高輪 4-10-30　品川プリンスホテル　アネックスタワー内ボウリングセンター1F","2"
"GiGO 新宿歌舞伎町","5gJkcHIk7sqR7gJn30EUvg","東京都 新宿区 歌舞伎町 1-21-1　第二東亜会館1・2F","2"
"GiGO 新大久保","yHO_xyw3mDBqSu0oggn-Ew","東京都 新宿区 百人町 2-10-1　南雲ビルB1F","2"
"GiGO 高田馬場","LkdrLwBP7_O-w3HliV6VsA","東京都 新宿区 高田馬場 4-7-5　高田馬場グランド東京ビル","2"
"タイトーステーション上野アメ横","iiq20kMDQS2Uz99D2HvUhg","東京都 台東区 上野 4-10-17","2"
"タイトーステーション上野御徒町","exTyM-RAJo6XRc0A1lMJ7w","東京都 台東区 上野 4-6-9　湯島商事ビル","2"
"アドアーズ上野アメ横","_Yws2EzN95JD_MlHXBz4qA","東京都 台東区 上野 4-9-14　上野K.K.ビルB1～4F","2"
"アドアーズ浅草","vej3pd48eMKhUc4RyQa-Gw","東京都 台東区 浅草 1-42-4　パシフィックコート浅草B1・1F","2"
"namcoイトーヨーカドー曳舟","2Yx8E_hxUcCCKdSIUlBJYQ","東京都 墨田区 京島 1-2-1　イトーヨーカドー曳舟店4F","2"
"タイトーステーション錦糸町楽天地","oERfbDdmSSmABdi_f-U2Vg","東京都 墨田区 江東橋 4-27-14　楽天地ビルB1F","2"
"ハローズガーデン北砂","JQ-p_GcEa1wZovrVEZ3Emg","東京都 江東区 北砂 2-17-1　アリオ北砂3F","2"
"モーリーファンタジー南砂","qY4lFN1WMGmH2slOan2WeQ","東京都 江東区 南砂 6-7-15　南砂町SCトピレックプラザ　イオン南砂店3F","2"
"GiGO 有明ガーデン","bauevgJYb4Jp7kNyApHzYg","東京都 江東区 有明 2-1-8　ショッピングシティ有明ガーデン5F　501区画","2"
"namcoイトーヨーカドー木場","i9PpUmUjt5HDVXPTLJavMg","東京都 江東区 木場 1-5-30　イトーヨーカドー木場店2・3F","2"
"モーリーファンタジー東雲","rEM6t3ulG2KDbF7oNHRRYg","東京都 江東区 東雲 1-9-10　イオン東雲SC　イオン東雲店2F","2"
"アミュージアム豊洲","QvANxPU-tBCNn7oXIxXEiw","東京都 江東区 豊洲 2-4-9　アーバンドックららぽーと豊洲　シップIV3F","2"
"GiGO 武蔵小山","9hqThtUwMME0MA7jUJQMaQ","東京都 品川区 小山 3-22-19","2"
"モーリーファンタジー品川シーサイド","It1v2rZFLzN0moQ7OfG4yw","東京都 品川区 東品川 4-12-5　イオン品川シーサイドSC　イオン品川シーサイド店2F","2"
"ソユーザウルスワールド大森","Tdz5gso00z1Kmy4Vu0UaSw","東京都 大田区 大森北 2-13-1　イトーヨーカドー大森店3F","2"
"タイトーステーションBIGFUN平和島","tt1xG6-inRsGlqnHfENCYA","東京都 大田区 平和島 1-1-1　BIGFAN平和島3F","2"
"GiGO 池上","UrybCfG7VA7e2Q_ySXZ3kg","東京都 大田区 池上 6-2-3　松山ビル2F","2"
"GiGO マルエツ新糀谷","gYz2F_bVwCad2DZzHonH8A","東京都 大田区 萩中 2-12-5　マルエツ新糀谷店2F","2"
"namco東急プラザ蒲田","ix-IN0euCwHAiljq-I0bNg","東京都 大田区 西蒲田 7-69-1　東急プラザ蒲田7F","2"
"アミューズメントスペースASO:VIBA！","FFmEzNE2SNEmuVWU8Yywpg","東京都 渋谷区 恵比寿 1-10-5　三恵エビスビル2・3F","2"
"アドアーズ中野","-NoWkNoJwRiNep1LBnGxtA","東京都 中野区 中野 5-52-15　中野ブロードウェイ1F　185","2"
"ゲームW","SJTfTmHPxS6xeskbr9uzQA","東京都 豊島区 南長崎 5-27-6","2"
"プラサカプコン池袋","dcMwW_nQJnVbU0sfIGSVcg","東京都 豊島区 東池袋 1-30-1　キュープラザ池袋3F","2"
"ハイパーレーン","GPNs0SV4UPqXvSADJP1tQw","東京都 豊島区 東池袋 1-43-6　D-BOXビル3・4F","2"
"GiGO 赤羽駅前","ENHwoDol8N96gUob6ofMcw","東京都 北区 赤羽 1-2-4","2"
"GiGO 赤羽","xghdJL0PpJS_PJ719smIVg","東京都 北区 赤羽 1-7-9　赤羽第一葉山ビルB1F","2"
"ゲームサファリ大山","qIXiCUHTHWPk8lIeUBgV-w","東京都 板橋区 大山東町 60-10　やすだ大山駅前店2F","2"
"モーリーファンタジー板橋","Wi7cefJYlgfMYOM32O6EMg","東京都 板橋区 徳丸 2-6-1　イオン板橋SC　イオン板橋店3F","2"
"GiGO 成増","oNbBERUpz-gXjHPUUaLyhg","東京都 板橋区 成増 2-17-24　五曠第6ビル","2"
"キッズパーク リヴィン光が丘","Ju5OQ__Z64kR67oRK8-vvw","東京都 練馬区 光が丘 5-1-1　IMA リヴィン光が丘5F","2"
"namcoイオン練馬","q_Cd3yoVdSiy4d_zd0Wpxg","東京都 練馬区 光が丘 5-1-1　イオン練馬店4F","2"
"アミュージアムOSC","LkcTe8MfE8pjGrqnd0uhWA","東京都 練馬区 東大泉 2-34-1　オズ・スタジオ・シティ2F","2"
"GiGO 竹の塚","hG35cxR2XNJmIno4y-RfkA","東京都 足立区 竹の塚 6-8-6","2"
"あそんじゃ王国アリオ西新井","uj6hHJIdE-uL9JgQNdKeqA","東京都 足立区 西新井栄町 1-20-1　イトーヨーカドーアリオ西新井店3F","2"
"プラサカプコンららテラス北綾瀬","dSXXM7b6yfCwMn0f1-YlHw","東京都 足立区 谷中 4-8-1　ららテラス北綾瀬4F","2"
"アドアーズ新小岩","6LLAHzMEASAvjK_ozDYSXg","東京都 葛飾区 新小岩 1-44-4　リバティビルB1～3F","2"
"GiGO 立石","K0KhwOJWpnhq0siWWnWqwA","東京都 葛飾区 立石 7-3-3","2"
"GiGO アリオ葛西","-DYK7w1QS75RSMjV7He65w","東京都 江戸川区 東葛西 9-3-3　イトーヨーカドーアリオ葛西店3F","2"
"GiGO ラパーク瑞江","L2vRuh7QvWxr8Z7DjlVbEg","東京都 江戸川区 瑞江 2-1-2　ドン・キホーテラパーク瑞江店4F","2"
"キャッツアイ西葛西","rya1VIqf7E2s3iDCKZD6tA","東京都 江戸川区 西葛西 4-2-28　サニーモール西葛西3F","2"
"GiGO 西葛西","22ncYCzeXPyf8D8UDEmr9w","東京都 江戸川区 西葛西 5-1-14　第一保志ビル","2"
"NICOPA＆nico ground イーアス高尾","IeR6Cx2dpBuaDfbgiquq1A","東京都 八王子市 東浅川町 550-1　iias高尾2F","2"
"ゲームプラザセントラル八王子","Z_52hsJrffyzWMqIs5C-Og","東京都 八王子市 東町 12-15　第五セントラルビル","2"
"GiGO 八王子高倉","KIdCTp9vgKMB1pOWen-b8Q","東京都 八王子市 高倉町 55-4","2"
"ポニー武蔵境","ccrKVgBZE-cycdYMgERVoQ","東京都 武蔵野市 境南町 2-2-20　イトーヨーカドー武蔵境店東館3F","2"
"プラサカプコン府中","AGo4Pk-iP5_sf7JH3O4M5w","東京都 府中市 宮町 1-41-2　ミッテン府中7F","2"
"タイトーステーション府中くるる","4kkElOI-sKkvti76LIxk3Q","東京都 府中市 宮町 1-50　くるるB1F","2"
"アクエス","TBmaAS2H9iPEMR4xaD9rmQ","東京都 府中市 西府町 3-15-20","2"
"ピーターパンと仲間たち昭島","8w_F59RGBY3E0Df9pKfMfQ","東京都 昭島市 田中町 573-1-2　モリタウン北館店内","2"
"アドアーズ仙川","r-qoNkjNS-0akdAPimoKXA","東京都 調布市 仙川町 2-21-12　VICビル7　1～3F","2"
"GiGO イトーヨーカドー国領","sX_S4FmXYlqox2SztOp7fg","東京都 調布市 国領町 8-2-64　イトーヨーカドー国領店3F","2"
"ラウンドワンクレーンゲームパーク調布駅前","U-ilELHCKfZif6MCsUoSCQ","東京都 調布市 小島町 1-35-5　調布アミックスビル2F","2"
"アミューズランドモナコ調布駅前","u3rUqN1J7ItwkxYdQYgi8g","東京都 調布市 布田 4-2-22","2"
"アドアーズ町田","X0PvqucbXboibf0_RtkFcQ","東京都 町田市 原町田 6-21-25　大正堂第2ビル1～4F","2"
"ラウンドワンクレーンゲームパーク町田ジョルナ","ltXD1A6ooK1iN9lPWmhb3g","東京都 町田市 原町田 6-6-14　町田ジョルナ3F","2"
"ラウンドワン町田","lRJjNr5TpAmhIptlbQXoKw","東京都 町田市 森野 1-13-14","2"
"GiGO 南町田グランベリーパークキッズディスカバリー","4QaAaMFPAERunpkf3wkdZA","東京都 町田市 鶴間 3-4-1　グランベリーパークキッズディスカバリー2F　E201","2"
"大栄ボウル","1qPn_maeWyw4a88uwI1N4g","東京都 小金井市 本町 5-38-36　大栄スポーツプラザビル","2"
"ハローズガーデン武蔵小金井","6tT_UNSou4ml3G17b9Rznw","東京都 小金井市 本町 6-14-9　イトーヨーカドー武蔵小金井店4F","2"
"モーリーファンタジー小平","1aTAPOT4k6OB9Hrl3g-Iuw","東京都 小平市 小川東町 2-12-1　ダイエー小平店2F","2"
"モーリーファンタジー多摩平の森","gQVv8S5d6BK0yrUAdQkbaQ","東京都 日野市 多摩平 2-4-1　イオンモール多摩平の森3F","2"
"タイトーステーション国分寺","vfwnTBMykKE4MtOGLeikWg","東京都 国分寺市 本町 3-5-11","2"
"わいわいランド福生","VFyAKornqyTTbrZm6Xnq1Q","東京都 福生市 東町 5-1　西友福生店5F","2"
"モーリーファンタジー東久留米","152o8zV2JQBz3aQrvKOCVg","東京都 東久留米市 南沢 5-17　イオンモール東久留米　イオン東久留米店3F","2"
"GiGO イトーヨーカドー東久留米","a7GX7n4d7b4V2m_zfgUZdQ","東京都 東久留米市 本町 3-8-1　イトーヨーカドー東久留米店3F","2"
"ラウンドワン武蔵村山","8iZuUbTglvWjD2OAAv7VYw","東京都 武蔵村山市 伊奈平 3-1-1","2"
"モーリーファンタジーむさし村山","cNHghHm2ikn1Z91MP-p07Q","東京都 武蔵村山市 榎 1-1-3　イオンモールむさし村山　イオンむさし村山店3F","2"
"PRIZE SPOT PALO + TOYS SPOT PALOグリナード永山","doQczpN71C92qz4PLG3tOQ","東京都 多摩市 永山 1-4","2"
"タイトーステーション多摩センター新丘の上パティオ","B13ruAQU2jFzjI9ZOtipfA","東京都 多摩市 落合 1-45-2　丘の上パティオ1F","2"
"GiGO ヴィータモールせいせき","f1J3JU55n1BNigJO8f7BkQ","東京都 多摩市 関戸 4-72　ヴィータモールせいせき6F","2"
"プレイパーク","RhyyxniuTa6-rGtIq4qZvQ","東京都 稲城市 矢野口 4015-1　よみうりランド内","2"
"プリモピア台場","41XB_AsOnhJh3b74hVRsBQ","東京都 港区 台場 1-6-1　デックス東京ビーチアイランドモール3F","1"
"新宿バッティングセンター","VVjkB7GJhTmmHHwrv9Yzgg","東京都 新宿区 歌舞伎町 2-21-13","1"
"東京ドーム","DzJh3p3imGH09tNwqr7bMg","東京都 文京区 後楽 1-3-61　黄色いビル4Fゲームコーナー","1"
"浅草花やしき","lvztauTwGzvKw0_DBZXDOQ","東京都 台東区 浅草 2-28-1","1"
"GiGO オリンピック墨田文花","JkrRfmFAchhye-5DB1bcNw","東京都 墨田区 文花 1-31-9　オリンピック墨田文花店1F","1"
"NICOPA＆nico ground 丸井錦糸町","9UxfU9xawTt5US_u2C9sGg","東京都 墨田区 江東橋 3-9-10　丸井錦糸町店4F","1"
"イトーヨーカドー大井町","PeHyc3QU6i85_hR5NNg50g","東京都 品川区 大井 1-3-6　イトーヨーカドー大井町店内ゲームコーナー","1"
"LABI品川大井町","iU5qMcXFp4t359MzjcGZQQ","東京都 品川区 東大井 5-20-1","1"
"シルクハット大森","6986OGVEBEi0hNaIcq_zrg","東京都 大田区 山王 2-4-1　大森駅前ビル2F","1"
"ゲームズIMON蒲田","9Ce74OSWlnbIWSxZDEQjHw","東京都 大田区 西蒲田 8-24-12　IMONボウル1F","1"
"ライフ経堂","Cm_8FUzn8-oJSNwBT_8anw","東京都 世田谷区 経堂 5-32-6　ライフ経堂店2Fゲームコーナー","1"
"ゲームスタジオキューブ高円寺","mirODnjHkJm2DgjAYFT80g","東京都 杉並区 高円寺南 4-26-12　福丸ビルB1F","1"
"池袋バッティングセンター","cCO3H1rEh-R4uZW2ZAWv3Q","東京都 豊島区 東池袋 1-30-1　キュープラザ池袋屋上","1"
"にこはぴきっず池袋","w2IonDKqCD09m8oITgrLLg","東京都 豊島区 西池袋 1-1-25　東武百貨店池袋本店7F","1"
"タイトーステーション池袋ロサ","m02isnaIz2ETdsmu5FB_0Q","東京都 豊島区 西池袋 1-37-12　ロサ会館1F","1"
"わいわいランド赤羽","fTxPMEEwjyS4UEcA6hRyfQ","東京都 北区 赤羽西 1-7-1　イトーヨーカドー赤羽店6F","1"
"アミュージアム大泉","wLRdCQMB9f2vnuM-cxFuPg","東京都 練馬区 東大泉 2-10-11　LIVINオズ大泉店5F","1"
"ゲームパーク石神井公園","znVi0xnIOyxDSaOI1AhYQA","東京都 練馬区 石神井町 3-17-16","1"
"ミラクルイン中村橋","zbk5tSAhBMM3jbB3cBoX0Q","東京都 練馬区 貫井 1-1-2　YKビル2F","1"
"ウェアハウス保木間","O812QeQDwrGKUMuMdZgmPw","東京都 足立区 保木間 1-1-19","1"
"ウェアハウス入谷","8NcfMa5gz3-W39SpLji9Cw","東京都 足立区 入谷 7-8-11","1"
"ゲオ鹿浜","jG6v-qviKaO6F8ohTvnujA","東京都 足立区 谷在家 2-11-2","1"
"イトーヨーカドーアリオ亀有","nRfKI6w13y59SI7tNE6DvQ","東京都 葛飾区 亀有 3-49-3　アリオ亀有　イトーヨーカドーアリオ亀有店3F玩具売場","1"
"わいわいランド四つ木","w9OzFwLcTs6X1Tp9hppEaA","東京都 葛飾区 四つ木 2-21-1　イトーヨーカドー四つ木店3F","1"
"東京天然温泉古代の湯","O3kz7U_o15RnTI5XL6M3pw","東京都 葛飾区 奥戸 4-2-1　3Fゲームコーナー","1"
"葛飾ヤングボウル","KwvufRIKXJIlEaMkZVn3Rg","東京都 葛飾区 青戸 5-13-3","1"
"江戸川ヤングボウル","_PcS3ppN4kNpsZy2HUKmPQ","東京都 江戸川区 中央 4-22-25","1"
"イトーヨーカドーアリオ葛西","THjwwoLghjQKVl76GIIozw","東京都 江戸川区 東葛西 9-3-3　アリオ葛西","1"
"NICOPA葛西","RYxU68tj--S9fwyDQurshQ","東京都 江戸川区 東葛西 9-3-6　島忠ホームズ葛西店1F","1"
"イトーヨーカドー小岩","NbITNUqM4Pv2cOEuk8vRPw","東京都 江戸川区 西小岩 1-24-1","1"
"NOSICA葛西","z-QwEWG2vqjWmE_VzOthgA","東京都 江戸川区 西葛西 3-9-19　イオン葛西店3F","1"
"東京あそびマーレ","TgeLVcI32ANM6LLScQomuw","東京都 八王子市 別所 2-1-2　ビア長池新館内","1"
"ソユーゲームフィールド南大沢","ybQovipNqQtFMTG0kzOKvw","東京都 八王子市 南大沢 2-28-1　イトーヨーカドー南大沢店2F","1"
"GiGO イトーヨーカドー八王子","KCDpykrJIG5cCpmdW8D-nQ","東京都 八王子市 狭間町 1462-1　イトーヨーカドー八王子店3F","1"
"NICOPA吉祥寺","27fuIzXsQrp7342Y4o33uw","東京都 武蔵野市 吉祥寺本町 1-11-5　コピス吉祥寺5F","1"
"キャロム青梅","ZE12GWkELK5D0AR-iCvjgw","東京都 青梅市 千ケ瀬町 4-326-1","1"
"ゲオ青梅新町","MW6svIKeHmbyCpvr8DyxPA","東京都 青梅市 新町 5-4-3","1"
"ハローズ府中四谷","CpJ7OIkDoFsMZfSUAy0iCw","東京都 府中市 四谷 5-23-12　ホームセンターコーナン府中四谷店内ゲームコーナー","1"
"GiGO 府中","zTsTkYbfbM6UbSyAtyEzYQ","東京都 府中市 西原町 1-6-2　府中クレッセ2F","1"
"アミュージアムモリタウン昭島","K81Z-jDUc8wUeyYANYxlrg","東京都 昭島市 田中町 562-1　モリタウン東館2F","1"
"にこぱ仙川","ehEoBvwdzcrHvrjHuBSaaA","東京都 調布市 若葉町 2-1-7　島忠ホームズ仙川店2F","1"
"シルクハット町田モディ","nPhIRtdehBFY8FxJlM8DFQ","東京都 町田市 原町田 6-2-6　町田モディ4F","1"
"アソビニムチュウ町田多摩境","rzx_GhDJQkCG_LCUKFhRLQ","東京都 町田市 小山ヶ丘 6-1-10　MrMax町田多摩境店内","1"
"GiGO ままともプラザ町田","Qimz6KkP2n9iBpT96B1byQ","東京都 町田市 旭町 1-24-1　ままともプラザ町田2Fゲームコーナー","1"
"GiGO アメリア町田根岸ショッピングセンター","5Rl0zG39vsZc7p4vt4GPqQ","東京都 町田市 根岸町 2-18-1　アメリア三和町田根岸店2F","1"
"東京・湯河原温泉 万葉の湯","nNpCrsiOEBNAmf04o7qZJA","東京都 町田市 鶴間 7-3-1","1"
"ウェアハウス一橋学園","rzoBvmyQ0uKnIKRR1VbGSw","東京都 小平市 学園東町 1-4-39　平山ビル3F","1"
"GiGO 福生","sE6mrk-qjpgYfhozpXyhTA","東京都 福生市 福生 1076-1","1"
"モーリーファンタジークルネ","my6k76LfojcuQF6u6NHnsQ","東京都 東久留米市 野火止 1-3-3　東久留米SCクルネ1F","1"
"タイトーFステーションダイエー武蔵村山","kjN7yY7SlHDPY42s3KSA2w","東京都 武蔵村山市 伊奈平 3-36-1　ダイエー武蔵村山店2F","1"
"カラフルパーク聖蹟桜ヶ丘","IcOri8yUA1jlv6I_euTO9A","東京都 多摩市 関戸 1-1-5　ザ・スクエア聖蹟桜ヶ丘B1F","1"
"キッズトレイン聖蹟桜ヶ丘","5wUQVJS6V5wHNCcMzzB1eg","東京都 多摩市 関戸 1-10-1　京王聖蹟桜ヶ丘SC　A館8F","1"
"GiGO SOCOLA若葉台","DOX1pBoxJpd9DPzJU5Hvmg","東京都 稲城市 坂浜 1325-1　SOCOLA若葉台3F","1"
"GiGO アメリア稲城ショッピングセンター","8M9GzdnZtykbmYYeTa83Hw","東京都 稲城市 矢野口 2284-1　アメリア稲城SC2F","1"
"アミュージアムフレスポ若葉台","TpHOHHkO8jhiewae2bD-tg","東京都 稲城市 若葉台 2-4-2　フレスポ若葉台2F","1"
"ゲームパラダイス東京サマーランド","3QPt6MoA-UQ0WES3Xb0D-A","東京都 あきる野市 上代継 600","1"
"ハローズガーデンあきる野プレイス","xhtoJSYL_-tzXYlNqQRC7g","東京都 あきる野市 秋川 1-17-1　あきる野プレイス4F","1"
"モーリーファンタジー日の出","H__aCLDatVC4vXWkLxLfoQ","東京都 西多摩郡日の出町 平井 字三吉野桜木237-3　イオンモール日の出　イオン日の出店3F","1"
"namco横浜ワールドポーターズ","Q5OczLieLAzSlPoEDhZ4-Q","神奈川県 横浜市中区 新港 2-2-1　横浜ワールドポーターズ5F","8"
"イミグランデ日吉","vfZAAwvNliDaDTWBVTGb-Q","神奈川県 横浜市港北区 日吉 2-2-4　日吉ビル","6"
"イミグランデ溝口2","Vx8sAuPrtu7_4338AZsIhA","神奈川県 川崎市高津区 溝口 1-14-7　第2カスタムビル1～4F","6"
"namcoコースカベイサイドストアーズ（横須賀）","-HzWRzG8ozBdATAgsnokfg","神奈川県 横須賀市 本町 2-1-12　コースカベイサイドストアーズ5F","6"
"ラウンドワン横浜駅西口","iLHpYbDKF0BZL-z8dGegTw","神奈川県 横浜市西区 南幸 2-8-16","5"
"サープラ横浜あそびタウン","aYhZHEmQz1GdXwTIIf2d6Q","神奈川県 横浜市都筑区 中川中央 1-25-1　ノースポート・モール6F","5"
"namcoラゾーナ川崎","JepYjIF4b83oo9KAFsFwBA","神奈川県 川崎市幸区 堀川町 72-1　LAZONA川崎プラザ4F","5"
"バンダイナムコ Cross Store 横浜","p6-3QZ8AM5V1Z0sj1mBqrw","神奈川県 横浜市中区 新港 2-2-1　横浜ワールドポーターズビブレ2F","4"
"タイトーステーション横浜西口五番街","yxzxsSQbWwWnWaXvuAOtwA","神奈川県 横浜市西区 南幸 1-12-9","4"
"シルクハット川崎モアーズ","WMFhuhyYqB97ZnO74L8ySA","神奈川県 川崎市川崎区 駅前本町 7　川崎モアーズ1・2F","4"
"シルクハット川崎ダイス","WbwlFMTjE71sKGogTo1c5w","神奈川県 川崎市川崎区 駅前本町 8　ダイスビルB2F","4"
"タイトーステーション溝の口","eY7_H2gIdEfHI6x8OJ8H8w","神奈川県 川崎市高津区 溝口 1-11-8　OKKA634ビル1F","4"
"GiGO 相模大野","9C7K-2_jTflBNREdgq967A","神奈川県 相模原市南区 相模大野 3-13-2　東和ビル2・3F","4"
"アピナ橋本","9Ko9cYGAzOzBsFpId1Bh_w","神奈川県 相模原市緑区 西橋本 5-1-1　ラ・フロール駐車場棟1F","4"
"ラウンドワンさいか屋横須賀","eRqySWPI8CQgA2J-dgLaRw","神奈川県 横須賀市 大滝町 1-13　さいか屋横須賀店内","4"
"namcoOSC湘南シティ","iURdWRx_bncPkhvF0ukncA","神奈川県 平塚市 代官町 33-1　OSC湘南シティ内","4"
"イミグランデ本厚木","3kjcvUgwBgdd5btGMJ_Tkg","神奈川県 厚木市 中町 3-2-1　新中川ビル","4"
"神奈川レジャーランド厚木","o_SaLBY9p4_2lfp9Y3ro5g","神奈川県 厚木市 戸室 5-31-1　アツギ・トレリス2F","4"
"タイトーステーション海老名ビナウォーク","p1BhZ0KnX4eNQCNYDIwiBA","神奈川県 海老名市 中央 1-18-1　ビナウォーク6番館2F","4"
"namcoイオンモール座間","hyMBjTex6cF3s7nClXAb-Q","神奈川県 座間市 広野台 2-10-4　イオンモール座間3F","4"
"アピナ山下公園","0dE1anABv5c2Du7yJhTnJw","神奈川県 横浜市中区 新山下 1-2-8　港山下ナナイロビル2F","3"
"よこはまコスモワールド 一文字地区","mjFNBxOzFvYMWe0FJjm4NQ","神奈川県 横浜市中区 新港 2-8-1","3"
"GiGO綱島","qlt9SDdZg6F2XuuT8v_h3w","神奈川県 横浜市港北区 綱島西 2-6-29　城田ビル1～3F","3"
"アミューズメントパークジアス上大岡","7pcdi0GG86PjSUjHsJxjew","神奈川県 横浜市港南区 上大岡西 2-1-28　アカフーパーク1・2F","3"
"カプコミクスみなとみらい","VqIMDGDdSsHRRmQCV5wxVg","神奈川県 横浜市西区 みなとみらい 3-5-1　マークイズみなとみらい4F　404区画","3"
"エディオン横浜西口本店","KPX9y8Q7YKkl1IXqFwOobQ","神奈川県 横浜市西区 南幸 2-16-1　エディオン横浜西口本店6F　アソビニスタ　CeeUYokohama内","3"
"イトーヨーカドーららぽーと横浜店2Fゲームコーナー","7c5DDKnSZTWlv7FMNDJuhg","神奈川県 横浜市都筑区 池辺町 4035-1　イトーヨーカドーららぽーと横浜店2F","3"
"namco港北TOKYU S.C.","sVjhQCTJtRpLdOHIET0jyA","神奈川県 横浜市都筑区 茅ケ崎中央 5-1　港北TOKYU SC6F","3"
"タイトーFステーション向ヶ丘遊園","ifuqpcbwK9lgu2zCURVyVQ","神奈川県 川崎市多摩区 登戸 2718-1","3"
"ラウンドワンスタジアム川崎大師","IaOkkHseA-BKry96dQ2Wqg","神奈川県 川崎市川崎区 殿町 1-5-1","3"
"GiGO アリオ橋本","baJMfr5vD5SHSGHgayIdhQ","神奈川県 相模原市緑区 大山町 1-22　アリオ橋本2F","3"
"アドアーズ橋本","YS5oS-yQQGQLIICVQtj6ww","神奈川県 相模原市緑区 橋本 3-3-1　SING橋本2F","3"
"ソユーゲームフィールド橋本","EQ0GESZJKeJmZO4P6I2-aQ","神奈川県 相模原市緑区 西橋本 5-4-3　コトエ橋本2F","3"
"ラウンドワンららぽーと湘南平塚","GRo_mC02M87GF-6ttlHpOA","神奈川県 平塚市 天沼 10-1　ららぽーと湘南平塚3F","3"
"楽市楽座湘南藤沢","X8jTn_dm6aWKJe3IT8tFdA","神奈川県 藤沢市 辻堂新町 4-3-5　MrMax湘南藤沢SC2F","3"
"namcoダイナシティ小田原","-zyYOs68QiR3Lnd3fIU7hA","神奈川県 小田原市 中里 208　小田原ダイナシティWEST4F","3"
"シルクハット海老名マルイ","zqb7qWXUrDaV1yuJ-FBkMA","神奈川県 海老名市 中央 1-6-1　海老名マルイ3F","3"
"GiGO 横浜中華街","i3rMR-liFXBX6qiYdAkm7Q","神奈川県 横浜市中区 山下町 80-1","2"
"横浜みなとみらい 万葉の湯","W4zRCdVH9l8Ai3Q1YGMjWA","神奈川県 横浜市中区 新港 2-7-1　8Fお祭り広場","2"
"モーリーファンタジー東戸塚","B0sjcOvJWr5jv2OBXyZGwA","神奈川県 横浜市戸塚区 品濃町 535-1　オーロラシティ　イオンスタイル東戸塚4F","2"
"タイトーステーション戸塚西口","qPEde2NsqUOT7R5n1QDqUA","神奈川県 横浜市戸塚区 戸塚町 4023","2"
"NICOPA四季の森フォレオ","UYvXnAyKG4UmaYX9p_0aqw","神奈川県 横浜市旭区 上白根 3-41-1　横浜四季の森フォレオ3F","2"
"ASOBLEゆめが丘ソラトス","1CAOKfUPp_Ue4ryWiD1ULQ","神奈川県 横浜市泉区 下飯田町字大原 1584-2　ゆめが丘ソラトス3F　303-304区画","2"
"キッズプラザきゃらんど立場","G2fXrLxOfkT139wZ3iUbjg","神奈川県 横浜市泉区 中田西 1-1-15　イトーヨーカドー立場店3F","2"
"ラウンドワン横浜綱島","f6Gz2DZZ45_Di1FNbogGAA","神奈川県 横浜市港北区 樽町 2-6-40　T-PLATZ","2"
"ソユーゲームフィールド上大岡","ndQ_rD2lezuhAo6TbS4JNg","神奈川県 横浜市港南区 上大岡西 1-18-3　ミオカリスト館6F","2"
"モーリーファンタジー港南台","RsP85CQmFJkg9J9JQNVUQg","神奈川県 横浜市港南区 港南台 3-1-2　イオンフードスタイル港南台店4F","2"
"GiGO 新杉田","OLKTYMadAAtvWIItlgQmSw","神奈川県 横浜市磯子区 杉田 1-1-1　らびすた新杉田2F","2"
"GiGO イオンスタイル東神奈川","3LC91o-E-UZG-_TLRB9SAQ","神奈川県 横浜市神奈川区 富家町 1　イオンスタイル東神奈川店4F","2"
"クレハピ横浜アソビル","x5_gos41BQcH_r8Xw5Np5A","神奈川県 横浜市西区 高島 2-14-9　アソビル3F","2"
"モーリーファンタジー港北","aycDsQWpiLhoywW7gyic5Q","神奈川県 横浜市都筑区 中川中央 1-31-1　モザイクモール港北5F","2"
"GiGO 港北インター","7vwCKZ0ruNLUK-MPdfq5kQ","神奈川県 横浜市都筑区 東方町 321-6","2"
"イトーヨーカドーららぽーと横浜","f5Lz2KobCh-TUrXAPtik0w","神奈川県 横浜市都筑区 池辺町 4035-1　ららぽーと横浜イトーヨーカドー店内","2"
"GiGO センター南","W-xCYkmE4lyJN6SsSKg6hA","神奈川県 横浜市都筑区 茅ケ崎中央 3-25　aune港北1F","2"
"モーリーファンタジー金沢八景","E6eOccu9tfU7_1la09fALQ","神奈川県 横浜市金沢区 泥亀 1-27-1　イオン金沢八景店2F","2"
"キッズパーク イトーヨーカドー能見台","BqNgs33wAQf9VGT-TWMEdw","神奈川県 横浜市金沢区 能見台東 3-1　イトーヨーカドー能見台店3F","2"
"イトーヨーカドーグランツリー武蔵小杉","oMUIgh9QR0TjcVy_CWfA3Q","神奈川県 川崎市中原区 新丸子東 3-1135-1　イトーヨーカドーグランツリー武蔵小杉店4Fゲームコーナー","2"
"タイトーステーションラ チッタデッラ川崎","aOOOfCqknLW6hTyWiSzlbQ","神奈川県 川崎市川崎区 小川町 1-18　ラ チッタデッラB1F","2"
"プレイランド川崎","rijikWxhn0AhAekIU_i08w","神奈川県 川崎市川崎区 小田栄 2-2-1　エスパ川崎店3F","2"
"タイトーFステーション川崎ルフロン","-dWCZuDUJQCn_j1PvR_3HA","神奈川県 川崎市川崎区 日進町 1-11　川崎ルフロン10F","2"
"ベネクス川崎","xF5VtyJI4KUBcZEq97NxVw","神奈川県 川崎市川崎区 鋼管通 4-8-3","2"
"モーリーファンタジークロスガーデン川崎","tkOGL4Kw0javabSjgJ73wg","神奈川県 川崎市幸区 小倉 5-19-23","2"
"イオン新百合ヶ丘ファミリーパーク","pcDifHTgTnw9Tot-wMtbbw","神奈川県 川崎市麻生区 上麻生 1-19　イオン新百合ヶ丘店4F","2"
"GiGO 相模原","WMrnB_FuR_TpvfOUyfy0MQ","神奈川県 相模原市中央区 中央 2-1-5　ムトス内","2"
"モーリーファンタジーイオン相模原","M3iExTbbwtUQoMZnDjoqqg","神奈川県 相模原市南区 古淵 2-10-1　イオン相模原SC　イオン相模原店3F","2"
"ASOBLEイオン相模原","rlkp4epYvX5-KWq7PUrCDQ","神奈川県 相模原市南区 古淵 2-10-1　イオン相模原SC内","2"
"モーリーファンタジー久里浜","mse4kaCz9P2kUbKaPlNniA","神奈川県 横須賀市 久里浜 5-13-1　イオン横須賀久里浜SC　イオン久里浜店2F","2"
"キッズパーク リヴィンよこすか","zGOcMb79ojkZVelUym-n8w","神奈川県 横須賀市 平成町 3-21-4　リヴィンよこすか店2F","2"
"アドアーズ横須賀","Kf4U1-oVznb3BZGpfI937g","神奈川県 横須賀市 本町 3-27　ベイスクエアよこすか一番館　横須賀APT1F","2"
"プラサカプコン横須賀","4B4XPEruyp_8pkZ0uX-9Ug","神奈川県 横須賀市 若松町 2-30　横須賀モアーズシティ4F","2"
"シルクハット大船","otcrs1raTlcj0Y7VIIIXxQ","神奈川県 鎌倉市 大船 1-24　大船駅前ビル1～3F","2"
"メルヘンランドコーナン鎌倉大船","OdgzJNIV2-l1Y6gK4OZPzQ","神奈川県 鎌倉市 岡本 1188ｰ1　コーナン鎌倉大船店SCF","2"
"タイトーステーション藤沢","F8N26FXO5XFiVtl2VstIPA","神奈川県 藤沢市 南藤沢 21-1","2"
"GiGO 本藤沢","RMX-dUCjpOYMZXuun0uTww","神奈川県 藤沢市 本藤沢 5-6-8","2"
"ソユーゲームフィールド湘南","7fyQDAxbw7eevjc06evvVQ","神奈川県 藤沢市 辻堂新町 4-1-1　湘南モールフィル2F","2"
"GiGO ダイナシティ小田原","rfTL6dh7z-Zs0ZHdzVs21A","神奈川県 小田原市 中里 296-1　小田原ダイナシティイーストモール　イトーヨーカドー小田原店3F","2"
"タイトーステーション小田原シティーモールクレッセ","AxGtDHGXTV77MMhLzDwi2w","神奈川県 小田原市 前川 120　小田原シティーモールクレッセ2F","2"
"アミューズメントワールド メトロポリス小田原","ljRWgmWbQdDuEtdv7t_lLg","神奈川県 小田原市 前川 219-4","2"
"タイトーステーション小田原","tl3ILb4IiSWu2UicdxmvZw","神奈川県 小田原市 栄町 1-3-12","2"
"GiGO BLiX茅ヶ崎","tXNGWgX5ywCTltGCCgkTrw","神奈川県 茅ヶ崎市 新栄町 11‐8　BLiX茅ヶ崎3F","2"
"モーリーファンタジー茅ヶ崎中央","vqbH9PEkQISTQEMQUXERmg","神奈川県 茅ヶ崎市 茅ヶ崎 3-5-16　イオン茅ヶ崎中央SC　イオン茅ヶ崎中央店3F","2"
"モーリーファンタジー秦野","PSXuTifVhNdsXEc1wCRkzA","神奈川県 秦野市 入船町 12-1　イオン秦野SC　イオン秦野店2F","2"
"シルクハット本厚木","OF08CLy2ZYxo5YBHpXbdVg","神奈川県 厚木市 中町 3-4-22　第二会田ビル2F","2"
"モーリーファンタジー大和鶴間","i7t4NAYi46bgRl92Wmoqcg","神奈川県 大和市 下鶴間 1-2-1　イオンモール大和　イオン大和鶴間店3F","2"
"イトーヨーカドー大和鶴間","LxpAKmsbogvQ2_rleVGd8Q","神奈川県 大和市 下鶴間 1-3-1","2"
"プレイランド大和鶴間","w5I6X4CJoonyQr7PSdXbww","神奈川県 大和市 下鶴間 1-3-1　イトーヨーカドー大和鶴間店3F","2"
"アドアーズ大和店A館","YDbiNkERtIuup42PF5Rg6w","神奈川県 大和市 大和東 1-4-3　大黒屋ビル1・2F","2"
"モーリーファンタジー大和","AGrynBRFY0Ra2_4NVVrWkQ","神奈川県 大和市 渋谷 6-6-1　イオン大和SC　イオン大和店3F","2"
"ファミリーランド伊勢原","6Mer02inNB0lkz_thpcxfA","神奈川県 伊勢原市 桜台 1-8-1　イトーヨーカドー伊勢原店5F","2"
"GiGO 海老名","KxAMy5MG4-qR-fmzJMSeMg","神奈川県 海老名市 中央 1-4-31　海老名プラザビル1F","2"
"テクモピア座間","wJn189RjTcI93VI3P7FFBA","神奈川県 座間市 ひばりが丘 4-11-48","2"
"namco伊勢佐木町","RI_c3JAyUwm4vDL9-DcFIg","神奈川県 横浜市中区 伊勢佐木町 3-95","1"
"シルクハット伊勢佐木町","3bWuQDdHOePICuG1SK56wA","神奈川県 横浜市中区 伊勢佐木町 3-96　日活会館3F","1"
"モーリーファンタジー本牧","NfDLJThZ22j6osQC12Sc1Q","神奈川県 横浜市中区 本牧原 7-1　イオン本牧店5F","1"
"モーリーファンタジー天王町","U8NV3iSHoDhB06SPg7cANw","神奈川県 横浜市保土ケ谷区 川辺町 3","1"
"タイトーステーションイトーヨーカドー横浜別所","jtDOKaHSxlVurjnLbqzByQ","神奈川県 横浜市南区 別所 1-14-1　イトーヨーカドー横浜別所店2F","1"
"スイーツファンタジーパックン戸塚","csuzBwt5Beu4632TS9sTFQ","神奈川県 横浜市戸塚区 上倉田町 769-1　アピタ戸塚店3F","1"
"GiGO 西武東戸塚SCアネックス館","TyVrOkZR9sBmT8yAHx0_fg","神奈川県 横浜市戸塚区 品濃町 536-1　西武東戸塚SCアネックス館7F","1"
"モーリーファンタジーサクラス戸塚","Rd8tP1Y8LFBt01eY82kRnQ","神奈川県 横浜市戸塚区 戸塚町 4253-1　サクラス戸塚2F","1"
"アミューズメントパラダイスシティ","1nNhNgerzZf0BN56kqPrYQ","神奈川県 横浜市旭区 二俣川 1-43-28　ドン・キホーテ二俣川店5F","1"
"モーリーファンタジー横浜新吉田","RLHk1yTzgRG-MO4JLVSxMA","神奈川県 横浜市港北区 新吉田東 8-49-1　イオン横浜新吉田SC　イオン横浜新吉田店2F","1"
"イミグランデ日吉3号館","VQf1lCht-fVzxdbf6yfW2g","神奈川県 横浜市港北区 日吉 2-4-2","1"
"イトーヨーカドー上永谷","qHqa8_B7Vntb7AGTRmM3xw","神奈川県 横浜市港南区 丸山台 1-12　イトーヨーカドー上永谷店内ゲームコーナー","1"
"プラサカプコン磯子","YKD2zpcnt73lwwmCDGDxGQ","神奈川県 横浜市磯子区 磯子 1-1-1　マリコム磯子SC2F","1"
"スイーツファクトリーパックン長津田","z1ogZGk5c0uWlGCFGyZXSg","神奈川県 横浜市緑区 長津田みなみ台 4-7-1　アピタ長津田店2F","1"
"GiGO クレーンゲームオアシス都筑","F5mYgfIH21FnNe5DZzP-sg","神奈川県 横浜市都筑区 川和町 846−1","1"
"namcoららぽーと横浜","pGj68PtwBGGUcC-GR3Mv6w","神奈川県 横浜市都筑区 池辺町 4035-1　ららぽーと横浜2F","1"
"スコナランド金沢シーサイド","C5Ox7_JOjgceWts51qnu2g","神奈川県 横浜市金沢区 並木 2-13-1　イオン金沢シーサイド店3F","1"
"スイーツファンタジーパックン金沢文庫","XvZlp7PNfIaceTHO1bt-eg","神奈川県 横浜市金沢区 釜利谷東 2-1-1　アピタ金沢文庫店2F","1"
"HapipiLandこどもの国","RunlEiPdFgeif4by62jPsw","神奈川県 横浜市青葉区 奈良町 1-2-1　W.A.OこどものくにSC　スーパー三和子供の国店3F","1"
"NICOPAクロス向ヶ丘","Av9V5DOpJr5qd2T6ZL4VSA","神奈川県 川崎市多摩区 登戸 2779-1　クロス向ヶ丘2F","1"
"GiGO ホームズ川崎大師","2Oime5RRSZJs1mNhDGsvcQ","神奈川県 川崎市川崎区 中瀬 3-20-20　島忠ホームズ川崎大師店2F","1"
"川崎グランドボウル","65zaHB5lr2dkJ0a9e2msng","神奈川県 川崎市川崎区 宮前町 11-14","1"
"NICOPA＆nico ground 川崎","aX-EcaAoUcx6fd7LJj36NA","神奈川県 川崎市川崎区 富士見 1-5-5　マーケットスクエア川崎イースト1F","1"
"モーリーファンタジー川崎小田栄","aij0WrbodTQpyxrs0Ak1cw","神奈川県 川崎市川崎区 小田栄 2-3-1　ホームセンターコーナン川崎小田栄店2F","1"
"コジマ×ビックカメラ梶ヶ谷","m8I6A0rdVwOdA6KaVqtfgw","神奈川県 川崎市高津区 梶ケ谷 2-2-3","1"
"キッズトレイン上溝","rcI9vQlRj0AvdjLxueGhcg","神奈川県 相模原市中央区 上溝 5-14-19　ダイエー上溝店4F","1"
"GiGO 相模原ラクーン","bQVpPdAejXefD_AE1iv3vA","神奈川県 相模原市中央区 小山 1-1-14　相模原ラクーン1F","1"
"モーリーファンタジー相模原小山","6PfrtVKtotPQcDQmOO4FUQ","神奈川県 相模原市中央区 小山 3-37-1　ホームセンターコーナン相模原小山店2F","1"
"GiGO イトーヨーカドー古淵","tQFCXz_7_svm7a3CfroHFw","神奈川県 相模原市南区 古淵 3-13-33　イトーヨーカドー古淵店3F","1"
"ニコパニトリモール相模原","j46D5Oh6nIxVUdfkx2xUkg","神奈川県 相模原市南区 大野台 6-1-1　ニトリモール相模原3F","1"
"キッズトレイン相模原","8k-hvFLEDQOB6SUNS0FCRA","神奈川県 相模原市南区 松が枝町 17-1　イトーヨーカドー相模原店3F","1"
"さがみ湖リゾートプレジャーフォレスト","F-AQQOyUTVM78ZAkqEZyVg","神奈川県 相模原市緑区 若柳 1634","1"
"ヴィスポ横須賀ゲームコーナー","HOFBv5Jmd63rlu0ApJv3DA","神奈川県 横須賀市 平成町 2-14-1　ヴィスポ横須賀店内","1"
"湘南あそびマーレ","ojR4WPnlJrg4wpLCXvWOKA","神奈川県 平塚市 代官町 33-1　OSC湘南シティC棟1F","1"
"ヒロタバッティングセンター","W79no6cMA7jwwwqODzmdEA","神奈川県 藤沢市 下土棚 310","1"
"ピカキッズ湘南台","-locy79O6eGX3-_QdfZEaw","神奈川県 藤沢市 石川 6-2-1　イトーヨーカドー湘南台店3F","1"
"小田原お堀端 万葉の湯","IuyfHkmLW2hYTxiVHqabiQ","神奈川県 小田原市 栄町 1-5-14","1"
"モーリーファンタジー湘南茅ヶ崎","0nPY5gRdUx8YGtUtWABKtw","神奈川県 茅ヶ崎市 茅ヶ崎 2-7-71　イオンスタイル湘南茅ヶ崎2F","1"
"NICOPA厚木","10fmymcZz9vw8jLJGMUdPA","神奈川県 厚木市 中町 1-5-10　厚木ガーデンシティ5F","1"
"GiGO 本厚木","Ep8tBi7yccD3iMy9IQmm5w","神奈川県 厚木市 中町 4-15-9","1"
"アストロ大和バッティングセンター","mEvEJytUs74MfEsa3nf2xA","神奈川県 大和市 下鶴間 807-1","1"
"イミグランデ大和","DoucgpS0c-IIVwGMbt8GRw","神奈川県 大和市 鶴間 2-12-27","1"
"ハローズさがみ野","dbwgNeBEgSrdIEeSQ0tPlQ","神奈川県 海老名市 東柏ケ谷 5-14-6　マルエツさがみ野店内","1"
"モーリーファンタジー座間","83gYn2le03mjntTW-mv3HA","神奈川県 座間市 広野台 2-10-4　イオンモール座間　イオンスタイル座間3F","1"
"ハローズ愛川","0umtYIXp88BSWt7yaSTAwQ","神奈川県 愛甲郡愛川町 角田 580　スーパーアルプス愛川店内ゲームコーナー","1"
"カプコサーカス新潟東","_INsvFeP7CpdKNhIuNirQg","新潟県 新潟市東区 大形本町 3-1-2　イオン新潟東店内ゲームコーナー","5"
"アピナ上越インター","W8qyQVpIPFZMR36VQhCVfA","新潟県 上越市 富岡 3439","5"
"namco新潟","u1MTTl5i_F7FWUKSJ1zXRA","新潟県 新潟市中央区 南笹口 1-1-1　ひもろぎビル2F","4"
"ラウンドワンスタジアム新潟","UBZ7CvGInO9gbMiWlFrd9g","新潟県 新潟市中央区 美咲町 2-1-38","4"
"アピナ長岡","Xx9pnqr56FJdIleelpltxg","新潟県 長岡市 堺東町 22","4"
"タイトーFステーション上越","38xbgYVvaTvabTSyLEmWvA","新潟県 上越市 富岡 3524　J-MAXシアター内1F","3"
"タイトーステーション新潟ラブラ2","uKlvolgJbNOQ4-TGxG-Faw","新潟県 新潟市中央区 万代 1-4-8　ラブラ2　3F","2"
"GiGO 万代シテイバスセンタービル","nX70DlbkhIJsmLAo_nfS1w","新潟県 新潟市中央区 万代 1-6-1　万代シテイバスセンタービル2・3F","2"
"ビルボードプレイスゲームコーナー","C3k3NXGnFFh1M00c7Rp2uw","新潟県 新潟市中央区 八千代 2-5-7　万代シテイビルボードプレイス／BP2内","2"
"モーリーファンタジー新潟東","xaeflXOf7X_FNw21IdaC5Q","新潟県 新潟市東区 大形本町 3-1-2　イオン新潟東店3F","2"
"モーリーファンタジー新潟亀田インター","e7e4C1rI9lLD8UuRTh2-4Q","新潟県 新潟市江南区 下早通柳田 1-1-1　イオンモール新潟亀田インター　イオン新潟亀田インター店3F","2"
"タイトーFステーションイオン新潟西","YZOZPARktXVDDYIaK8By8g","新潟県 新潟市西区 小新南 2-1-10　イオン新潟西店3F","2"
"モーリーファンタジー新潟青山","vRI6mrf18I0StbrI6S1SvA","新潟県 新潟市西区 青山 2-5-1　イオン新潟青山SC　イオン新潟青山店2F","2"
"GiGO リバーサイド千秋","sV3xKmSvZSKVwe2FMrLHXg","新潟県 長岡市 千秋 2-278　リバーサイド千秋　アピタ長岡店2F","2"
"ナムコランドイオン長岡","CYZkNV17tfpN1rDjwOAnMw","新潟県 長岡市 古正寺 1-249-1　イオン長岡店3F","2"
"namcoMEGAドン・キホーテ柏崎","HbvXR3-7B8QNgaRuXeJU3w","新潟県 柏崎市 東長浜町 4-15　MEGAドン・キホーテ柏崎店2F","2"
"モーリーファンタジー新発田","YmkPEIZNfZhhuES-RPPgEQ","新潟県 新発田市 住吉町 5-11-5　イオンモール新発田　イオン新発田店2F","2"
"ハローズガーデンプラス新発田","aFVOUrGEG0OLRp8nBqPshw","新潟県 新発田市 住吉町 5-11-5　イオンモール新発田店2F","2"
"HapipiLand十日町","NI_UUYDD00WXoITfRabp0w","新潟県 十日町市 丑 735-1","2"
"メジャーロード見附 WEST","ezgJOEwX-ATGXfNh4cvYvg","新潟県 見附市 上新田町字下野沖 516-1","2"
"タイトーFステーション燕三条","xlta14dMp9G6-c3r_3tWdg","新潟県 燕市 井土巻 3-150　イオン県央店アメニティ棟1F","2"
"上越レジャーランボウル","g8UVj9xJd4ZkJsc6bTL6Hw","新潟県 上越市 下門前 827-2","2"
"モーリーファンタジー六日町","1Q2K4_2swhib7V5FaRminw","新潟県 南魚沼市 余川 3100　イオン六日町店2F","2"
"DeKKY401ファミリーパーク","Gt-f80r9hJtoywvdDcYH1w","新潟県 新潟市中央区 上近江 4-12-20　DeKKY401　2F","1"
"ベイシア新潟豊栄店あそびのくに","J3SbB0uyQgj2J7NPPrmPcQ","新潟県 新潟市北区 かぶとやま 2-1-62　ベイシア新潟豊栄店内","1"
"メジャーロード白根","Mw7azTRwlTbUUgkT1XbRwA","新潟県 新潟市南区 上下諏訪木字論地 948-2","1"
"ハローズガーデン新潟亀田","44-kK1Ul0WP2D4UaMJxFjQ","新潟県 新潟市江南区 鵜ノ子 4-466　アピタ新潟亀田店2F","1"
"ゲオ寺尾","E1gH4R0L3RxOs7R2D8D8JA","新潟県 新潟市西区 五十嵐東 1-7-1","1"
"ファミリーアミューズメント新潟西","n3FDcGLRIUhNBVvP-OFhAw","新潟県 新潟市西区 小新 474　アピタ新潟西店2F","1"
"メジャーロード黒埼","h8JdNNRcv--4DyoBv82BUA","新潟県 新潟市西区 山田 3303","1"
"プレイハウスエリナ","_m5Ev6dznTYU6QaUInFl9g","新潟県 新潟市西蒲区 津雲田 640","1"
"ASOBLEそよら三条須頃","KvGWj_ZCwhbLWK4vo4cXrQ","新潟県 三条市 上須頃 5009番1外　そよら三条須頃内","1"
"ベイシア小千谷店あそびのくに","TbmNGME-i0qq0MSXF_19yw","新潟県 小千谷市 三仏生上林 3489-2　ベイシア小千谷店内","1"
"モーリーファンタジー小千谷","OvsTZ-F2gXCXrckUcw-wHQ","新潟県 小千谷市 大字平沢新田字荒田 339　イオン小千谷2F","1"
"モーリーファンタジー十日町","9GJs8eNqeD5bw5YbD1YNsg","新潟県 十日町市 川端丑 784-1　イオン十日町店1F","1"
"PALO十日町","vDjfxMkl-p8abIJLFspRuA","新潟県 十日町市 旭町 161　リオン・ドール十日町店1F","1"
"MEGAGET村上","ad53-Dj_W8T19mGjnz1QYg","新潟県 村上市 仲間町 200　村上プラザ1F","1"
"メジャーロード村上","TFYDizJXksAA1Sis7Ylafg","新潟県 村上市 仲間町 字坂下535-1","1"
"モーリーファンタジー県央","G5sIhs0Bo5WtaRPjeijvkw","新潟県 燕市 井土巻 3-65　イオン県央店2F","1"
"VIVAZONE糸魚川","5yYAc6lYCmgG9vPlhGz7ZA","新潟県 糸魚川市 寺島 3-2-40　ヴィラオレッタ糸魚川2F","1"
"ゲームピコ上越","aw95ZehTYi-TbbrBKF_HrA","新潟県 妙高市 栗原 4-7-11　新井ショッピングセンター1F","1"
"モーリーファンタジー上越","08vEh6ZhZp_jPq0g0vpvKA","新潟県 上越市 富岡 3458　上越SCアコーレ　イオン上越店2F","1"
"MEGAドン・キホーテ上越インター","mdS5wZFcNzizCyTS-J5KwA","新潟県 上越市 富岡 683-12","1"
"バンダイナムコ Cross Store イオンモール高岡1号","50DoEe9fQ9RlkknADiPg6Q","富山県 高岡市 下伏間江 383　イオンモール高岡西館2F　2001A","6"
"ユーズランド高岡","3maJuGQ8lsSZE3MZQZg6nw","富山県 高岡市 下伏間江 383　イオンモール高岡2F","4"
"アピナ富山南","6CjzAtyjNqashL9nDLGzqg","富山県 富山市 堀川町 355-3　マイプラザ内","3"
"タイトーステーションファボーレ婦中","dDk-DmWfyZ2qlejL4M0WUA","富山県 富山市 婦中町下轡田 165-1　フューチャーシティーファボーレ2F","3"
"富山レジャーランド掛尾","l-6y0_ej1THHfyVgj0Cgwg","富山県 富山市 掛尾町 360-1","3"
"アピナ富山新庄","qCi4e7Cy_bgSbrVffdofKg","富山県 富山市 荒川 3-2-12","3"
"トヤマレジャーランド呉羽","6OgKrYA-qnAUW0DQ_6ljLA","富山県 富山市 高木字貝塚 2054","3"
"MEGAドン・キホーテUNY魚津店ゲームコーナー","tgRR4QA8CMMql3VAbmR8qg","富山県 魚津市 住吉 600　MEGAドン・キホーテUNY魚津店2F","3"
"アピタ富山東店ゲームコーナー","1VObfsF0XZOc9-bYlbeHwg","富山県 富山市 上冨居 3-8-38　アピタ富山東店2F","2"
"namcoアピタ富山","-ctL7ooRf_tEcgwetq77PA","富山県 富山市 上袋 100-68　アピタ富山店2F","2"
"GiGO マリエとやま","b0cuYHY28hQRdLxktuYubA","富山県 富山市 桜町 1-1-61　マリエとやま4F","2"
"アピナ富山豊田","rZ-nNXYwETLGjY1DS5gu9Q","富山県 富山市 豊田町 2-12-66","2"
"トレジャーランド高岡","hk1gcWvrFEH4JThntwsJ_g","富山県 高岡市 昭和町 2-2-1","2"
"モーリーファンタジーとなみ","La7SQowA-bV0HFr9aqoDbA","富山県 砺波市 中神 1-174　イオンモールとなみ2F","2"
"MEGAドン・キホーテUNY砺波店ゲームコーナー","QXj-3W4jMarD4jVfJ5Gv_Q","富山県 砺波市 太郎丸 3-69　MEGAドン・キホーテUNY砺波店2F","2"
"富山レジャーランド射水","yovNvZ0GpRlpqv8dYI__NQ","富山県 射水市 小島 3724-1　大阪屋ショップアプリオ2F","2"
"キッズサーカス五福","Txbieh-seCESTWxL1K13dA","富山県 富山市 五福 1143-1","1"
"マンガ倉庫富山","KcwjWvOj_tVYhqeta7Oumw","富山県 富山市 黒崎 66","1"
"モーリーファンタジー高岡南","CHttSbgIGqECi5jFmifYVw","富山県 高岡市 下伏間江 383　イオンモール高岡　イオン高岡南店2F","1"
"モーリーファンタジー高岡","x01eCM4Y-YsGCF4nDLKWuw","富山県 高岡市 江尻 331-1　イオン高岡店1F","1"
"キッズサーカス魚津サンプラザ","HbYJQmQMQ56Wo7cGZ-ZNUw","富山県 魚津市 駅前新町 5-30　サンプラザ3F","1"
"プラファ氷見","qZqCKM5S52sA8Ziu9bbMDg","富山県 氷見市 加納 484","1"
"プレイスポット小矢部","GbPspZDLMM-rCIXS2Q-M-g","富山県 小矢部市 今石動町 2-9-18","1"
"モーリーファンタジー小杉","k6Y1PBNkEvI1FSK-rQKPKA","富山県 射水市 三ケ 2602　アル・プラザ小杉2F","1"
"クァトロブーム小杉","5ERITayt3aAf30Xz9xKN2Q","富山県 射水市 三ケ 2602　クァトロブーム2F","1"
"ラウンドワンスタジアム金沢","MCoRt58vlEyflG2Q0QnI5g","石川県 金沢市 横川 6-120-1","4"
"バイパスレジャーランド藤江新館","p9jy0M8iVdBbGW4nsRu-Cg","石川県 金沢市 藤江南 2-105","4"
"MIRAINOイオンモール白山","iGiQhkLIZC02yHbTIpD-Jg","石川県 白山市 横江町 5001　イオンモール白山3F","4"
"バイパスレジャーランド加賀","YJfzyxCLj5be4RETqnaFpQ","石川県 加賀市 箱宮町 ヲ1-1","3"
"バイパスレジャーランド御経塚","MuNwSS6rqTrGvi0glT_IDg","石川県 野々市市 御経塚 4-46","3"
"モーリーファンタジー杜の里","u3-wZfyDdoxieCHAEhkC7w","石川県 金沢市 もりの里 1-70　イオンもりの里SC　イオンもりの里店2F","2"
"金沢メトロポリス","4ZNdWgjLxB8urLYLMZ9jXg","石川県 金沢市 無量寺 4-121-1　アピタタウン金沢ベイ内","2"
"タイトーステーション金沢","FXI-gSELg1k9nPc0645OWQ","石川県 金沢市 片町 2-1-7　宇都宮片町ビル","2"
"楽市楽座イオンモール新小松","RiItNzQCGL1y1zT4HEqC3w","石川県 小松市 清六町 315　イオンモール新小松2F","2"
"namcoイオンモールかほく","vIUqBVGTigxOqDyhSUr8Sg","石川県 かほく市 内日角 タ25　イオンモールかほく2F","2"
"アピタ松任店ゲームコーナー","6SdZCtvsPqfKlmtO7A5BFA","石川県 白山市 幸明町 280　フェアモール松任　アピタ松任店2F","2"
"アピナ野々市","8xpUDY-Kj6r74m6ShQ1Trg","石川県 野々市市 白山町 4-1　イオンタウン野々市内","2"
"アピナ野々市バッティングスタジアム","Jt6x5QpzakJoeGExPb6eYA","石川県 野々市市 若松町 5-5","2"
"namcoアルプラザ鹿島","f5GRaK84d-U_CHONdXeGCw","石川県 鹿島郡中能登町 井田と部 1-1　アル・プラザ鹿島2F","2"
"GiGO イオンタウン金沢示野","UIk8XipLz5Yasr87wGwjNA","石川県 金沢市 戸板西 2-1　イオンタウン金沢示野内","1"
"テルメ金沢ゲームコーナー","XtyskNhmo8fQP3QyWPcosw","石川県 金沢市 松島町 17　テルメ金沢3F","1"
"ゲオ金沢東大通","tz7eWCte4Iqv8GurP2ZeNg","石川県 金沢市 神宮寺 1-8-13","1"
"アミューズアイランド金沢","_VO1zsJwtlWHnvsymNsXmg","石川県 金沢市 福久 2-58　イオン金沢店3F","1"
"ファンタジープラザ金沢","TVO4uCV1hxhgRHOuUVfl9w","石川県 金沢市 西泉 4-11　MEGAドン・キホーテ　ラパーク金沢店2F","1"
"GiGO アルプラザ金沢","WRKaPuLi44RCcBvVizd2bA","石川県 金沢市 諸江町 30-1　アル・プラザ金沢2F","1"
"アミュージアム小松","VxpS3_r4IFVTT5ixj12z1Q","石川県 小松市 園町 ハ23-1　アル・プラザ小松2F","1"
"ゲームゾーン小松","-LPBBOwE8VocOG0Bv0zB4w","石川県 小松市 平面町 ア69　イオン小松店1F","1"
"モーリーファンタジー新小松","TVs3R_C9NdtvefGQ6rZFJw","石川県 小松市 清六町 315　イオンモール新小松3F","1"
"アミューズアイランド加賀の里","gIWzGL9zmtOmJOSlVuQtyA","石川県 加賀市 上河崎町 47-1　イオン加賀の里店2F","1"
"ゲームパークMECHA加賀","HirgllGvM3s2NYjRC-mRaw","石川県 加賀市 作見町 ル25-1　アル・プラザ加賀2F","1"
"モーリーファンタジーかほく","3852-qxMu4dNCqqHcdfHIg","石川県 かほく市 内日角 タ25　イオンモールかほく　イオンかほく店2F","1"
"ゲームゾーン松任","3ekOqAzgIIjCTY9l8LvQ5w","石川県 白山市 平松町 102-1　イオン松任店2F","1"
"モーリーファンタジー白山","K7Xp4XDcyTRbChmD23Lq3w","石川県 白山市 横江町 5001　イオンモール白山　イオンスタイル白山店3F","1"
"手取フィッシュランドゲームコーナーJOY PARK","YX78tN7-Ws-b5-OTWJm54Q","石川県 能美市 粟生町 ツ58　手取フィッシュランド内","1"
"ゲオ金沢御経塚","Yl8JDUMHsUkHyhLtxyHOww","石川県 野々市市 御経塚 5-62","1"
"アミュージアム津幡","p8ageckNW5EVTRn0-1NdPw","石川県 河北郡津幡町 北中条 1-1　アル・プラザ津幡2F","1"
"プラント津端","wLESU-sZG55GrWLxe-V4LQ","石川県 河北郡津幡町 庄 ヌ3","1"
"ゲオ津幡","kHY7n1CHnaoC56KaPrOnMA","石川県 河北郡津幡町 横浜へ 24-5","1"
"福井レジャーランド板垣","ZWyJV2AbZSs5k6Pw9Z3Izg","福井県 福井市 下馬 3-112","3"
"フクイレジャーランドワイプラザ","WLk9eDt9x-cYYdo1xn80iQ","福井県 福井市 新保北 1-303　パワーシティフクイワイプラザB棟2F","3"
"GiGO 福井","g_igsDbYN_nQ1wSbvORdzw","福井県 福井市 丸山 1-410","2"
"Let's Waku2 エルパ","kMwXaX4qC8RE4J7zaHivbA","福井県 福井市 大和田 2-1212　フェアモール福井　ラブリーパートナーLPA2F","2"
"namcoフェアモール福井大和田","EuwfrAwhUjOUSWWCVy6knA","福井県 福井市 大和田 2-1230　フェアモール福井　アピタ福井大和田店2F","2"
"Let's Waku2 ジョイランドベル","6rc3PUHxIZEgdQ2-UjKUag","福井県 福井市 花堂南 2-16-1　ショッピングシティベル2F","2"
"テクモピア福井開発","Yd_9QEryGAFoS1qJ2og-Ig","福井県 福井市 西開発 3-205　そよら福井開発店2F","2"
"namcoMEGAドン・キホーテUNY福井","YeFxpGAiduSu1ig46VGv0g","福井県 福井市 飯塚町 11-111　MEGAドン・キホーテUNY福井店2F","2"
"namcoMEGAドン・キホーテUNY敦賀","imQG3MyuDDXFxgc44VLhDw","福井県 敦賀市 中央町 1-5-5　MEGAドン・キホーテUNY敦賀店2F","2"
"ジョイランド敦賀","dtX0wG3vlJ0_sD3GKPfefA","福井県 敦賀市 木崎 40　土三田12","2"
"モーリーファンタジー福井","SBaNag7GI1YfYo5E1ozGxA","福井県 福井市 松城町 12-7　パリオCITY2F","1"
"オモローランドベル","EngsdQWB_ZCKSQsDwa0LTA","福井県 福井市 花堂南 2-16-1　ショッピングシティベル2F","1"
"オモローランド敦賀","Tmc2u0YEtb9lZJtYMeL7aw","福井県 敦賀市 白銀町 11-5　アル・プラザ敦賀6F","1"
"タイトーFステーションアル・プラザ鯖江","Tw-e_MswobmAmu8kR-ixZg","福井県 鯖江市 下河端町 16-16-1　アル・プラザ鯖江内","1"
"アル・プラザボウル鯖江","k_FpEzm8tD_o_2VIrDNXSw","福井県 鯖江市 下河端町 16字下町16-1","1"
"モーリーファンタジー鯖江","ij9tm-lILDqpp0PpCJ8E8A","福井県 鯖江市 下河端町 16字下町16-1　アル・プラザ鯖江2F","1"
"GiGO 武生","vdrljDhJDOOKnaNZEC_GFA","福井県 越前市 新町 3字13-4　シピィタウン内","1"
"キッズサーカスシピィ","HlHTz88n2iKnrzitWLxiBA","福井県 越前市 新町 7-8　シピィ本館2F","1"
"PALO武生","Q4SOihzBN7EvSASDOFXP0A","福井県 越前市 横市町 28-14-1　エスカモール武生楽市2F","1"
"オモローランドイーザ","OShid863rMRLt71tkhRW4g","福井県 坂井市 三国町三国東 5-1-20　みくにショッピングワールド・イーザ内","1"
"ファンタジーランドアミ","f8g4frdahyYblcn-ONmWmg","福井県 坂井市 春江町随応寺 16-11　アル・プラザアミ2F","1"
"ゲームパニック甲府","7wX9Fw_tKIiJBrIGi8Y0Cw","山梨県 甲府市 国母 5-20-24","3"
"プラサカプコン甲府","UzSf8ZyfrDUWq0Ymx_ERdQ","山梨県 中巨摩郡昭和町 西条字北河原 3717","3"
"Game Q","Yc3taUIAXKJa96obSb2ZYQ","山梨県 富士吉田市 上吉田 2-5-1　富士山駅ビルQ-STA 4F","2"
"モーリーファンタジー甲斐敷島","R0cMmB-_4IQjWssddvSYRA","山梨県 甲斐市 中下条 2000-1　ビバモール甲斐敷島内","2"
"タイトーFステーションラザウォーク甲斐双葉","wTVOCse8TBFn2s3FKKqRzA","山梨県 甲斐市 志田 616-1　ラザウォーク甲斐双葉　アミューズメント棟2F","2"
"ハローズガーデン石和","dAZOm9WtME7sWqLX4NHXHw","山梨県 笛吹市 石和町窪中島 154　アピタ石和店2F","2"
"カバロ甲府昭和","vk-e7zy6pbP5SJZAGGZMfw","山梨県 中巨摩郡昭和町 西条 13-1　イトーヨーカドー甲府昭和店2F","2"
"イトーヨーカドー甲府昭和","lcyCY_QMWUaN1AjJpSCSkw","山梨県 中巨摩郡昭和町 西条 13-1　イトーヨーカドー甲府昭和店内","2"
"楽市楽座イオンモール甲府昭和","PlBY0UZ0a25uKvi8D3lipw","山梨県 中巨摩郡昭和町 飯喰 1505-1　イオンモール甲府昭和2F","2"
"モーリーファンタジー甲府昭和","ZDrJWnaC3q4aioaeK4TfHA","山梨県 中巨摩郡昭和町 飯喰 1505-1　イオンモール甲府昭和　イオン甲府昭和店3F","2"
"アミュージアム南アルプス","D4gZ5FZBTfQNbiaSaA-2ew","山梨県 南アルプス市 小笠原 1423-1　スーパーセンタートライアル南アルプス店1F","1"
"石和健康ランド","cGJ2C_Z2Wjwa3BB5-ajJsg","山梨県 笛吹市 石和町松本 868","1"
"モーリーファンタジー石和","g6F_wTriuFEX03IwuSCnbg","山梨県 笛吹市 石和町駅前 16-1　イオン石和店3F","1"
"スイーツ・ハートオギノリバーシティ","gfkkNrIQlvu_ip8doce9Pg","山梨県 中央市 山之神 1122","1"
"アミュージアム河口湖","1X7WwBuuS3a9obaD8i0u2w","山梨県 南都留郡富士河口湖町 船津 2986　河口湖SCベル3F","1"
"ラウンドワンスタジアム長野","mtkQGduLJYTjzlLD9puRVQ","長野県 長野市 東和田 827-6","5"
"namcoイオンモール佐久平","1RsheCe3BSTwVdRpAQ-k3A","長野県 佐久市 佐久平駅南 11-10　イオンモール佐久平2F","4"
"アピナ長野川中島","SM0BfPwPAhxqiiqgJLEC-g","長野県 長野市 川中島町御厨 967-1","3"
"アピナ松本","qed73OVsGkV6th9FBRftWw","長野県 松本市 双葉 19-10","3"
"namcoアリオ上田","QN9EKcZSRpvwwom-phZkwg","長野県 上田市 天神 3-5-1　アリオ上田1F","3"
"アピナ上田","6iA3uwN3-S_WBQxJDNlOIA","長野県 上田市 秋和 359-1","3"
"アピナ伊那","OH6diM2JRPH9tAKQLEiE7Q","長野県 伊那市 西町 5093","3"
"アピナ塩尻","TAGP6HcIYQ9m3TArdFknZQ","長野県 塩尻市 広丘野村 1794-1","3"
"アピナ長野駅前","1WvXx816lWyGfApjNfKf1g","長野県 長野市 南石堂町 1418","2"
"アピナ長野村山","_5YOgmO2urPP8OY4VAT_GA","長野県 長野市 村山 502-1","2"
"アピナ長野大橋","DNlMuFStX6DrakNL_2Pl5A","長野県 長野市 若里 7-9-12","2"
"サープラ長野あそびタウン","VAVi8zT7HVSjSw0vHySEnQ","長野県 長野市 鶴賀権堂町 1506-3　長電権堂第2ビル1F","2"
"楽市楽座イオンモール松本","vJv2AXw1kuBDRlNgwJxwBg","長野県 松本市 中央 4-9-51　イオンモール松本　風庭2F","2"
"GiGO イオンスタイル上田","D7jIwdhp_Ktlf441ppLDkQ","長野県 上田市 常田 2-12-18　イオンスタイル上田店内","2"
"モーリーファンタジー上田","MO2iGJ8s5tVngYbYC2FB9w","長野県 上田市 常田 2-12-18　イオン上田SC　イオン上田店2F","2"
"レイクウォーク岡谷店ゲームコーナー","z2PDZf3VNoecmsvK0NZ4SA","長野県 岡谷市 銀座 1-1-5　レイクウォーク岡谷2F","2"
"アピナ飯田","I2xwQDD_qRrM0jcvLAQoWA","長野県 飯田市 座光寺 3728-1","2"
"アピタ飯田店ゲームコーナー","mdbWMJ4W3oFBFtY4RSdIew","長野県 飯田市 鼎名古熊 2461　アピタ飯田店2F","2"
"ASOBLEイオンモール須坂","MCoQEE67TwFVtL4ngORf0A","長野県 須坂市 福島 386-1　イオンモール須坂3F","2"
"アピナ佐久インター","Mi8yNR282Jphzz59EMAu6A","長野県 佐久市 岩村田北 1-13-1","2"
"ソユーゲームフィールドイオンタウン長野三輪","IrTJ5cptD14smEODxuud2A","長野県 長野市 三輪 9-43-24　イオンタウン長野三輪2F","1"
"ゲームピコ若里","hrxNpUUDp_vJC_w6-eAl6Q","長野県 長野市 若里 3-22-1　ケーズタウン若里SC2F","1"
"アピナ長野スカイバッティングセンター","8QeHIupvkSYkiWUcPGpIpA","長野県 長野市 若里 7-3-8","1"
"ファンタジープラザ長野","pm69YfUIQZoUlt-DsmQiVg","長野県 長野市 高田 1758　MEGAドン・キホーテ長野店2F","1"
"モーリーファンタジー松本","OdoGeHe3m3nj6EBs-LAdrw","長野県 松本市 中央 4-9-51　イオンモール松本　イオンスタイル松本3F","1"
"モーリーファンタジー南松本","9QQ-Mamj3sch4g8t3ziSCw","長野県 松本市 双葉 5-20　イオン南松本店2F","1"
"GiGO 上田","OvpyhCRbuuC2iAel2RobQw","長野県 上田市 上田 1847-1","1"
"ゲームゾーン岡谷","kJUEnf9RwnrLOOXpLm-jPg","長野県 岡谷市 中央町 2-2-1　イルフプラザアミューズメント1F","1"
"GiGO 岡谷","Kw7mxCIFifPxu3t2DxU9Jw","長野県 岡谷市 塚間町 2-1-21","1"
"イオン飯田ゲームコーナー","IIpjZrtK4V7u2nLU6bk67Q","長野県 飯田市 上郷飯沼 1575　イオン飯田店2F","1"
"モーリーファンタジー飯田アップルロード","f01_e6fG278Mvt73t3t3wg","長野県 飯田市 鼎一色 456　イオン飯田アップルロード店2F","1"
"ゲオ須坂","D2Gp57YXxbpvELSISJZ6Ug","長野県 須坂市 墨坂 2-6-1","1"
"モーリーファンタジー須坂","XcweC_pNaEddhOBR8JFW2g","長野県 須坂市 福島 386-1　イオンモール須坂3F","1"
"ファンタジープラザ伊那","oXLh4Y9hhbbjEzcnK1L3yg","長野県 伊那市 西町 5182-1　アピタ伊那店3F","1"
"タカラ島駒ヶ根","Dmi4JGq35lwpdLh_uQ1M5A","長野県 駒ヶ根市 赤穂 1568　ベルシャイン駒ヶ根店1F","1"
"モーリーファンタジー中野","oj-r42bliqPUCDNqBFhLIw","長野県 中野市 一本木 252-1　イオン中野SC　イオン中野店2F","1"
"蓼科グランドホテル滝の湯","or7yUhxbiiQQrMu9IAmAag","長野県 茅野市 北山 4028","1"
"スイーツ・ハートオギノ茅野","BrAK5P4Vwx_iAh8bgV9wcQ","長野県 茅野市 塚原 1-17-1　オギノ茅野SC2F","1"
"信州健康ランド","e9jOja62CR9EsP4TxnaFvQ","長野県 塩尻市 広丘吉田 366-1","1"
"モーリーファンタジー佐久平","AmzvciUb564s3k7ksdfAlA","長野県 佐久市 佐久平駅南 11-10　イオン佐久平2F","1"
"ベイシア更埴店あそびのくに","yVLlc-403qcbd2xCHcPUMg","長野県 千曲市 桜堂 西沖333-1　ベイシア更埴店内","1"
"HapipiLand豊科","efLlNACIrRjzxmYr2aFVbA","長野県 安曇野市 豊科 4272-10　イオン豊科店内","1"
"GiGO 豊科","Ezw192oIdvbY3XTMK6iDpg","長野県 安曇野市 豊科南穂高 1115　スワンガーデン安曇野内","1"
"namco軽井沢プリンスショッピングプラザ","cuIFkhQs6XbpkicpAKg5eg","長野県 北佐久郡軽井沢町 軽井沢字中谷地 1178　軽井沢・プリンスショッピングプラザ　軽井沢プリンスボウル1F","1"
"ファンタジープラザ高森","8xa6QLLXok-V_8oeNFjuPw","長野県 下伊那郡高森町 山吹 4515　MEGAドン・キホーテUNY高森店1F","1"
"タイトーステーションアイシティ21松本","rurVSqGLHo7iwaF6qJoCeQ","長野県 東筑摩郡山形村 字北野尻 7977　アイシティ21　1F","1"
"namcoイオンモール各務原インター","WR1X4yR4w5-fvEuhE_rQfg","岐阜県 各務原市 那加萱場町 3-8　イオンモール各務原インター2F","6"
"岐阜レジャーランド穂積","1agMaI4AB6Bbll5yz2wxwg","岐阜県 瑞穂市 稲里 630","5"
"namcoカラフルタウン岐阜","gu6bP01vozqB2c98kQBy1Q","岐阜県 岐阜市 柳津町丸野 3-3-6　カラフルタウン岐阜内","3"
"モーリーファンタジーf 岐阜","K3hlYBNGk4tCFjWTWD6S1A","岐阜県 岐阜市 正木中 1-2-1　マーサ21北館3F","3"
"MIRAINOイオンモール土岐","S5XD8OEVvMYJ3fWCPzX0SQ","岐阜県 土岐市 土岐津町土岐口 中山1372-1　イオンモール土岐2F","3"
"アピナ各務原","WEm1FjowjMejJWcNJVF-tg","岐阜県 各務原市 蘇原花園町 2-9-1","3"
"ラウンドワンモレラ岐阜","fW2gQxdnbte1vICi7PDyfA","岐阜県 本巣市 三橋 1100　モレラ岐阜2Fスノープラザ","3"
"ACグランド茜部","jPwNjqwZCslQP_vXF_Gg3w","岐阜県 岐阜市 茜部大川 1-77","2"
"大垣メトロポリス","mNVlWYaAAr61_shqPII7fQ","岐阜県 大垣市 三塚町字西沼 523-1","2"
"namcoイオンモール大垣","u9HdqxYsqWqUoxMeRFxi9A","岐阜県 大垣市 外野 2-100　イオンモール大垣2F","2"
"GiGO アクアウォーク大垣","SS2Czmo54CZYP7bZOmz6Hw","岐阜県 大垣市 林町 6-80-21　アクアウォーク大垣2F","2"
"(株)清水屋多治見","cy1yTiYsufE4_G-pOjHRkg","岐阜県 多治見市 西坂町 5-31-1　多治見インターモール1F","2"
"モーリーファンタジー関","WMXVvqksuOvOGPV6tbU9lQ","岐阜県 関市 倉知 516　サンサンシティマーゴ　イオン関店1F","2"
"GiGO マーゴ関","wuQMR0eWodVqLDThmfEcBw","岐阜県 関市 倉知 516　サンサンシティマーゴ　シネマ館2F","2"
"アピナ美濃加茂","o0Q77adzNppGY7cX4z6ijw","岐阜県 美濃加茂市 野笹町 2-5-65　MEGAドン・キホーテUNY美濃加茂店2F","2"
"モーリーファンタジー各務原","WS6fZsnw8n1BmmZdT9OYgA","岐阜県 各務原市 那加萱場町 3-8　イオンモール各務原　イオン各務原店3F","2"
"ゲームピコ鵜沼","HQaVPyhaNgkdhwlq_c2jZg","岐阜県 各務原市 鵜沼西町 3-309　イオンタウン各務原鵜沼内","2"
"namcoモレラ岐阜","cLbbLhQ53sc0F2px2Bg2vg","岐阜県 本巣市 三橋 1100　モレラ岐阜2F","2"
"アピナ本巣","O_eP41jzbXSatMyD4mRvZQ","岐阜県 本巣市 政田 下西浦1986　イオンタウン本巣内","2"
"ザ・ビッグ池田","O8S5TQ8_qoD97ZvYWOfQPA","岐阜県 揖斐郡池田町 八幡字東光田 1972-1　ザ・ビッグエクストラ岐阜池田店内ゲームコーナー","2"
"アピナ岐阜北方","8ZdA99xTXIekFiQA9ZrHtQ","岐阜県 本巣郡北方町 曲路東 3-1-1　イオンタウン岐阜北方内","2"
"ハローズガーデン御嵩","9M2LNBP2jCbKAudQb3x5Og","岐阜県 可児郡御嵩町 上恵土 1052-1　ラスパ御嵩店2F","2"
"G-SQUAREMEGAドン・キホーテUNY岐阜","MzVxls40J3vffqtg_5AC3A","岐阜県 岐阜市 加納神明町 6-1　MEGAドン・キホーテUNY岐阜店3F","1"
"ファンタジアン柳津","Y7TP85w06aUeOJw0AquyGw","岐阜県 岐阜市 柳津町上佐波西 3-68","1"
"GiGO Vタウン芥見","jYvzEYg36jHwSMsnYS-PvQ","岐阜県 岐阜市 芥見南山 2-1-8　Vタウン芥見内","1"
"イオンタウン大垣ゲームコーナー","IKKWukRbksntFlmm0UBtPA","岐阜県 大垣市 三塚町 丹瀬463-1　イオンタウン大垣 EAST棟1F","1"
"モーリーファンタジー大垣","SWGDEoaBOBrBcDER9xcBxw","岐阜県 大垣市 外野 2-100　イオンモール大垣　イオン大垣店2F","1"
"タイトーFステーションアル・プラザ鶴見","i2OxPUAid3Txi-7Jv2kD6w","岐阜県 大垣市 鶴見町 字上渡瀬641-2　アル・プラザ鶴見2F","1"
"GiGO 高山","smfm7NGN5T2w5JBHijcVPg","岐阜県 高山市 上岡本町 7-7","1"
"G-SQUAREラクール飛騨高山","BbX9Mjbs3ckYvvThyMuuIg","岐阜県 高山市 国府町金桶 41　スーパーセンターシマヤラクール飛騨高山店本館2F","1"
"ルビットランド高山","_XFMWY8kvSwDNVQU58wpzg","岐阜県 高山市 岡本町 3-18-2　ルビットタウン高山2F","1"
"ゲオ高山昭和","wREJjJLr-ijOzdwRe5wBVQ","岐阜県 高山市 昭和町 1-123-1","1"
"ハローズ多治見","LQTEiapiCG1vfe43fsjWOA","岐阜県 多治見市 住吉町 3-19-1　ピアゴ多治見店内","1"
"バローランド中津川","B2Wk8Y9-VeHsfS9lFNk-3w","岐阜県 中津川市 淀川町 3-8　ルビットタウン中津川2F","1"
"バローランド羽島","rdq34iCeUExWM4ex0lUSdg","岐阜県 羽島市 江吉良町 2939　スーパーマーケットバロー羽島インター店1F","1"
"バロー恵那","nUBW9StKB1LFB-5ugG1BEQ","岐阜県 恵那市 大井町 180-1　スーパーマーケットバロー恵那店内ゲームコーナー","1"
"ファンタジープラザ恵那","ZcNQBfBj7j_7daIVgMDdxA","岐阜県 恵那市 長島町正家 2-2-17　ピアゴ恵那店1F","1"
"ASCH美濃加茂","s27jO8khcJdqvIhhZwAFOg","岐阜県 美濃加茂市 山手町 2-56-1　METRO SQUARE 2F","1"
"MEGAドン・キホーテUNY美濃加茂店マンタ","GodAYESZJVIvUEwrM9mmtA","岐阜県 美濃加茂市 野笹町 2-5-65　MEGAドン・キホーテUNY美濃加茂店2F","1"
"モーリーファンタジー土岐","Z5sPqhWYjHp1gYkBKFTQFQ","岐阜県 土岐市 土岐津町土岐口 1372-1　イオンモール土岐2F","1"
"スーパーマーケットバロー三起屋店3Fゲームコーナー","wxVOP7vhkQcyUn2UvbrCdw","岐阜県 土岐市 泉町久尻 42‐11","1"
"ハローズガーデン各務原","6lXMc__p4IMGNcpsxAHYqQ","岐阜県 各務原市 鵜沼各務原町 8-7　アピタ各務原店2F","1"
"パラボランド鵜沼","V5gJbQ7KtuVLQxkvFhp8Qg","岐阜県 各務原市 鵜沼西町 2-165　MEGAドン・キホーテ鵜沼店内","1"
"ファンタジックランド可児","r3YF1v8Tujv53hZ9Al1OUA","岐阜県 可児市 下恵土 5750　可児ショッピングプラザパティオ3F","1"
"GiGO ドン・キホーテUNY可児","XycdoUEtKFEKZIpsNYo2ZA","岐阜県 可児市 中恵土字溝向 2120-1　ドン・キホーテUNY可児店1F","1"
"水明館","9mfKwIUZwV14gjdKw2TLWw","岐阜県 下呂市 幸田 1268","1"
"Asobi no すてぇじ！養老","55cQph4q6ms9OF4hZQLh4g","岐阜県 養老郡養老町 宇田字郷勺 561　イオンタウン養老SC内","1"
"Asobi no すてぇじ！輪之内","aOjktmOwa666SB27aPfXpw","岐阜県 安八郡輪之内町 四郷新開 229　イオンタウン輪之内SC内","1"
"サープラOZ浜松あそびタウン","cJte6SmwMdynRQtj7TAWzg","静岡県 浜松市中央区 宮竹町 322-1","4"
"GiGO サントムーン柿田川","tDPJ7aoBHdEBxayj5DNgjQ","静岡県 駿東郡清水町 玉川 61-2　サントムーン柿田川本館2F","4"
"SUPER WAVE 静岡","PHT_UCfRF8yFopGUqjx9tQ","静岡県 静岡市清水区 鳥坂 860　フレスポ静岡2F","3"
"サープラ静岡あそびタウン","X0-wfvDMCvfkgBNLqg-Ulw","静岡県 静岡市葵区 伝馬町 6-1　けやきプラザ 3F","3"
"タイトーFステーション静岡","EXc5fyzsxUwqSegqaShX4A","静岡県 静岡市葵区 呉服町 2-5-4　ふしみや第2ビル","3"
"ラウンドワンスタジアム浜松","2TSaEN20zY4V3zgbrgdB6A","静岡県 浜松市中央区 天王町字諏訪 1981-17","3"
"タイトーFステーションイオンモール浜松市野","kcpL5JWPjQI0M5b6ZaPo-w","静岡県 浜松市中央区 天王町字諏訪 1981-3　イオンモール浜松市野2F","3"
"アピナ浜松","KG0rPafZIe3cQjan1W9pPQ","静岡県 浜松市中央区 葵西 2-27-10","3"
"サープラ沼津あそびタウン","3Ut78GX9Hbxg9YQCls1-8A","静岡県 沼津市 大手町 1-1-5　BiVi沼津3F","3"
"アミューズメントワールドららぽーと沼津","pOb3cp0ax2XCkIbcTAQNRg","静岡県 沼津市 東椎路 東荒301-3　ららぽーと沼津3F","3"
"モーリーファンタジー富士宮","QqJai8hBEenkX11cC4zk-w","静岡県 富士宮市 浅間町 1-8　イオンモール富士宮　イオン富士宮店2F","3"
"ラウンドワン富士","FFyrJcdRyexXwn513WFnog","静岡県 富士市 八代町 4-15","3"
"サープラ富士あそびタウン","RHawD67MXmQfL_8mcHIoWw","静岡県 富士市 永田町 2-94","3"
"モーリーファンタジー清水","G3ruIjYUvvWpGCydyLBnkw","静岡県 静岡市清水区 上原 1-6-16　イオン清水店2F","2"
"カプコンマークイズ静岡","VH61ayrgVeWZlVlYKNQ57A","静岡県 静岡市葵区 柚木 191　マークイズ静岡3F","2"
"プラザアピア静岡","MOlmgM5Q20krfJ3DVROAyQ","静岡県 静岡市駿河区 中吉田 15-8　プラザアピア静岡2F","2"
"ラウンドワン静岡・駿河","hMvPUTrgPP5NWj1bNbejwA","静岡県 静岡市駿河区 手越 75","2"
"カバロ静岡","5YIvCP_Wo57D3S-rHYJkkQ","静岡県 静岡市駿河区 曲金 3-1-5　イトーヨーカドー静岡店2F","2"
"ポート24浜松","AViiQmqRZZoSLsbZKrvH_g","静岡県 浜松市中央区 坪井町 4183-1","2"
"モーリーファンタジー浜松市野","7n0TNVRAg0RUextN2F5o7A","静岡県 浜松市中央区 天王町字諏訪 1981-3　イオンモール浜松市野　イオン浜松市野店2F","2"
"プラサカプコン志都呂","Ww-rnao5zP6GvFaRr2C_qA","静岡県 浜松市中央区 志都呂 2-37-1　イオンモール浜松志都呂3F","2"
"モーリーファンタジー浜松志都呂","4Yei0Mi_oOCxvnhYqNVWkA","静岡県 浜松市中央区 志都呂 2-37-1　イオンモール浜松志都呂　イオン浜松志都呂店3F","2"
"タイトーステーション新浜松ザザシティ","LM_J19uHzMZaiZnkp3wsYQ","静岡県 浜松市中央区 鍛冶町 15　ザザシティ浜松西館2F","2"
"楽市楽座サンストリート浜北","yb8RIeGXGOmavQgnTLmy7g","静岡県 浜松市浜名区 平口 2861　サンストリート浜北2F","2"
"namcoプレ葉ウォーク浜北","9p1y3chpVlW3fNBerKFBWA","静岡県 浜松市浜名区 貴布祢 1200　プレ葉ウォーク浜北2F","2"
"ジョイランドアミューズ原","MF4RL_cs5aDZRPRNoA1naA","静岡県 沼津市 原町中 2-14-8","2"
"わいわいランド三島","Tpe9ano8T1ZMKFHg9p2zhQ","静岡県 三島市 中田町 9-30　イトーヨーカドー三島店3F","2"
"タイトーFステーションイオンモール富士宮","XabR2zEJCSQrq3sELKqQQg","静岡県 富士宮市 浅間町 1‐8　イオンモール富士宮3F","2"
"サープラ島田あそびタウン","VkHz75A5iJmLGF55D2GnKA","静岡県 島田市 中溝町 2531","2"
"ハローズガーデン島田","ZGH7DHEQMHsezXUTLGD1ug","静岡県 島田市 宝来町 8-2　アピタ島田店2F","2"
"キッズトレイン富士","vthWSWZdzYNzgUOX1AD_yQ","静岡県 富士市 八幡町 6-3　マックスバリュ富士八幡町店1F","2"
"モーリーファンタジーf 富士南","pAoxxQ56xzWjFYvDlHIhow","静岡県 富士市 鮫島 118-10　イオンタウン富士南2F","2"
"namcoアピタ磐田","mHsvw-ltyLUyR4PAQ2wTqg","静岡県 磐田市 今之浦 3-1-11　アピタ磐田店2F","2"
"アピナ磐田","nHPUO-F6j2G8-LnbJfoIgg","静岡県 磐田市 西貝塚横須賀道北 3690　イオンタウン磐田内","2"
"namcoららぽーと磐田","Pr_kGKNYrXpbLaclmMZrJQ","静岡県 磐田市 高見丘 1200　ららぽーと磐田2F","2"
"サープラ焼津あそびタウン","jR7ZA3AhgpaOOyAdGN4Rbw","静岡県 焼津市 八楠 3-18-5","2"
"モーリーファンタジー焼津","LK1lVNEiK5yZZVzIvPwGfw","静岡県 焼津市 祢宜島 555　イオン焼津SC　イオン焼津店2F","2"
"アピナ焼津","J4XS18eZYZosPz8KO6Lyaw","静岡県 焼津市 道原 585","2"
"GiGO 掛川","RhCAHN7sK8RD4UAtY8erKA","静岡県 掛川市 細田 248","2"
"パレット藤枝","B1NUMXGx0kPNu1vllgxWKw","静岡県 藤枝市 前島 1-7-10　BiVi藤枝店4F","2"
"タイトーステーションウェルディ長泉","Tln1UAlWVTs8xi93xm-EHw","静岡県 駿東郡長泉町 下長窪 1076-1　ウェルディ長泉2F","2"
"アミュージアム清水","ToCaOCsPxW6RPCkPFHbzrw","静岡県 静岡市清水区 入船町 13-15　エスパルスドリームプラザ3F","1"
"駿河健康ランド","24kLPJREHNa5fbPGp120-Q","静岡県 静岡市清水区 興津東町 1234","1"
"GiGO ベイドリーム清水","DsvpnbC9Xcr7wXrO_Yfydw","静岡県 静岡市清水区 駒越北町 8-1　ベイドリーム清水2F","1"
"GiGO 静岡","vnkxF2KMjrx_1zzy5jtkHw","静岡県 静岡市葵区 七間町 4","1"
"Cute静岡東急スクエア","U_HON3bsidoAT8maGt7LAA","静岡県 静岡市葵区 伝馬町 6-1　静岡東急スクエアB1F","1"
"キッズバネット静岡","z6zExrcc7NXZANylakVD8w","静岡県 静岡市葵区 柚木 1026　マークイズ静岡3F","1"
"アップル新北街道","ZWsAHzLixCUK5En4Ci7HEA","静岡県 静岡市葵区 沓谷 5-13-4","1"
"コジマ×ビックカメラ静岡","A5l2fJNXQtHFxY1wgAv9Gg","静岡県 静岡市駿河区 国吉田 1-1-57　コジマ×ビックカメラ静岡店内アミューズメントコーナー","1"
"モーリーファンタジーイオンセントラルスクエア静岡","pX7mZrXovJGhrbN2177OSA","静岡県 静岡市駿河区 石田 1-5-1　イオンセントラルスクエア静岡　イオンスタイル静岡店2F","1"
"モーリーファンタジー浜松西","Ji3_j1fKoNx7kU42SfPIiA","静岡県 浜松市中央区 入野町 6244-1　イオン浜松西SC　イオン浜松西店3F","1"
"fun portラフレ初生","fzA26z1ZUO-TBq-woZLnYg","静岡県 浜松市中央区 初生町 626-1　ラフレ初生B1F","1"
"ゲームすぽっとMEGAドン・キホーテUNY浜松泉町","LpT6s_BpT9nuFPr1D6zNfA","静岡県 浜松市中央区 泉 1-6-1　MEGAドン・キホーテUNY浜松泉町店2F","1"
"プラサカプコンパルパル","jXCsSBOLAqnDeeitywtwoA","静岡県 浜松市中央区 舘山寺町 1891　ゆうえんち浜名湖パルパル内ゲームコーナー","1"
"タイトーFステーションプレ葉ウォーク浜北","-8KCkTT0Eu3-18y4Tf49_Q","静岡県 浜松市浜名区 貴布祢 1200　プレ葉ウォーク浜北2F","1"
"沼津バッティングスタジアム","HrSbB4dgHimyWcyWOWjhPw","静岡県 沼津市 岡一色三竹道 19-2","1"
"キッズトレイン熱海","Jd9XFKOtZS39upLQcuzvIg","静岡県 熱海市 中央町 19-39　マックスバリュ熱海店内","1"
"亀の井ホテル熱海","XnPhxWpT7i_juUYi0_GOKQ","静岡県 熱海市 水口町 2-12-3　ゲームコーナー","1"
"ホテルニューアカオオーシャン・ウィング","Vx7WXyC173IVYxObdNNx9w","静岡県 熱海市 熱海 1993-250","1"
"ジョイランドアミューズみしま","qNZ2nf0AO7H26fEyVBUsKg","静岡県 三島市 梅名 308-6　2F","1"
"アップル島田","qMsdAzutuOjEXVB6f6fg9w","静岡県 島田市 宝来町 8-5","1"
"ファンタジープラザ富士吉原","rEsOpG6rcNbSsYIgeTRhNw","静岡県 富士市 国久保 2-1-10　MEGAドン・キホーテUNY富士吉原店2F","1"
"アップルグランリバー大井川","sx05dGBgbUm8FKGVGOwCdA","静岡県 焼津市 下江留 1327","1"
"ファンタジープラザ掛川","5cE8_9x0htvTIKcPqVG9lw","静岡県 掛川市 大池 2826　MEGAドン・キホーテUNY掛川店2F","1"
"アピナ大須賀","ZJbF20G2eHlpL9MEIi2cMQ","静岡県 掛川市 西大渕 3359　イオンタウン大須賀内","1"
"藤枝グランドボウル","hMqlDC89RxEYXWe55m1O3w","静岡県 藤枝市 下当間 652","1"
"てんとう虫パーク藤枝","TRHCrKQO9RUF1VzxK92XKw","静岡県 藤枝市 益津 353-3　藤枝ボウル1F","1"
"モーリーファンタジー袋井","j8qJU656x1S4JXATIZJ8yg","静岡県 袋井市 上山梨 4-1-1　イオン袋井店2F","1"
"袋井グランドボウル","lp2aIoVYZv_oMTwft1DF9Q","静岡県 袋井市 堀越 343-1","1"
"GiGO 袋井","fybuIak5m5Rxz5CSHESp6w","静岡県 袋井市 川井 1142-1","1"
"東急ストア下田とうきゅう","zRubz6k5MgRdnscjMby8zg","静岡県 下田市 東本郷 1-2-1　下田とうきゅう内ゲームコーナー","1"
"モーリーファンタジー裾野","F7OxJqAYCEjS1QHToWidBg","静岡県 裾野市 佐野 1039　グルメシティ裾野店1F","1"
"ゲームすぽっとイオンタウン湖西新居","hrMDdPaVCnKNR9G4oNHH3g","静岡県 湖西市 新居町新居 250-11　イオンタウン湖西新居内","1"
"浜岡グランドボウル","ui60xn1ohAfBM4sNLAMOSw","静岡県 御前崎市 池新田 5424-1","1"
"ファンタジープラザ大仁","jTqPsNdjo6E6xSJOsoRQGw","静岡県 伊豆の国市 吉田 字九十分153-1　アピタ大仁店2F","1"
"マックスバリュ松崎","K--1EENCMSyq5vEHEGs48A","静岡県 賀茂郡松崎町 江奈 303-1","1"
"GiGO サントムーンオアシス","-yeDwBeRFr0SNT4z-dnRPQ","静岡県 駿東郡清水町 伏見 52-7　サントムーン柿田川サントムーンオアシス3F","1"
"namco名古屋駅前","dGBPFCUskxBgPVYyY5JuGg","愛知県 名古屋市中村区 椿町 6-6　ビックカメラ名古屋駅西店B1・6F","8"
"namcoイオンモール大高","KZJh0Fbc7vnSvIKgh93VdQ","愛知県 名古屋市緑区 大高町字奥平子 1-1　イオンモール大高3F","8"
"namcoイオンモール長久手2号","_hdWTwpCqB634x5JgH2e8w","愛知県 長久手市 勝入塚 501　イオンモール長久手4F","8"
"アピナ名古屋栄","Q_X3pEIII3-m3kW_i38Nxw","愛知県 名古屋市中区 錦 3-17-15　ドン・キホーテ栄本店B1～B3F","6"
"ユーズランド東浦","l8RKKMo7m7zzVon0E1mOiw","愛知県 知多郡東浦町 大字緒川字旭 13-2　イオンモール東浦2F","6"
"ゲーム・キング・ジョイ","_HZmOYM6vTr7Ltes0gcchQ","愛知県 名古屋市中区 栄 3-3-32","5"
"namcoイオンモールナゴヤドーム前","7TaVIt3mJucLTC_QqsbLiA","愛知県 名古屋市東区 矢田南 4-102-3　イオンモールナゴヤドーム前3F","5"
"バンダイナムコ Cross Store 名古屋","puqXF_2m8qXf-HFa12sMMg","愛知県 名古屋市西区 二方町 40　mozoワンダーシティ4F　4053区画","5"
"タイトーステーションフェドラ大須","sCDewv3uX1El61Xv5vvVxw","愛知県 名古屋市中区 大須 3-30-31　萬松寺駐車場ビル1・2F","4"
"ファンタジープラザ名古屋","lpod1NXrZ-3eyHzdqKwneA","愛知県 名古屋市北区 玄馬町 234-1　CROSS TOWN　ドン・キホーテ名古屋本店2F","4"
"名古屋レジャーランド内田橋","xhWcqjaoG9OHvb7Zz7MgDg","愛知県 名古屋市南区 内田橋 2-26-22","4"
"namcoららぽーと名古屋みなとアクルス","s79vgn-hqBDJjmn8UsA_5g","愛知県 名古屋市港区 港明 2-3-2　ららぽーと名古屋みなとアクルス3F","4"
"ゲームパニック大高","j2K-unC89HszP8F_031cYQ","愛知県 名古屋市緑区 忠治山 201　名古屋グランドボウルB2F","4"
"namco則武新町","GTa_a3uoNgovPS_aGDRVQA","愛知県 名古屋市西区 則武新町 3-1-17　イオンモールNagoya Noritake Garden内","4"
"アピナ豊橋","fl4Pn1y7pY2B0gHKSUqgZg","愛知県 豊橋市 藤沢町 141　ホリデイ・スクエアアミューズメント棟1F","4"
"アピナ一宮","HZh_BD-FRb0uBku8tCkG5Q","愛知県 一宮市 新生 1-1-1　イチ＊ビルB1F","4"
"アミューズメントワールド メトロポリスららぽーと安城","1DBmXJRg_URKnPyRnJ44nw","愛知県 安城市 大東町 9-30　ららぽーと安城内","4"
"イーグルボウル","LNtLlNtShqRhcAlfrjTqkQ","愛知県 知立市 宝町塩掻 58","4"
"namcoエアポートウォーク名古屋","72mEXfTktD4DTbj1y1DrhQ","愛知県 西春日井郡豊山町 大字豊場字林先 1-8　エアポートウォーク名古屋3F","4"
"ゲームパニック大須","jk53mkKF2xxohgpltWpEEg","愛知県 名古屋市中区 大須 3-30-93　メガタウンB1F","3"
"ラウンドワンスタジアム中川1号線","kJ96BZIgAgy3qLH5CIEvXw","愛知県 名古屋市中川区 法蔵町 2-23","3"
"コムテックタワー","F7ljdxdhKJx1C3ESSTcUXw","愛知県 名古屋市中村区 名駅 4-10-20","3"
"GIGO マーケットスクエアささしま","-VKb5bpF1YJYJW5jKvAjtw","愛知県 名古屋市中村区 平池町 4-60-14　マーケットスクエアささしま1F","3"
"ラウンドワン千種","ZujUSFrVKFgkq1A0AMyMMA","愛知県 名古屋市千種区 新栄 3-20-17　タイホウ千種駅南ビル8F","3"
"モーリーファンタジーf 新瑞橋","yqtry2mo9dZlIHOxc_BNjw","愛知県 名古屋市南区 菊住 1-7-10　イオンモール新瑞橋　イオン新瑞橋店3F","3"
"ポート24八事","ryUH1onBwK6PMVgJEm1w-Q","愛知県 名古屋市昭和区 広路町北石坂 102-4　1F","3"
"ラウンドワンスタジアム豊橋","pKV8Q4SNthazlUGAKd1ENg","愛知県 豊橋市 大岩町字岩田 27-2","3"
"ゲームランド岡崎","niqSaLiggk5aCUH1Fod82Q","愛知県 岡崎市 戸崎町字外山 38-5　イオンモール岡崎シネマ館3F","3"
"GiGO 北岡崎","LBsjRSAKCdJtOP0xJkQ9Ag","愛知県 岡崎市 錦町 2-4","3"
"半田メトロポリス","TXNQWyvy2gin3J0IKpic3A","愛知県 半田市 旭町 3-11-1","3"
"ラウンドワンスタジアム半田","auvseEKrmb62d-DqdpXXaA","愛知県 半田市 瑞穂町 6-7-8","3"
"ラウンドワンスタジアムヨロッカ春日井","HThnLpGp3ZTqGm_hLXOhoA","愛知県 春日井市 六軒屋町 東丘22　YOROKKA春日井3F","3"
"豊川メトロポリス","2KDJ_WbwTTgLhvmZt2ifuw","愛知県 豊川市 下長山町上アライ 14-1","3"
"MIRAINOイオンモール豊川","L7a18TGqDxWxtuIfjxLV-w","愛知県 豊川市 白鳥町兎足 1-16　イオン新豊川3F","3"
"タイトーステーション豊田GAZA","yWU1szSwe5-RkKFmuOGcCg","愛知県 豊田市 喜多町 1-140　3F","3"
"namcoアピタ稲沢","5Uiqn-hsGO_eoOHXnZk5Tg","愛知県 稲沢市 天池五反田町 1　アピタタウン稲沢店シネマ＆アミューズ館2・3F","3"
"アピナ太田川","UCeXflnj7ZlvmaLsCGg_PQ","愛知県 東海市 大田町 下浜田102-1　ラスパ太田川南館2F","3"
"GiGO ギャラリエアピタ知立","KGofCw4f-RPgzIap6abIlA","愛知県 知立市 長篠町 大山18-1　ギャラリエアピタ知立店1F","3"
"ソユーゲームフィールド赤池","nE2yscc-S6s-nR2PflPnww","愛知県 日進市 赤池町 箕ノ手1　プライムツリー赤池3F","3"
"ラウンドワンスタジアム名古屋西春","4jQbSFy9ko3cDfx8mjIeow","愛知県 北名古屋市 宇福寺神明 15","3"
"namcoららぽーと愛知東郷","FZD4tswOtnW6Fiy3cAiPwQ","愛知県 愛知郡東郷町 東郷中央土地区画事業 62街区1、3　ららぽーと愛知東郷3F","3"
"タイトーステーション大須","z1t4wnaqPtalmgV0_yevhA","愛知県 名古屋市中区 大須 3-20-7","2"
"コムテックスクウェア","cQRctRLqvj0NWvr-r5EluQ","愛知県 名古屋市中区 金山 1-16-8","2"
"チャレンジランド1号","CuehIaek8clngu2FHs4cTw","愛知県 名古屋市中川区 中島新町 2-1102　第2鬼頭マンション1F","2"
"アズパークファミリータウン","tNmdVCj04AERWNAfiEt01g","愛知県 名古屋市中川区 新家 1-2421　SCアズパーク2F","2"
"中川メトロポリス","eFJh-bEKeYh9u6U7UIQbCg","愛知県 名古屋市中川区 江松 3-110","2"
"タイトーステーション名古屋名駅","eAX51BpDwMJ3WDdQV7Z_HQ","愛知県 名古屋市中村区 名駅 4-10-22","2"
"カラフルパークNICOPA千種","EWvRL-0Nwl3449Yqab_7ug","愛知県 名古屋市千種区 千種 2-16-13　イオンタウン千種2F","2"
"モーリーファンタジー名古屋東","b39QGdGzS3aGR8qLQ8POJw","愛知県 名古屋市名東区 猪子石原 2-1701　イオン名古屋東店1F","2"
"モーリーファンタジー守山","uQ-B3_oYpOLHQScZUnEgNw","愛知県 名古屋市守山区 笹ヶ根 3-1228　イオン守山SC　イオン守山店2F","2"
"楽市楽座イオンモール名古屋茶屋","nfwsJIpJE0sMC9YtDg1mcw","愛知県 名古屋市港区 西茶屋 2-11　イオンモール名古屋茶屋3F","2"
"namcoイオンモール熱田","eO6mJzXIuALgNH5KA7WxyA","愛知県 名古屋市熱田区 六野 1-2-11　イオンモール熱田4F","2"
"GiGO 金山","3-ORBrPCdQ-h4VpI8Mycsg","愛知県 名古屋市熱田区 金山 1-19-2","2"
"モーリーファンタジー大高","gte1gFan28q0zxzZJgE6lw","愛知県 名古屋市緑区 南大高 2-450　イオンモール大高　イオン大高店3F","2"
"プラサカプコン徳重","K2mljTuYK1p_b7UccDHAiQ","愛知県 名古屋市緑区 鳴海町 字徳重18-44　ヒルズウォーク徳重ガーデンズ　ガーデンズ棟2F","2"
"カラフルパークイオンタウン有松","1vwriufMTc6Vai3YocvXBQ","愛知県 名古屋市緑区 鳴海町字有松裏 200　イオンタウン有松1F","2"
"ラウンドワン鳴海","J-9x32E0AllCyaFN4QI7FA","愛知県 名古屋市緑区 鳴海町字杜若 28","2"
"モーリーファンタジーワンダーシティ","DMm3yyEHeh7g4PqDbVkaIg","愛知県 名古屋市西区 二方町 40　mozoワンダーシティ　イオンワンダーシティ店3F","2"
"モーリーファンタジー豊橋南","v6ciNQjAuoZf4cI92zmCyw","愛知県 豊橋市 野依町字落合 1-12　豊橋南SC　イオン豊橋南店2F","2"
"GiGO 豊橋飯村","2XbCctfme1gFxSAgJpaLMw","愛知県 豊橋市 飯村町西山 25-121","2"
"モーリーファンタジーイオン岡崎","y3yoJSAnLuVRfUaKOpfPeA","愛知県 岡崎市 戸崎町字ばら山 1-1　イオンモール岡崎　イオンスタイル岡崎店3F","2"
"にこぱウイングタウン","PScQe-s9h6ARmo1qJoCJTA","愛知県 岡崎市 羽根町小豆坂 3　ウイングタウン2F","2"
"namcoテラスウォーク一宮","vLanJ1wR4OL2bSyyo1JGIA","愛知県 一宮市 両郷町 1-6　テラスウォーク一宮2F","2"
"GiGO イオンモール木曽川","JoCFevmo5J1ozbnMLqa6AQ","愛知県 一宮市 木曽川町黒田字南八ツケ池 25-1　イオンモール木曽川3F","2"
"モーリーファンタジー木曽川","GUCpTx9cyUkS0KTxyAgy6w","愛知県 一宮市 木曽川町黒田字南八ツケ池 25-1　イオンモール木曽川　イオン木曽川店2F","2"
"GiGO 尾西","uK9YXuilCH5wCvHvAXAEaw","愛知県 一宮市 篭屋 3-9-7　アソビックスびさい1F","2"
"モーリーファンタジー瀬戸みずの","CCXk-wVYbNEnTcPAKX_9GQ","愛知県 瀬戸市 みずの坂 2-253　イオン瀬戸みずの店2F","2"
"モーリーファンタジー豊川","DhaoiSTDDcANxlKnpFSGjQ","愛知県 豊川市 開運通 2-31　イオン豊川店2F","2"
"アミュージアム津島","yjtpo4Wf4s21QqZr80BUKg","愛知県 津島市 新開 351　ヨシヅヤ津島本店シネマ館2F","2"
"ゲームランド津島北","n5mQKLzaD6PeJCV68wsGKw","愛知県 津島市 片岡町 60　ヨシヅヤ津島北テラス店内ゲームコーナー","2"
"M'sPARK豊田","eqdGKTa5ep0JrNzZU8uHrA","愛知県 豊田市 寿町 3-21・22　トヨタグランドビル","2"
"モーリーファンタジー豊田","3BlwtZ1zuecjoQRZRXUYkQ","愛知県 豊田市 広路町 1-1　イオンスタイル豊田3F","2"
"ハローズガーデン安城南","J-5rEZAzm86BHDIayP9sBw","愛知県 安城市 桜井町貝戸尻 60　アピタ安城南店2F","2"
"安城メトロポリス","voxcgXrCQKrVGA2EeiUJkQ","愛知県 安城市 浜富町 6-8","2"
"ファンタジーウエストタウン西尾","FZEaroN-JySsQRXTWXBPQw","愛知県 西尾市 高畠町 3-23-9　ヴェルサウォーク西尾3F","2"
"アピナ蒲郡","99nrz_B8who_0FDROB0YQw","愛知県 蒲郡市 鹿島町浅井新田 1-26　クラスポ蒲郡2F","2"
"アミューズファクトリー常滑","xnp8nJaqYvWWMo8dwEzeDw","愛知県 常滑市 りんくう町 2-20-3　イオンモール常滑2F","2"
"ハローズガーデンワンダーフォレスト江南西","7_yVJwfqDL_rpxG9Z2bl6w","愛知県 江南市 松竹町上野 205　VIA MALLアピタ江南西店2F","2"
"アミューズメントワールド メトロポリス小牧","xtFV-Iy3I_je8Z46EfUO4Q","愛知県 小牧市 間々片山 181-1","2"
"namcoリーフウォーク稲沢","5D5UO_t4vXH4jM1CrVJKpQ","愛知県 稲沢市 下津穂所 1-1-1　リーフウォーク稲沢　ツリー棟2F","2"
"タイトーステーションパールシティ稲沢","K1VeJlbP07QDSnHHUfdvFQ","愛知県 稲沢市 井之口大坪町 80-1　パールシティ稲沢2F","2"
"プラサカプコン稲沢","zl_Tyz36m7t6BcHpKMAJ2w","愛知県 稲沢市 長野 7-1-2　リーフウォーク稲沢　モール棟2F　区画No.201","2"
"namcoリソラ大府","cCwagXEqYUpqdc2-U7Wuag","愛知県 大府市 柊山町 1-98　リソラ大府ショッピングテラス2F","2"
"わいわいランド知多","anF3b-TIaqGj5XHeiKT34Q","愛知県 知多市 新知東町 1-10-1イトーヨーカドー知多店2F","2"
"わいわいランド尾張旭","UYxre4Deh8NVnwY0HhlT9A","愛知県 尾張旭市 南原山町石原 116-4　イトーヨーカドー尾張旭店2F","2"
"namcoヨシヅヤ清洲","TRTsT_WE-RdeXb8BFULvmA","愛知県 清須市 西市場 5-5-3　ヨシヅヤ清洲店3F","2"
"楽市楽座022楽市街道名古屋","xOTLqtgkZ_EJmpjwdug8OA","愛知県 北名古屋市 中之郷字神明 45-1","2"
"タイトーFステーション弥富","jPgjkd6E1yVB3lebwVzGfw","愛知県 弥富市 五明町蒲原 1371-4　イオンタウン弥富内","2"
"モーリーファンタジー三好","6C2xcGJy39giyJ1Q23VoUA","愛知県 みよし市 三好町青木 91　アイ・モール三好　イオン三好店2F","2"
"ゲームピコ甚目寺","Zb4SjhsA0G8njyLTvCKTfA","愛知県 あま市 甚目寺五位田 134　ヨシヅヤ甚目寺店","2"
"namcoイオンモール長久手1号","7Oj95QOFHTWcam0n75fT0A","愛知県 長久手市 勝入塚 501　イオンモール長久手3F","2"
"GiGO 長久手","2WN0sxkV7WgyK-1oGTRy4g","愛知県 長久手市 武蔵塚 705","2"
"楽市楽座イオンモール扶桑","6Dun6oZZAza6Tr373KgjLg","愛知県 丹羽郡扶桑町 南山名字高塚 5-1　イオンモール扶桑2F","2"
"モーリーファンタジー東浦","oYRGDGnqjjPmW05denmiKQ","愛知県 知多郡東浦町 大字緒川字旭 13-2　イオンモール東浦1F　キッズリパブリック内","2"
"ポート24幸田","dAPkzhiuW-QbcFE0N7b-0g","愛知県 額田郡幸田町 高力字沖原 15　カメリアガーデン幸田内","2"
"ファンタジックランド太平通り","D7RBdb-dXST-isEw5CFJVQ","愛知県 名古屋市中川区 宮脇町 2-11　ヨシヅヤ太平通り店3F","1"
"バローガーデン戸田","Gf4yCk-VEIppi5JfEixfiQ","愛知県 名古屋市中川区 戸田明正 2-110　ルビットタウン戸田バロー戸田店2F","1"
"アピタ名古屋北店スタジアム","dZYoMQg4SzCtU-R3LczRMw","愛知県 名古屋市北区 辻町 9-1　アピタ名古屋北店内","1"
"ファンタジープラザ千代田橋","tv8fDrxir_gN-TD63YbUZg","愛知県 名古屋市千種区 千代田橋 2-1-1　アピタ千代田橋店3F","1"
"湯～とぴあ宝","Xaahv841hn0zqdhmqRcpvQ","愛知県 名古屋市南区 前浜通 1-9","1"
"カラフルパーク名古屋南","Jf1R8CVY76ZgItczbpuNPw","愛知県 名古屋市南区 豊田 4-9-47　アピタ名古屋南店3F","1"
"ラクスパガーデン名古屋","WTuL5LGTyV3rHwkV7Svzdw","愛知県 名古屋市名東区 平和が丘 1-65-2","1"
"NICOPA新守山","tFu1tKfFZ1CdJ7WOzZYtng","愛知県 名古屋市守山区 新守山 2830　アピタ新守山店2F","1"
"モーリーファンタジーイオンモールナゴヤドーム前","kVmmCBxJVE12bfifa5EkZA","愛知県 名古屋市東区 矢田南 4-102-3　イオンモールナゴヤドーム前　イオンスタイルナゴヤドーム前店3F","1"
"ファンタジープラザ港","kkDdVKVxFfdco3ZarptTUQ","愛知県 名古屋市港区 当知 2-1501　ポートウォークみなと2F","1"
"ゲームピコ南陽","2FoS3YWLcrqFURw2-qeSRA","愛知県 名古屋市港区 春田野 1-330　イオン南陽店3F","1"
"モーリーファンタジー名古屋茶屋","Ka1-XrScR8G5HWIO50Z9FQ","愛知県 名古屋市港区 西茶屋 2-11　イオンモール名古屋茶屋　イオン名古屋茶屋店3F","1"
"モーリーファンタジー熱田","dem8Jggz6dOmh6jzUNSaYQ","愛知県 名古屋市熱田区 六野 1-2-11　イオンモール熱田　イオン熱田店2F","1"
"名古屋グランドボウル","xAFVwE_emg06fxt4HB18nw","愛知県 名古屋市緑区 大高町字忠治山 12-1","1"
"NICOPAなるぱーく","bXsy5hgG7cMKzleUMkLfYQ","愛知県 名古屋市緑区 浦里 3-232　なるぱーく1F","1"
"ソユーブレーメンタウン鳴海","jhHnziapGqel7syniGujKw","愛知県 名古屋市緑区 鳴海町 伝治山3-9　アピタ鳴海店2F","1"
"あそびの広場名西","Gou89eKEZQ4jX_ff68y2fQ","愛知県 名古屋市西区 名西 2-33-8　ヨシヅヤ名古屋名西2F","1"
"GiGO イオンタウン名西","y-mqxxL5I_UcVx-KMrweew","愛知県 名古屋市西区 香呑町 6-49-1　イオンタウン名西2F　区画No.213","1"
"アーチ北山バッティングセンター","nXdGn9gnCbEdsQblMQCoGw","愛知県 豊橋市 北山町字西ノ原 40-20","1"
"アピタ向山店スタジアム","pLMek_j6_dRJutiy9906dw","愛知県 豊橋市 向山町 字中畑1-1　アピタ向山店2F","1"
"NICOPAコムタウン","61u3yrMebPBQtdsKU6yB3g","愛知県 岡崎市 上六名町 宮前1　コムタウン1F","1"
"NICOPA岡崎","_bq6SG95AQiNhR_Yzd3shg","愛知県 岡崎市 上和田町字南天白 5-1　エルエルタウン2F","1"
"GiGO 岡崎","JJUKFKxqqu8AKFeYiXrzbg","愛知県 岡崎市 上地 3-50-4","1"
"西友岡崎店ゲームコーナー","cGKft5sS8GPcVO7Q_M3vdw","愛知県 岡崎市 戸崎町越舞 2-1　西友岡崎店2F","1"
"岡崎グランドボウル","g8bgax6VjAnSbbbAN_AXMg","愛知県 岡崎市 日名北町 1-1","1"
"G-SQUAREアピタ岡崎北","PXYcMxar-w75s6U5eoPlzA","愛知県 岡崎市 日名北町 4-46　アピタ岡崎北店2F","1"
"モーリーファンタジーメガドンキ大和","ooDG-wHK-iDzzH_LwCRd7g","愛知県 一宮市 大和町毛受字一本松 19　メガドンキ大和店2F","1"
"アピタ木曽川店ナイル","nhCQLvOLtu04n7duHR7Phw","愛知県 一宮市 木曽川町黒田八ノ通 51-4　アピタ木曽川店2F","1"
"モーリーファンタジービバホーム一宮","0Kq9xgVpOFSkBcd_45SSBg","愛知県 一宮市 羽衣 2-5-2","1"
"ファンタジープラザ瀬戸","pval5bVeATPSc8s95Vtkdw","愛知県 瀬戸市 幸町 33　アピタ瀬戸店2F","1"
"GiGO 東名ボール","wRuKibqJ0YXdLIc6xgsZ0g","愛知県 瀬戸市 西原町 2-114","1"
"モーリーファンタジー半田","m0wXpOV77KSOevRidc6r-A","愛知県 半田市 有楽町 8-7　イオン半田店2F","1"
"半田グランドボウル","wwA0KLNzjTD1OrEt8mYaVw","愛知県 半田市 東洋町 2-49-1","1"
"ゲームピコ半田","-tUbmLc588yX-scM-no4GA","愛知県 半田市 青山 1-1-1","1"
"ファンタジープラザ高蔵寺","A_3xBTe1t1wU3Fb-RlnQeg","愛知県 春日井市 中央台 2-5　アピタ高蔵寺店2F","1"
"GiGO 春日井","FGp4SEhB9nT2NkBaS_X5wA","愛知県 春日井市 岩野町 4180","1"
"モーリーファンタジー新豊川","8diIpYzdVWfRU0J00Wvtwg","愛知県 豊川市 白鳥町兎足 1-16　イオン新豊川3F","1"
"ジャムジャムガーデン津島","JZ8Lf4SeTMHM-OUQeS9QBw","愛知県 津島市 津島字北新開 351　ヨシヅヤ津島本店3F","1"
"アピタ刈谷店シルクロード","WeSRNd9WXL4NqeqDQtfu4w","愛知県 刈谷市 南桜町 2-56-1　アピタ刈谷店3F","1"
"GiGO イオンタウン刈谷","rYUoXzLtE2SOu7CX14RJfw","愛知県 刈谷市 東境町京和 1　イオンタウン刈谷内","1"
"アミューズメントプラザマルシン","0Dm-DivhDrM259mDKT92_A","愛知県 刈谷市 池田町 4-609","1"
"M'sPARK刈谷","sGJo2Mn_qYmmXOU6jzdQUw","愛知県 刈谷市 稲場町 3-206","1"
"ファンタジープラザ豊田元町","ksOsZ4VidC4NLkg8v1_9LQ","愛知県 豊田市 土橋町 2-65　MEGAドン・キホーテUNY豊田元町店2F","1"
"あそびばViViD豊田","49o3SWUUKLHRCiQnj1wyJA","愛知県 豊田市 東山町 1-5-1　イオン高橋店3F","1"
"GiGO 豊田","utvRw5zMR8QOEKzMOGQA5g","愛知県 豊田市 深田町 1-65-1","1"
"モーリーファンタジーt-FACE","ekyLLnychDR5VqJuoPBoig","愛知県 豊田市 西町 6‐85‐1　豊田市駅西口市街地再開発ビルA館","1"
"GiGO 安城","sMdP3MbrPQMXa3-zM6Y5DA","愛知県 安城市 百石町 2-35-13","1"
"ムー大陸西尾","72NOC6-v39VHo5s05esCYQ","愛知県 西尾市 下町 御城下23-1　おしろタウンシャオ2F","1"
"スィートガレージ","TUvs1ipcJcXYr8kj9LhktA","愛知県 蒲郡市 海陽町 2-2　フェスティバルマーケット2F","1"
"ゲームすぽっとアピタ蒲郡","2vTNAsZWgxXuaCED-ewXsg","愛知県 蒲郡市 港町 17-10　アピタ蒲郡店2F","1"
"モーリーファンタジー常滑","JWTLxoy7s9V2BeazrbGPJQ","愛知県 常滑市 りんくう町 2-20-3　イオンモール常滑　イオンスタイル常滑2F","1"
"ファンタジープラザ桃花台","c1RZWd9mwsFhBkUkd_UUPg","愛知県 小牧市 古雅 1-1　MEGAドン・キホーテUNY桃花台店3F","1"
"G-SQUAREMEGAドン・キホーテUNY小牧","bLNMZk01XOmMgm0TmudiCQ","愛知県 小牧市 堀の内 3-15　MEGAドン・キホーテUNY小牧店2F","1"
"ピーターパンと仲間たち小牧","sWbZ7P7TfZSdqofnOx7FAg","愛知県 小牧市 東 1-126　イオン小牧2F","1"
"稲沢グランドボウル","hel2N-y9u1pnvn0OZ3nmJA","愛知県 稲沢市 井之口大坪町 80-1","1"
"ファミリーアミューズメント新城","7JBpCHHEqdOxXd5f3gIKsg","愛知県 新城市 宮ノ後 68-3　ピアゴ新城店2F","1"
"アミューズメントプラザワイド","zlilUZsLgDtlrXdC6g71wA","愛知県 東海市 名和町二番割上 16-2","1"
"アピタ東海荒尾店プラネット","Uyvp6L8f_FOiAPHt--Emyg","愛知県 東海市 荒尾町山王前 20　アピタ東海荒尾店2F","1"
"ファンタジックランド知立","Hlr7Cz7TbylBy22VN8dVpg","愛知県 知立市 上重原町 己ノ池53-1　ドミースーパーセンター知立店1F","1"
"ファンタジックランド高浜","2nfzcDkk9U71AuXx04t_iQ","愛知県 高浜市 神明町 8-20-1　Tぽーと2F","1"
"ファンタジープラザ岩倉","8K0eUkRAx7tZd5I9FNJ0ZA","愛知県 岩倉市 旭町 1-25　アピタ岩倉店2F","1"
"ヨシヅヤ佐屋","OtvI84p-x-lBLHtR3ilxhA","愛知県 愛西市 須依町前田面 95-1","1"
"ヨシヅヤ師勝","yGlybOwTfH91jkNgA_uL7w","愛知県 北名古屋市 鹿田 1929","1"
"ベイシア三好","In4tjBse5s0nVle5eh-F3w","愛知県 みよし市 根浦町 4-6-27　ベイシア三好店内","1"
"モーリーファンタジー長久手","YoXnIo2XFOeDUQY_r-Q3Xw","愛知県 長久手市 勝入塚 501　イオンモール長久手　イオンスタイル長久手3F","1"
"G-SQUAREアピタ長久手","5y7eiFnSl4HcOKON79ESHA","愛知県 長久手市 戸田谷 901-1　アピタ長久手店2F","1"
"モーリーファンタジー扶桑","EN7fENPtHfoChCo0J1a6ww","愛知県 丹羽郡扶桑町 南山名字高塚 5-1　イオンモール扶桑　イオン扶桑店2F","1"
"ViViD蟹江","g4cZZhcqk4i-0X8VVzm13w","愛知県 海部郡蟹江町 桜 1-212　ヨシヅヤJR蟹江駅前店2F","1"
"パルス武豊","ERkWcftImgTFN3dZIuGsAw","愛知県 知多郡武豊町 西田崎 19-1　ピアゴ武豊店2F","1"
"G-EXPRESSアピタ阿久比","Gus708WlFosufJQgM78ldg","愛知県 知多郡阿久比町 椋岡 字徳吉1-12　アピタ阿久比店2F","1"
"ラウンドワン津・高茶屋","KFHPVXAmVC0crqK3fWMMaw","三重県 津市 高茶屋小森町 277-8","3"
"namcoイオンモール鈴鹿","0RnKRulw_rsU2F5MHZ7lxg","三重県 鈴鹿市 庄野羽山 4-1-2　イオンモール鈴鹿2F","3"
"ラウンドワンスタジアムみえ・川越IC","s_0VkPZWNDpl7L8WxAu22g","三重県 三重郡川越町 南福崎 851-1","3"
"モーリーファンタジー津城山","PwGX8WrrXfH5s9dX44rWWw","三重県 津市 久居小野辺町 1130-7　イオンタウン津城山　マックスバリュ津城山店2F","2"
"ゲームパークMECHA久居","FYhpkacUQAHONON0U8uATg","三重県 津市 久居明神町 風早2660　イオン久居店2F","2"
"PALOイオンモール津南","v7egYpiLlVfy9h86vBjWhA","三重県 津市 高茶屋小森町 145　イオンモール津南3F","2"
"GiGO トナリエ四日市","-M9L7cqFfHMWf9nqYcA0ZA","三重県 四日市市 安島 1-3-31　トナリエ四日市5F","2"
"NICOPAイオンモール四日市北","5xWZgOp29YBUC55zO37qlw","三重県 四日市市 富州原町 2-40　イオンモール四日市北2F","2"
"カヨーゲームランド","9xoRkCSXi5TsT4JHR1y1fA","三重県 四日市市 日永 4-2-41　日永カヨーSC2F","2"
"アピナ四日市","wpt7HVJFEH183x0u6gY6iQ","三重県 四日市市 泊小柳町 4-34","2"
"モーリーファンタジー四日市泊","SRGazLnduywWUkXQ6GNSzg","三重県 四日市市 泊小柳町 4-5　イオンタウン四日市泊2F","2"
"モーリーファンタジー伊勢ララパーク","hrKUfCRAcqrROgLcbxlfqA","三重県 伊勢市 小木町曽祢 538　イオンタウン伊勢ララパーク2F","2"
"NICOPAイオン伊勢","ZOKFb7YDMdQx5xWPpjf9-Q","三重県 伊勢市 楠部町 乙160-2　イオン伊勢店2F","2"
"バンダイバッティングドームみくも","sUSROJed_yCxkWoUXv55dg","三重県 松阪市 久米町 1216　バンダイワールド内","2"
"GiGO アドバンスモール松阪","bm5a1HTDzK97nXXTJ1dGUQ","三重県 松阪市 田村町 235-1　アドバンスモール松阪内","2"
"アピナ松阪","TW79e_dBFTGzOa2V-rnCsw","三重県 松阪市 船江町 1392-27　イオンタウン松阪船江A棟2F","2"
"モーリーファンタジー桑名","obMoP5LlTZVZZfu1kVQpDQ","三重県 桑名市 新西方 1-22　イオンモール桑名1番街3F","2"
"GiGO クレーンゲームオアシスイオンモール桑名","5Jd27U6lFNcLoZCoPFFwBg","三重県 桑名市 新西方 1-22　イオンモール桑名3番街1F","2"
"ナガシマスパーランド","WZEy6-hnkuE1ZOnYqmEr3Q","三重県 桑名市 長島町浦安 333","2"
"ハローズガーデン鈴鹿","34fT30TPaexSUqQ6bXj5rw","三重県 鈴鹿市 南玉垣町 3628　MEGAドン・キホーテUNY鈴鹿店2F","2"
"モーリーファンタジーイオン鈴鹿","I9rNntk3IQ4u0y_sY36aJA","三重県 鈴鹿市 庄野羽山 4-1-2　イオンモール鈴鹿　イオン鈴鹿店2F","2"
"アピナ鈴鹿","-T2FTXvSftEc9HIQac2dwA","三重県 鈴鹿市 庄野羽山 4-20-1　イオンタウン鈴鹿2F","2"
"アミパラ鈴鹿","98mZOKMJ_0SPLJ8-0FmtEw","三重県 鈴鹿市 西條町字東澤 430-1","2"
"ドリームキャンディー","prtvJ6EfeECaoZXtHzkokg","三重県 伊賀市 小田町 711","2"
"楽市楽座イオンモール東員","rUXsTELXxHdAOToBAhqhog","三重県 員弁郡東員町 長深字築田 510-1　イオンモール東員3F","2"
"アソビックスゲームワールド","aiQau96VCgw1cfZMiTevFA","三重県 三重郡朝日町 小向 181　アソビックスあさひ内","2"
"タイトーステーションイオンモール明和","M4VbNDxG_feoOCl8PKrwcg","三重県 多気郡明和町 中村 1223　イオンモール明和2F","2"
"GiGO 久居","potC0Rk1lFPXoC4pDCm1ww","三重県 津市 久居明神町風早 2534-1　久居インターガーデン内","1"
"UP・DOスポーツスタジアム津","NB4O_qlvpY6Mnr5Z8XKrhg","三重県 津市 神戸 203-13","1"
"モーリーファンタジー津南","GJpvfAkDR5LUH1Om7iauWg","三重県 津市 高茶屋小森町 145　イオンモール津南　イオンスタイル津南3F","1"
"モーリーファンタジー四日市北","xSlb8UUirDmTote884dCFQ","三重県 四日市市 富州原町 2-40　イオンモール四日市北　イオン四日市北店2F","1"
"モーリーファンタジー四日市尾平","p_NsX9rngDAZiPWY8mtVsQ","三重県 四日市市 尾平町 字天王川原1805　イオン四日市尾平SC　イオン四日市尾平店3F","1"
"GiGO 生桑","fA52hitDDSF7YNZJLh9ILw","三重県 四日市市 生桑町字川原崎 299-1","1"
"GiGO 伊勢","A_FPPchUh5wgGZQir--j5A","三重県 伊勢市 中須町 666","1"
"ファンタジープラザ松阪三雲","nTU5b4lT8o77c2VwQR8vNw","三重県 松阪市 市場庄町 1266-1　アピタ松阪三雲店内","1"
"NICOPA桑名","T-xBEvHrva6OEpDNbKkKxA","三重県 桑名市 中央町 3-21　アピタ桑名店2F","1"
"GiGO 桑名","LWsRMf4KzP0_zSdMsCP3Sg","三重県 桑名市 江場 1578","1"
"鈴鹿グランドボウル","0giDQHc3dRhI8QMy05FAEw","三重県 鈴鹿市 三日市町赤土田 1053","1"
"NICOPAそよら鈴鹿白子","zKpzT8NPQJiwIqhLY7Ifyw","三重県 鈴鹿市 白子駅前 3-1　そよら鈴鹿白子2F","1"
"ファンタジープラザ名張","3bXugxs9o02etFXr1j3lDg","三重県 名張市 下比奈知 3100-1　MEGAドン・キホーテUNY名張店2F","1"
"モーリーファンタジー名張","mLBJAgQg1u4aS50-Fzcg0w","三重県 名張市 元町 376　イオン名張店3F","1"
"GiGO 名張","XBBi5FBbsA9JN5wPdoJW2A","三重県 名張市 希央台3番町 15","1"
"戸田家","tYXeev0YmYfmTab_N_pltw","三重県 鳥羽市 鳥羽 1-24-26　戸田家内ゲームコーナー","1"
"ゲームピコ大安","MTUwo-0HTbFHmv6j_sxXIQ","三重県 いなべ市 大安町高柳 1945　イオン大安店2F","1"
"モーリーファンタジー阿児","eemupdztoWvxR9cK42OPjQ","三重県 志摩市 阿児町鵜方 3215　阿児SC　イオン阿児店2F","1"
"モーリーファンタジー伊賀上野","OtvFsxrzDVopWxr0kx-5Yg","三重県 伊賀市 上野茅町 2519　イオン伊賀上野店2F","1"
"アピタ伊賀上野","_NS2Zsmn03mBvr4F-T30NA","三重県 伊賀市 服部町 1788","1"
"モーリーファンタジー東員","qgWKEklTAfDIPZqlFXvQ4w","三重県 員弁郡東員町 長深字築田 510-1　イオンモール東員　イオン東員店3F","1"
"マックスバリュ多気","p3qzGO79W60OPgC4PNpg6A","三重県 多気郡多気町 仁田 750　マックスバリュ多気店内ゲームコーナー","1"
"モーリーファンタジー明和","v_jIyB4M9N7EiNUwA9Qu-Q","三重県 多気郡明和町 中村 1223　イオンモール明和　イオン明和店2F","1"
"滋賀レジャーランド大津","ma-2Lzmty6Hxy2QrJfPMTA","滋賀県 大津市 におの浜 3-1-43","4"
"ピエリ守山アミューズパーク","7AaO10L1JbhdQXN712g_og","滋賀県 守山市 今浜町 2620-5　琵琶湖クルージングモール　ピエリ守山1F","4"
"ラウンドワンスタジアム浜大津アーカス","x5uzPBNvllFb0wu8FGJbqw","滋賀県 大津市 浜町 2-1　浜大津アーカス内","3"
"namcoビバシティ彦根","dY6V_8zonTZg3J1kjlsVSw","滋賀県 彦根市 竹ケ鼻町 43-1　ビバシティ彦根2F","3"
"ゲームランド草津","PwRR7fvv5tLCMwCjRRNrMg","滋賀県 草津市 新浜町 300　イオンモール草津3F","3"
"モーリーファンタジー大津一里山","8MEN2hcf8-RGCBewhMEhWQ","滋賀県 大津市 一里山 7-1-1　フォレオ大津一里山2F","2"
"エースレーン堅田","8yaKrOHEZTaVxAvBSU3C9w","滋賀県 大津市 今堅田 2-40-10　ACT堅田2F","2"
"ASOBLEオーミー大津テラス","Lk-NP8EH3IoTVMMF58i49g","滋賀県 大津市 打出浜 14-30　Oh！Me大津テラス5F　502","2"
"タイトーFステーションイオン近江八幡","KtAFGVY8_cbLzlaHlstbQg","滋賀県 近江八幡市 鷹飼町南 3-7　イオン近江八幡SC2番街　イオン近江八幡店1F","2"
"アミパラ草津","qT_0oMV8D8s6Ukq985V-AQ","滋賀県 草津市 木川町 72","2"
"GiGO エイスクエア草津","5KpeP7SDk4S3AX0ZnLdKGA","滋賀県 草津市 西渋川 1-23-23　草津駅前SC　A-SQUARE SARA南棟2F","2"
"アクション草津","g_9HNy3c2xEmMvZJuYGeCQ","滋賀県 草津市 野路 3-1-11　ACT草津2号館","2"
"ふぇすたらんど守山","kVnOcn59DGSnH3oY721JjQ","滋賀県 守山市 播磨田町 185-1　モリーブ2F","2"
"namcoアルプラザ水口","PcOwNhZGJn1cRsE-43Iqbg","滋賀県 甲賀市 水口町名坂 419-1　アル・プラザ水口別館2F","2"
"GiGO アル・プラザ八日市","09UBqMzg3cvruP6uMMS9qQ","滋賀県 東近江市 八日市浜野町 3-1　ショッピングプラザアピア4F","2"
"アピナキッズパーク大津京","mhR5RhwJmWGPx7dwHdwoWA","滋賀県 大津市 二本松 1-1　BRANCH大津京A棟","1"
"スキップパーク堅田","67lXkkAmRabKdT-OI846xQ","滋賀県 大津市 本堅田 5-20-10　アル･プラザ堅田3F","1"
"イオンタウン彦根ゲームコーナー","t6_V-G8GVqZ8es2XNjxGPw","滋賀県 彦根市 古沢町 255-1　イオンタウン彦根内","1"
"モーリーファンタジーベイシア彦根","up6YUMZqij3JaEiaVPDMFw","滋賀県 彦根市 馬場 2-1-1　ベイシア彦根店1F","1"
"スペースプラネット長浜","avMWkKmgOIqrE0BwUc9yyg","滋賀県 長浜市 八幡東町 9-1　西友長浜楽市店3F","1"
"ユーイング アル・プラザ長浜","BmoHurDnijBZP9Y7qsMDOw","滋賀県 長浜市 小堀町 450　アル･プラザ長浜2F","1"
"モーリーファンタジー長浜","nANsShRdglk9aNXe6fQTiA","滋賀県 長浜市 山階町 271-1　イオン長浜SC　イオン長浜店2F","1"
"エースレーン近江八幡","wGSl06IUY9mH72JbAlogzA","滋賀県 近江八幡市 出町 736　ACT近江八番2番館1F","1"
"モーリーファンタジーイオン近江八幡","a0--C4s8Qs70iDSXzOW4JQ","滋賀県 近江八幡市 鷹飼町南 3-7　イオン近江八幡SC　イオン近江八幡店3F","1"
"モーリーファンタジー草津","uSm5MJR2QVg8l-S9g2AvWQ","滋賀県 草津市 新浜町 300　イオンモール草津　イオン草津店3F","1"
"エースレーン守山","1VCqd5zyYCNSj372whb-0w","滋賀県 守山市 播磨田町 231-4　ACT守山3番館2F","1"
"プラザパルAP栗東","jKGS0GvD0E3Vsu_2SWJt_Q","滋賀県 栗東市 綣 2-3-22　アル・プラザ栗東2F","1"
"クレーン倉庫あそびば水口","BlcJYL6zrkpSn5siIa1YQQ","滋賀県 甲賀市 水口町北泉 1-131","1"
"イオンタウン野洲ゲームコーナー","ExVrMTWGsFOnUGZS4hfWYA","滋賀県 野洲市 乙窪 480-1　イオンタウン野洲内","1"
"ユーイング アル・プラザ野洲","HnVl93lWWng-HzFAD4t9rA","滋賀県 野洲市 小篠原 1000　アル･プラザ野洲内","1"
"GiGO 甲西","jZESgt4UajgAlbwlc4ynQw","滋賀県 湖南市 夏見二ツ橋 356-1","1"
"イオンタウン湖南ゲームコーナー","am_LzZrjiX7yjn0fa-W6JA","滋賀県 湖南市 岩根 4580　イオンタウン湖南内","1"
"GiGO 平和堂あどがわ","X-AUHSDv9D_cVDS5C2wjTw","滋賀県 高島市 安曇川町西万木 55　平和堂あどがわ店内","1"
"バンダイナムコ Cross Store 京都","YGFnfpv6GKnsaLGg3h91Fw","京都府 京都市南区 西九条鳥居口町 1　イオンモールKYOTO　Sakura館4F","9"
"ラウンドワン京都河原町","bY9a4pST8rybbdVCYuuXCQ","京都府 京都市中京区 河原町通三条下る山崎町 250","5"
"サープラ京都あそびタウン","RbVHDJdkwkb3c9xd025VBA","京都府 京都市中京区 西ノ京栂尾町 107　BiVi二条2F","3"
"アミューズメントCUE京都円町","tzBn7ti9d4K_ZpLvYd6P1w","京都府 京都市中京区 西ノ京西円町 40","3"
"ラウンドワンスタジアム京都伏見","wxIFO4huSpNdlLwuPEkJVA","京都府 京都市伏見区 下鳥羽平塚町 131","3"
"あそVIVAゲームセンター","nGZQjG4WFx9d0M73aGxRJg","京都府 福知山市 堀上高田 2146-1　あそVIVA1F","3"
"namcoアルプラザ城陽","niK6LNci_LyN9Wzv7r6h2g","京都府 城陽市 富野荒見田 112　アル・プラザ城陽4F","3"
"モーリーファンタジー高の原","J7e7o1XHru6N212sCFodcg","京都府 木津川市 相楽台 1-1-1　イオンモール高の原　イオン高の原店4F","3"
"GiGO MOMOテラス京都伏見","xvtHs7GOakdC9YeV9RNO_w","京都府 京都市伏見区 桃山町山ノ下 32　MOMOテラス別館2F","2"
"パルケ上賀茂","rZRp1x0XI4W1dW5d3TY8mw","京都府 京都市北区 上賀茂西河原町 1-1","2"
"楽市楽座イオンモール京都桂川","QTW-xiQEHy--wHc6A7BSNA","京都府 京都市南区 久世高田町 376-1　イオンモール京都桂川3F　3051区画","2"
"モーリーファンタジー京都桂川","kxMO-RYoXnUh190y2MzUkQ","京都府 京都市南区 久世高田町 376-1　イオンモール京都桂川　イオンスタイル京都桂川3F","2"
"プレイランド京都","LV5MmiMErz-rqAlDg-blAg","京都府 京都市右京区 山ノ内池尻町 1-1　京都ファミリー3F","2"
"プラサカプコン京都","KKWDXFcZkgkbWw5phqwN7Q","京都府 京都市右京区 西院追分町 25-1　イオンモール京都五条3F","2"
"モーリーファンタジー京都五条","0mLsc-fbAl-CejGV8dNlCw","京都府 京都市右京区 西院追分町 25-1　イオンモール京都五条　イオン京都五条店2F","2"
"モーリーファンタジー洛北阪急スクエア","WPp0IHNMvJABOmc106qlGw","京都府 京都市左京区 高野西開町 36　洛北阪急スクエア2F　2180","2"
"namcoらぽーる","aYSYChaHdgntdFBUzfl_qA","京都府 舞鶴市 南浜町 27-5　らぽーる3F","2"
"namcoアルプラザ宇治東","CQllSRq7Vmm-6Bn06xrXEQ","京都府 宇治市 莵道平町 28-1　アル・プラザ宇治東3F","2"
"namcoミップル","jyAXOAM93uqLd54ulTfo5w","京都府 宮津市 浜町 3012　宮津シーサイドマートMipple5F","2"
"アミューズメントパークあそびばイオン亀岡","OptzuRGtSlUamV6UD9PP2g","京都府 亀岡市 古世町 西中坪101　イオン亀岡店3F","2"
"ファインワールド亀岡","t1QiyXHIvYivjIflwHP1kw","京都府 亀岡市 古世町 西内坪101　イオン亀岡店3F","2"
"レインボーランド長岡","SwsR-ZDJ46jr9LooyPr_qw","京都府 長岡京市 開田 4-7-1　イズミヤ長岡店2F","2"
"タイトーステーションイオンモール高の原","S5iTiYyd6HRuYM6PZmmSig","京都府 木津川市 相楽台 1-1-1　イオンモール高の原4F","2"
"アミパラ久御山","kE9wqLXYZ72SNCMOD716sA","京都府 久世郡久御山町 森 大内337　イオンタウン久御山内","2"
"モーリーファンタジー久御山","nou_E9jQmqKxKOoCy2Kotg","京都府 久世郡久御山町 森南大内 156-1　イオンモール久御山　イオン久御山店2F","2"
"GiGO アル・プラザ醍醐","eR4q_5MEsFn_ZdjKfPkatg","京都府 京都市伏見区 醍醐高畑町 1-37　アル･プラザ醍醐3F","1"
"モーリーファンタジー桂南","hPf9fE3hXieCy0PNcDPPyA","京都府 京都市南区 久世上久世町 485　ダイエー桂南店2F","1"
"モーリーファンタジー洛南","8kqpVlvLwkBlzUL5Izt2Yg","京都府 京都市南区 吉祥院御池町 31　イオン洛南SC　イオン洛南店2F","1"
"モーリーファンタジー福知山","bBSge_WfKsi0alu1Z4yj1Q","京都府 福知山市 岩井 79-8　イオン福知山店2F","1"
"キッズワールドさとうバザールタウン舞鶴","JveGw03in0shmTZ93jWKqg","京都府 舞鶴市 伊佐津 200-5　さとうバザールタウン舞鶴内","1"
"モーリーファンタジー綾部","cPw7MI6FC2GN-PtF4Yiz-g","京都府 綾部市 綾中町 花ノ木30　さとうバザールタウン綾部アスパ館2F","1"
"タカラ島亀岡","Y91-6czmSVEP67C-TyETQA","京都府 亀岡市 篠町野条上又 11-1　アル・プラザ亀岡3F","1"
"NICOPA八幡","71ydreKMl-wy9wMmF4DC4Q","京都府 八幡市 八幡一ノ坪 23-1　イズミヤ八幡店1F","1"
"GiGO アル・プラザ京田辺","KwfTUfdbQ3dfEo0Y122nGA","京都府 京田辺市 田辺中央 5-2-1　アル・プラザ京田辺3F","1"
"タカラ島峰山","qdC0FYJ4ffvR-LdHg2fq3Q","京都府 京丹後市 峰山町新町 1606-1　SCマイン4F","1"
"アミュージアム木津川","3bIeYhLIjVqSs6TXR6d3aQ","京都府 木津川市 州見台 1-1-1-1　ガーデンモール木津川2F","1"
"namco梅田","LCI0iXEtSn8q48CMTp31cA","大阪府 大阪市北区 小松原町 3-3　OSビル1～3F","10"
"ラウンドワンスタジアム千日前","MVUXKbrszIHDDo0Ac5hR3A","大阪府 大阪市中央区 難波 1-3-1","9"
"GiGO 大阪道頓堀本店","9yLtPLYvhFWoCk_Y9X1UzA","大阪府 大阪市中央区 道頓堀 1-8-22","8"
"namcoららぽーと堺2F","doz2G_IoOm8GK3StKmGNPw","大阪府 堺市美原区 黒山 22-1　ららぽーと堺2F","8"
"namcoららぽーと門真","kml_j3RZog__CnXjweil9g","大阪府 門真市 松生町 204-3　ららぽーと門真3F","8"
"GiGO あべのキューズモール","TG1RAkJqffxIonjRFfwGWA","大阪府 大阪市阿倍野区 阿倍野筋 1-6-1　あべのキューズモール3F　Q-332","7"
"ラウンドワン梅田","taxoTRMPY-gM6NmIRmu4bA","大阪府 大阪市北区 小松原町 4-16","6"
"namcoイオンモール鶴見緑地","g10xy42ESGkrvvEpJDeFFw","大阪府 大阪市鶴見区 鶴見 4-17-1　イオンモール鶴見緑地4F","6"
"GiGO あべのアポロ3F","nui6xmZI1X5GWsvYBqLiGA","大阪府 大阪市阿倍野区 阿倍野筋 1-5-31　アポロビル3F","5"
"タイトーステーションアリオ八尾","qq8e7_KoZ4N1m5kvnoo9Lw","大阪府 八尾市 光町 2-3　イトーヨーカドーアリオ八尾店3F","5"
"ヨドバシカメラマルチメディア梅田","6nYb1lmhHBDcMWnxP0BZfQ","大阪府 大阪市北区 大深町 1-1　ヨドバシカメラマルチメディア梅田店5F　ヨドバシキャッチャー","4"
"GiGO 今福","lfniabigtUGQPWjLr8EMzw","大阪府 大阪市城東区 今福東 1-9-34","4"
"namcoなんばパークス","fhUBjEW6SAqTKY9WIOnA0A","大阪府 大阪市浪速区 難波中 2-10-70　なんばパークス6F","4"
"ラウンドワンスタジアム堺中央環状","TqqhKc5g7x8_TcAJjmt1-A","大阪府 堺市東区 石原町 2-241","4"
"namcoアリオ鳳","b-YjbsZA1ghKsuP2XkemDA","大阪府 堺市西区 鳳南町 3-199-12　アリオ鳳3F　3280","4"
"バンダイナムコ Cross Store イオンモール大日","z-BtUMqyz6QDyrUtpo3erg","大阪府 守口市 大日東町 1-18　イオンモール大日4F","4"
"namcoくずはモール","qaHZwTKoFamEEjPOdokSUw","大阪府 枚方市 楠葉花園町 10-85　KUZUHA MALL南館2F","4"
"あそVIVA阪急茨木","p94C8E_nLnhaMdWLHnkZsg","大阪府 茨木市 永代町 6-2　スポーツプラザ茨木2F","4"
"namcoセブンパーク天美","a84DIm4PurU1JAWtNh8Q5Q","大阪府 松原市 天美東 3-500　セブンパーク天美3F","4"
"GiGO 布施","ALdFrzpnQgaKh8YaRJZS-A","大阪府 東大阪市 長堂 1-1-1　ロンモール布施内","4"
"アピナ交野","Pldg9b9Se-SUAh7IxiOxUw","大阪府 交野市 私部西 1-33-20　MEGAドン・キホーテ交野店B1F","4"
"タイトーステーション難波","ogPrm7VAsOIdNvKw1M6Syw","大阪府 大阪市中央区 難波千日前 15-12","3"
"モーリーファンタジーLINKS UMEDA","XtDZQdSfuKTpJfrngp-fnw","大阪府 大阪市北区 大深町 4-8　LINKS UMEDA内","3"
"ラウンドワンスタジアム城東放出","-lFZW6r-HaLkGBgHB33OCw","大阪府 大阪市城東区 今福南 3-4-38","3"
"namco大阪日本橋","XuQh9gkh3pkL170fhZUthg","大阪府 大阪市浪速区 難波中 2-1-17　コスモビル1～3F","3"
"ラウンドワンスタジアム堺駅前","vDye4MmzU10qmBz4NdY_5Q","大阪府 堺市堺区 戎島町 4-44-3","3"
"GiGO 新三国アルゴ７","1EfhnCSo134xvfPbovm2Rw","大阪府 豊中市 神州町 1-15","3"
"エンターテイメントフィールドららぽーとEXPOCITY","dN1F14rkPc3MuSlDxd3iDA","大阪府 吹田市 千里万博公園 2-1　ららぽーとEXPO CITY3F","3"
"ラウンドワンスタジアム高槻","CHwoPsffWJOSX4qcmaRVyg","大阪府 高槻市 辻子 3-6-4","3"
"namco枚方モール","JJOqi5h26ODIY0lG-Te-IA","大阪府 枚方市 岡東町 19-14　枚方モール4F","3"
"GiGO 枚方","gutn3npzhmDSkvOu4aMyKQ","大阪府 枚方市 須山町 83-1　サンシャインプラザ枚方内","3"
"Feedy Diner＆Arcade 茨木","nPwBiLH62jgu1Y-3tdGVSA","大阪府 茨木市 松ケ本町 8-30-5　イオンモール茨木4F","3"
"YAZ寝屋川","x6fFczbRzrMnfLhz5gT0xg","大阪府 寝屋川市 石津中町 25-26","3"
"アミパラ大東","V39qvmc2SJPrPh28_TkEGg","大阪府 大東市 南新田 2-3-5","3"
"ラウンドワンららぽーと和泉","Y7a1A4xUJEnIcK0wkgYoQw","大阪府 和泉市 あゆみ野 4-4-7　ららぽーと和泉4F　42100番","3"
"サープラ大阪道頓堀あそびタウン","Oof4VTbAXpEgePrY4xRNAQ","大阪府 大阪市中央区 道頓堀 1-7-21　中座くいだおれビル2F","2"
"ATCあそびマーレ","L7dJgrx2CjkQrGA8-aMYmw","大阪府 大阪市住之江区 南港北 2-1-10　ITM棟5F","2"
"namcoマグスミノエ","N2XkauGg7dELBn1-LxIDlA","大阪府 大阪市住之江区 泉 1-1-82　マグスミノエ1F","2"
"GiGO 東梅田","T5vuSDX1gnJMuykosNxuKg","大阪府 大阪市北区 堂山町 9-28　スプラウトビル1F","2"
"GiGO 大阪第4ビル","uA83rC9I7s-hjuo3n-gGug","大阪府 大阪市北区 梅田 1-11-4　駅前第4ビルB1F","2"
"バンダイナムコ Cross Store 大阪梅田","tI6qqEp9rCtXT90QUDjVug","大阪府 大阪市北区 角田町 5-15　HEP FIVE 8F","2"
"モーリーファンタジー喜連瓜破駅前","mMzcW8KBjEehsvYiDGAPLw","大阪府 大阪市平野区 瓜破 2-1-13　イオン喜連瓜破SC　イオン喜連瓜破駅前店3F","2"
"ラウンドワン東淀川","453J7048vAECAghuRBOJmA","大阪府 大阪市東淀川区 菅原 7-14-29","2"
"ソユーウェスタンシティ","dCpS21GqnQBRiHoGeySrSg","大阪府 大阪市此花区 島屋 6-2-82　ユニバーサル・シティウォーク大阪3F","2"
"タイトーステーション大阪日本橋","AGzomhjWnkNK63BQaH8UzQ","大阪府 大阪市浪速区 日本橋 4-9-14","2"
"GiGO 難波アビオン","5BB8wDEw9o1OHziRDnANvQ","大阪府 大阪市浪速区 難波中 2-3-15　MMOビルB1～3F","2"
"MECHA天保山","xu-Ec03L7CzY_5dextDnAg","大阪府 大阪市港区 海岸通 1-1-10　天保山マーケットプレイス内","2"
"モーリーファンタジー野田阪神","2hSr-MfukwISLY-7vJQqBg","大阪府 大阪市福島区 海老江 1-1-23　ウイステ　イオン野田阪神店4F","2"
"楽市楽座イオンモール大阪ドーム","J2isnxHeuteUsLNuxLPnNQ","大阪府 大阪市西区 千代崎 3-13-1　イオンモール大阪ドームシティ4F","2"
"モーリーファンタジー大阪ドームシティ","PwW050ZanciWDskR6Dnfug","大阪府 大阪市西区 千代崎 3-13-1　イオンモール大阪ドームシティ　イオン大阪ドームシティ店3F","2"
"NICOPAベルファ都島","bVG5pq6kYg8-4fV2xSoEPA","大阪府 大阪市都島区 友渕町 2-13-34　ベルファ都島SC3F","2"
"カプコミクスあべのHOOP","nmPKai2zV4djhKCM3ITCow","大阪府 大阪市阿倍野区 阿倍野筋 1-2-30　HOOP3F","2"
"モーリーファンタジー鶴見緑地","-4T3Qwp61Q0sXwU1V97oBw","大阪府 大阪市鶴見区 鶴見 4-17-1　イオンモール鶴見緑地　イオン鶴見緑地店3F","2"
"モーリーファンタジー堺北花田","BNraLyYLQ9RNfPKzpDwcUw","大阪府 堺市北区 東浅香山町 4-1-12　イオンモール堺北花田　イオン堺北花田店2F","2"
"ソユーゲームフィールド堺鉄砲町","QmB0AlrlJ1QgM_cEIVC72A","大阪府 堺市堺区 鉄砲町 1　イオンモール堺鉄砲町3F","2"
"楽市楽座ビバモール美原南インター","oGAsyolOY_UXxjGenJiywg","大阪府 堺市美原区 黒山 1008　ビバモール美原南インター2F","2"
"ふぇすたらんどおおとり","c26VXrJFLXakh5N6A7d8oQ","大阪府 堺市西区 鳳東町 7-733　おおとりウイングス　イオンスタイルおおとり店2F","2"
"ラウンドワン岸和田","sF4kSwSodCtGUuNMhUYdjw","大阪府 岸和田市 八阪町 2-11-1","2"
"ラウンドワン豊中","jGnjVTBlAUSWmzp-umVA3Q","大阪府 豊中市 名神口 1-1-1","2"
"関大前フタバボウル","XEs_KHA71r6fYxhqZs5Rng","大阪府 吹田市 千里山東 1-7-18","2"
"泉大津フタバボウル","yW41TxaPyGk0rhnWe-XFRg","大阪府 泉大津市 松之浜町 1-2-53","2"
"タイトーFステーションイオンフードスタイル摂津富田","L6yKWBxveFzCNcV2p5A6Rw","大阪府 高槻市 大畑町 13-1　イオンフードスタイル摂津富田店2F","2"
"モーリーファンタジー高槻","NM2E82uSkUWyQsdQHeUTvQ","大阪府 高槻市 萩之庄 3-47-2　イオン高槻店3F","2"
"モーリーファンタジー貝塚","v18BOKLliuq3QuwW1wVzaw","大阪府 貝塚市 地蔵堂 74-2　イオン貝塚店2F","2"
"ラウンドワン守口","3yQ5-VfmF89U09jSCUxtCw","大阪府 守口市 佐太東町 2-6-14　ジャガーグリーン2F","2"
"モーリーファンタジー大日","EVsDaTGtThPF4zFLjFP3xQ","大阪府 守口市 大日東町 1-18　イオンモール大日　イオン大日店2F","2"
"モーリーファンタジー茨木","14C3dbdabyz9w8QXH6jGew","大阪府 茨木市 松ケ本町 8-30-5　イオンモール茨木　イオンスタイル茨木3F","2"
"イトーヨーカドーアリオ八尾店コロコロベースブラザーズ","Vvw7APZ7bokGGe5I-VgDFg","大阪府 八尾市 光町 2-3　イトーヨーカドーアリオ八尾店内","2"
"ゲームフェイス八尾","jvHzGXoj0B2TF_W-Yr25cQ","大阪府 八尾市 天王寺屋 2-68","2"
"タイトーFステーションりんくうシークル","Uto2YdLAH7jP3D9Vhwq74Q","大阪府 泉佐野市 りんくう往来南 3","2"
"GiGO いこらも～る泉佐野","YIUaIUjaChzAEJIQxA5VFQ","大阪府 泉佐野市 下瓦屋 2-2-77　いこらも～る泉佐野1F","2"
"GiGO イオンモール日根野","UWN9mf-WPIiHLXYxIPNzBg","大阪府 泉佐野市 日根野 2496-1　イオンモール日根野2F","2"
"GiGO アル・プラザ香里園","8w3DXCjz9lqxljt_TbOMbQ","大阪府 寝屋川市 日新町 5-5　アル・プラザ香里園3F","2"
"アミパラ光明池","yVtkEc2vzb6TUaySopZr2g","大阪府 和泉市 室堂町 824-36　コムボックス光明池2F","2"
"モーリーファンタジー和泉府中","dkru88YavZzfYvDM6l-t9g","大阪府 和泉市 肥子町 2-2-1　イオン和泉府中店4F","2"
"ソユーゲームフィールドみのおキューズモール","ORr3JJgR4qLtaHj-hf6J8Q","大阪府 箕面市 西宿 1-15-30　みのおキューズモールCENTER棟2F","2"
"モーリーファンタジーそよら古川橋","SI9nDI3Zc7K3gJOo8D5eJA","大阪府 門真市 末広町 41-2　イオンそよら古川橋内","2"
"プラサカプコン藤井寺","xl39-WUJlfUJJqClP53IzQ","大阪府 藤井寺市 岡 2-10-11　イオン藤井寺SC2F","2"
"トップラン東大阪","dthIlMt0IQJQvbmYviN9xA","大阪府 東大阪市 東鴻池町 1-6-30　イオンタウン東大阪店2F","2"
"GiGO フレスポ東大阪","qAOoHRSJKLV7LU1qY7u67A","大阪府 東大阪市 稲田新町 3-9-64　フレスポ東大阪2F","2"
"ラウンドワン東大阪","r7GRSAqg4lGK55-Ek46meg","大阪府 東大阪市 若江南町 1-2-12","2"
"モーリーファンタジーりんくう泉南","u5atmFFpjLP31OayABy0jw","大阪府 泉南市 りんくう南浜 3-12　イオンモールりんくう泉南　イオンりんくう泉南店2F","2"
"楽市楽座イオンモール四條畷","cydEWAWcB5iWCldMCIZbSw","大阪府 四條畷市 砂 4-3-2　イオンモール四條畷3F","2"
"モーリーファンタジー四條畷","9ZJiUfjh8KLHzMaipssScw","大阪府 四條畷市 砂 4-3-2　イオンモール四條畷　イオンスタイル四條畷3F","2"
"ファミリーランド南港ポートタウンSC","68so9RBXJIwfrh8coRTA3g","大阪府 大阪市住之江区 南港中 2-1-109　南港ポートタウンSC2F","1"
"PiNO SPAあびこ駅前","Lh4QitFMJnZWkgWvD1pS7w","大阪府 大阪市住吉区 我孫子東 2-8-34　イオンタウンあびこ駅前3F","1"
"GiGO Arcade Cafe KITTE大阪","dSwHWG5jxF0xQVGyoScROA","大阪府 大阪市北区 梅田 3-2-2　JPタワー大阪6F","1"
"わくわくカーニバル今福","LGyZRnpy_7bsxlMgPS3skQ","大阪府 大阪市城東区 今福東 1-10-5　今福ファミリータウンB1F","1"
"GiGO かみしんプラザ","feD6-rBzuqnOwty_TJJiAw","大阪府 大阪市東淀川区 大隅 1-6-12　かみしんプラザ2F","1"
"スパワールド","iR1t_2a070sBvVMYvzA08w","大阪府 大阪市浪速区 恵美須東 3-4-24","1"
"LABI1なんば","Fe8WLGsH1-xIDGH9-Z-98A","大阪府 大阪市浪速区 難波中 2-11-3","1"
"ゲームポイントシャトーEX","-x28HPgenhZKihyQAozJkw","大阪府 大阪市都島区 東野田町 3-9-3　グランシャトービル1・2F","1"
"レインボーランド泉北","D_rSnmvkE0FMLL6GUiz3Pw","大阪府 堺市中区 小阪 270　イズミヤ泉北店2F","1"
"ファミリーアミューズメント中もず","Hau-3bsQ058K04tx5GFG_w","大阪府 堺市北区 中百舌鳥町 3-428-2　ホームセンターコーナン中もず店2F","1"
"NICOPAアクロスモール泉北","-S21Z7pS4CzfrUiZRi9xeQ","大阪府 堺市南区 原山台 5-9-8　アクロスモール泉北1F","1"
"モーリーファンタジー堺鉄砲町","-opPsYeS1BIB_b3FvpWkdw","大阪府 堺市堺区 鉄砲町 1-1　イオンモール堺鉄砲町　イオンスタイル堺鉄砲町3F","1"
"ハローズガーデン津久野","_ZuHrXZ966Iyipgt78hzJg","大阪府 堺市西区 下田町 20-1　イトーヨーカドー津久野店2F","1"
"キッズサーカスベスピア堺インター","-ZesHwVk8gJX1clrYnQ5BQ","大阪府 堺市西区 太平寺 711-1　ベスピア堺インター2F","1"
"ハローズガーデン鳳","N6d5OyMfNWA4Vl1Xh91NkQ","大阪府 堺市西区 鳳南町 3-199-12　イトーヨーカドーアリオ鳳店3F","1"
"アミュージアム岸和田","tog-D_lqzgu5w30Eaa_3xA","大阪府 岸和田市 下松町 1-3-1　ウィンディ岸和田店内","1"
"GiGO ラパーク岸和田","eiECoLPpGUQ8O1-oX5ScDQ","大阪府 岸和田市 春木若松町 21-1　ラパーク岸和田店2F","1"
"トム・ソーヤのなかまたち。岸和田","xsoM2ZWu9dFXtnTDZSX5Qw","大阪府 岸和田市 港緑町 2-1　岸和田カンカンベイサイドモールEAST棟2F","1"
"NICOPA池田駅前","rUQkGoAtT1sMLX-t1r8ETg","大阪府 池田市 満寿美町 2-2","1"
"NICOPA南千里","r-np6IvETai_99i26tZ6ow","大阪府 吹田市 千里山西 6-56-1","1"
"NICOPA千里丘","tguWdNnEGQspaxJ5u-djPg","大阪府 吹田市 山田南 1-1　イズミヤ千里丘店2F","1"
"モーリーファンタジー吹田","yBn1mKJKCujA67XWpCKitA","大阪府 吹田市 朝日町 2-101　イオン吹田店4F","1"
"NICOPA和泉府中","new9mqUpd2SR0dF06gzz9A","大阪府 泉大津市 東豊中町 1-5-10　カナートモール和泉府中店2F","1"
"DCMダイキ貝塚","GN8kD31fXS7BMLJdsslmDQ","大阪府 貝塚市 石才 217　DCMダイキ貝塚店内ゲームコーナー","1"
"モーリーファンタジーニトリモール枚方","wxGwBEFZbGbOu8-Bac-0cA","大阪府 枚方市 北山 1-2-1　ニトリモール枚方2F","1"
"アミュージアム枚方","E4eK_gcnKeWJ9S0vcIyEDQ","大阪府 枚方市 岡本町 7-1　枚方ビオルネ3F","1"
"GiGO アル・プラザ枚方","6P5nhOWwplAh-nehwvmP0A","大阪府 枚方市 津田元町 1-4-1　アル･プラザ枚方3F","1"
"GiGO アル・プラザ茨木","LvMcPjWiMPf9QqATh_BYIg","大阪府 茨木市 上郡 2-12-8　アル・プラザ茨木3F","1"
"ピカキッズ八尾","RFIasdGpF6wNhf0ImmR7nw","大阪府 八尾市 光町 2-3　イトーヨーカドーアリオ八尾店3F","1"
"LINOAS PlayLot","BkJ547X6fTk4Quu07Vl2WA","大阪府 八尾市 光町 2-60　リノアス5F","1"
"レインボーランド八尾","KYF4rGuVMCqfzs49BxzKnA","大阪府 八尾市 沼 1-1　イズミヤ八尾店内","1"
"モーリーファンタジー日根野","4UmWoSMNEz7o3l5UZHyfgA","大阪府 泉佐野市 日根野 2496-1　イオンモール日根野　イオン日根野店2F","1"
"モーリーファンタジー金剛東","MSE3GqKQNQ-4OQ6bX0vvjA","大阪府 富田林市 向陽台 3-1-1　イオン金剛東店4F","1"
"GiGO ビバモール寝屋川","FNeD9fYqxpPHxYXQEakb2Q","大阪府 寝屋川市 寝屋南 2-22-2　ビバモール寝屋川　モール棟2F","1"
"モンキートリック","VwnYvgSVG-UR4-FFq8aZ_A","大阪府 寝屋川市 香里南之町 32-5　YNレジデンス香里2F","1"
"てんとう虫パーク BIG STAGE 河内長野","9huZ3UFBhgFVK_-cOEn8ew","大阪府 河内長野市 原町 4-2-3","1"
"わくわくアミーゴ河内長野","2PUVIT4dBUIXmlYrPHZQzA","大阪府 河内長野市 本町 24-1　ノバティながの北館4F","1"
"BOWL ARROW 松原","BcY-6_jRBjlX8_-T1aw1Dg","大阪府 松原市 大堀 1-1-9　ボウルアロー松原店","1"
"タイトーFステーション住道","gO95kQCJIQR28SRK6Ygrag","大阪府 大東市 赤井 1-4-3　ポップタウン住道オペラパーク南館3F","1"
"namcoららぽーと和泉","19yFYMubWoN-UvN92ZoOaw","大阪府 和泉市 あゆみ野 4-4-7　ららぽーと和泉2F","1"
"モーリーファンタジーエコール・いずみ","v_4n9S5Gm9hFEvsG-vvxPg","大阪府 和泉市 いぶき野 5-1-11","1"
"ゲーム・ザ・ゴリラ","ZMA91uLVOmXmkrNPW_IC3w","大阪府 和泉市 伏屋町 4-10-51","1"
"GiGO 和泉","fzoOmvZEXl43vvxvttoacQ","大阪府 和泉市 肥子町 2-4-41","1"
"ふぇすたらんど東大阪","_gscaos23SJqdyOF1ZkK1A","大阪府 東大阪市 西岩田 3-2-3　山陽マルナカ東大阪店2F","1"
"GiGO イオン鴻池","MiC15x5j66hkO7wWeQm35Q","大阪府 東大阪市 鴻池町 1-1-72　イオン鴻池店2F","1"
"ふぇすたらんど金剛","np-MBcs1c7xLSZq6UHHjeQ","大阪府 大阪狭山市 半田 1-22　そよら金剛内","1"
"わくわくアミーゴオークワ尾崎","lz1wL2A38LQXZHUIl2GkmQ","大阪府 阪南市 下出 167-1　オークワわくわくシティ尾崎店2F","1"
"namcoイオンモール神戸南","U1MIuosup77g1ffPE0Oh0A","兵庫県 神戸市兵庫区 中之島 2-1-1　イオンモール神戸南3F","8"
"アピナ姫路","OoQZ3l2xFyy7cdHaLUPxpQ","兵庫県 姫路市 東郷町 1454-3　姫路リオス2F","5"
"GiGO 神戸umieモザイク","HDcbRZTNlZu2QAN4Ltu6Mg","兵庫県 神戸市中央区 東川崎町 1-6-1　神戸モザイク3F","4"
"GiGO 神戸umieサウスモール","3gTLzFpMa1ssSP-xCnlJoQ","兵庫県 神戸市中央区 東川崎町 1-7-2　umie SOUTH MALL 4F","4"
"GiGO 三宮北口","bi1AfFo-XTrAT-2yc78hng","兵庫県 神戸市中央区 北長狭通 1-8-1　コスモビル2F","3"
"ラウンドワン三宮駅前","TUn5h-mmq5OVNUjN0d3M-w","兵庫県 神戸市中央区 小野柄通 6-1-17","3"
"G-pala 花北","5CGjduH69nK99yIKnlSY-g","兵庫県 姫路市 増位新町 1-6　ヴィーナスタウン花北2F","3"
"GiGO 姫路駅前","SntAV8PvUXJbmAdwZE2cjg","兵庫県 姫路市 駅前町 254　姫路OSビルB1F","3"
"GiGO つかしん","lggedNv2RSjdQUcewDQYCg","兵庫県 尼崎市 塚口本町 4-8-1　つかしんにしまち2F","3"
"NICOPA伊丹昆陽","eKz_wqwcYIl1zApmgS_wdQ","兵庫県 伊丹市 池尻 4-1-1　イオンモール伊丹昆陽4F","3"
"アミパラ加古川","6ajP4KZNxfZ8c95cv1J1bw","兵庫県 加古川市 尾上町今福 71-2","3"
"GiGO 三宮南口","pEEBSOHv__In4VlY94d51A","兵庫県 神戸市中央区 三宮町 1-7-17　三慶ビル","2"
"タイトーFステーション三宮西館","ZMaLfVUyoNX54hkh4CRy9A","兵庫県 神戸市中央区 三宮町 2-11-1　センタープラザ西館3F","2"
"アルゴ","I2cuaeHkGExVtOWE9iFeUw","兵庫県 神戸市中央区 下山手通 1-1-8","2"
"タイトーFステーションダイエー湊川","bq0I0OnkXFhJ1iheUyv8_A","兵庫県 神戸市兵庫区 荒田町 2-18-20　ダイエー湊川店3F","2"
"楽市楽座イオンモール神戸北","0G7y1Ha7HPPbvuStUcdHZg","兵庫県 神戸市北区 上津台 8-1-1　イオンモール神戸北3F","2"
"アミパラ垂水","kaitpjdXRTkENQ2Rsns2uw","兵庫県 神戸市垂水区 名谷町字室山 1400-18","2"
"モーリーファンタジージェームス山","Ifh5imdjYFTjJuqYzT8vrg","兵庫県 神戸市垂水区 青山台 7-7-1　イオンジェームス山店1F","2"
"メガパレス遊スペースアローズ","-Mx1COw66CAbhYG-g8KtuA","兵庫県 神戸市西区 丸塚 2-9-18　ホームランスタジアムメガパレス2F","2"
"NICOPA神戸玉津","jKDsB3QvduMqZ1D1p76QEw","兵庫県 神戸市西区 森友 3-7-3　イズミヤ神戸玉津店2F","2"
"アミパラ伊川谷","a3V6gFMRTuSVu97GjH2PMg","兵庫県 神戸市西区 池上 3-2-3","2"
"モーリーファンタジー西神中央","85WoF27r0DEm2EaJBDhJbA","兵庫県 神戸市西区 糀台 5-3-4　ダイエー西神中央店3F","2"
"モーリーファンタジー姫路大津","TSrQBc5IjdZvCdXE15ZNLA","兵庫県 姫路市 大津区大津町 2-5　イオンモール姫路大津　イオン姫路大津店2F","2"
"ふぇすたらんど広畑","B6q50K_M69nQhHS1-_iEfg","兵庫県 姫路市 広畑区吾妻町 3-29-2　マルナカ広畑店2F","2"
"アミパライオンタウン姫路","Kanf5QRq2gaw-8t9We0fow","兵庫県 姫路市 延末 435-3　イオンタウン姫路1F","2"
"ゆめパーク姫路","zswGS2CaEOXoJ-cKLn4WNg","兵庫県 姫路市 神子岡前 3-12‐17　ゆめタウン姫路4F","2"
"ラウンドワン姫路飾磨","xswXcjaarG16hdpeqe4QoQ","兵庫県 姫路市 飾磨区中島 1-254","2"
"GiGO イオンモール姫路リバーシティー","-PrY4cSW9s1jdSPQVscYVA","兵庫県 姫路市 飾磨区細江 2560　イオンモール姫路リバーシティー店内","2"
"タイトーFステーション姫路","w1Yz33HMFc81gjS8rTEUoA","兵庫県 姫路市 駅前町 269","2"
"タイトーステーション尼崎つかしん","ZXOxO6k4CQLEKgWFV6XGNA","兵庫県 尼崎市 塚口本町 4-8-1　つかしんひがしまち北館3F","2"
"モーリーファンタジー尼崎","1MSEFIUZPh1TxSKvJTKHCg","兵庫県 尼崎市 次屋 3-13-18　イオン尼崎店2F","2"
"GiGO あまがさきキューズモール","cSHvBXsMa2EecFVaLcmE_A","兵庫県 尼崎市 潮江 1-3-1　あまがさきキューズモール4F","2"
"モーリーファンタジー明石","PmNUO7b-3dJW7mFIdJ4inA","兵庫県 明石市 大久保町ゆりのき通 3-3-1　イオン明石SC3番街3F","2"
"タイトーFステーションアスピア明石","odmITe31LAK0xPy-YLaBQg","兵庫県 明石市 東仲ノ町 6-1　アスピア明石南館3F","2"
"タロフォフォ","aQfVZ1GQSeAYMuwrTW_nSA","兵庫県 西宮市 田中町 5-21","2"
"GiGO ららぽーと甲子園","Q1sAaF11AAThJQdz487t5A","兵庫県 西宮市 甲子園八番町 1-100　ららぽーと甲子園　ウッズウォークモール2F","2"
"GiGO コロワ甲子園","BUFHlmbqjNJMT2kI-NCjpw","兵庫県 西宮市 甲子園高潮町 3-3　Corowa甲子園3F","2"
"モーリーファンタジー洲本","ajMjnRg3QIpMdAzjfyYJFw","兵庫県 洲本市 塩屋 1-1-8　イオン洲本SC　イオン洲本店2F","2"
"モーリーファンタジー伊丹昆陽","e1uMK4qwqC-XbooIERhc3w","兵庫県 伊丹市 池尻 4-1-1　イオンモール伊丹昆陽　イオン伊丹昆陽店3F","2"
"テクモピア伊丹","zBNDXTlEjbjmdzOB2HIvjA","兵庫県 伊丹市 藤ノ木 1-1-1　イオンモール伊丹3F","2"
"モーリーファンタジー伊丹","5hcEWLChl4IpxWQ2XE3gZg","兵庫県 伊丹市 藤ノ木 1-1-1　イオンモール伊丹　イオン伊丹店3F","2"
"namco豊岡","P6IFzxR-h2tbDd7qleYm1w","兵庫県 豊岡市 中陰字大工 617　3F","2"
"ジョイプラザ豊岡","JK-UFGSS7YLH8Nx3m2N1Ug","兵庫県 豊岡市 加広町 7-32　コープデイズ豊岡2F","2"
"ハローズガーデン加古川","2oZLXoLTUs1eLVQ0YZgMmA","兵庫県 加古川市 別府町緑町 2　イトーヨーカドー加古川店3F","2"
"namcoニッケパークタウン加古川","0hFWTWOiiP0kdCdF_0Xjcg","兵庫県 加古川市 加古川町寺家町 173-1　ニッケパークタウン加古川店2F","2"
"ラウンドワン加古川","LU7xbmCJUpZoZNjsLxcm2Q","兵庫県 加古川市 尾上町安田 325-6","2"
"タイトーFステーション加古川","3DqeEhy3Bvc6l8bqi5hkPA","兵庫県 加古川市 平岡町新在家 615-1　イオン加古川店3F","2"
"namcoイオン赤穂","Jlj7yK1G_1nByVWlN5cL-A","兵庫県 赤穂市 中広字別所 55-3　イオン赤穂店2F","2"
"モーリーファンタジー三木","2PiLZ1XOgUXmnAJJUUypHw","兵庫県 三木市 大村 字砂163　イオン三木店3F","2"
"モーリーファンタジー三木青山","37eUdAEaIYNIhIYwvQpf2g","兵庫県 三木市 志染町青山 3-9　イオン三木青山店2F","2"
"モーリーファンタジー高砂","IueX2M8dH06NI9D-vs7eoA","兵庫県 高砂市 緑丘 2-1-40　アスパ高砂　イオン高砂店2F","2"
"プラザパル三田","4Vsr1hJ2g7RmwneLi6_sfA","兵庫県 三田市 けやき台 1-6-2　イオン三田ウッディタウン1番街3F","2"
"ハローズガーデン新三田","SycLABwKXm7o81FRLQSDew","兵庫県 三田市 けやき台 1-6-4　イオン三田ウッディタウン店2番街1F","2"
"モーリーファンタジーf 加西北条","BcBPxA4CWa07GG1uHpRnQA","兵庫県 加西市 北条町北条 308-1　イオンモール加西北条　イオン加西北条店2F","2"
"モーリーファンタジー猪名川","0gK0OdyMDAcNdxMJ27bUkQ","兵庫県 川辺郡猪名川町 白金 2-1　イオンモール猪名川　イオン猪名川店3F","2"
"ハローズガーデン猪名川","2aSpOzspn9TX8UJE01axJQ","兵庫県 川辺郡猪名川町 白金 2-1　イオンモール猪名川店3F","2"
"神戸ハーバーランド温泉 万葉倶楽部","rVopdtaE-vqq5xBOWKJk0Q","兵庫県 神戸市中央区 東川崎町 1-8-1　プロメナ神戸10F","1"
"遊スペースマジカル","nc6fPgsQjV75DuRSkzX7JQ","兵庫県 神戸市中央区 琴ノ緒町 5-2-3","1"
"タイトーFステーションHAT神戸","gMZzVHPaUHSGfvAwPpOXiQ","兵庫県 神戸市中央区 脇浜海岸通 2-2-2　ブルメールHAT神戸2F","1"
"モーリーファンタジー神戸北","saUUivUTaPW5cWSC0KSoFw","兵庫県 神戸市北区 上津台 8-1-1　イオンモール神戸北　イオン神戸北店3F","1"
"お宝発見北神戸","OD_BFowWdSRVvfc2rWPXhg","兵庫県 神戸市北区 八多町中 1150","1"
"わくわくカーニバル","H4JukavavQ4WzZzs_8wodg","兵庫県 神戸市北区 日の峰 2-6-1　コアキタマチSC3F","1"
"有馬グランドホテルゲームコーナー","uQrc0fNdsZc6GBcCE1li4Q","兵庫県 神戸市北区 有馬町 1304-1","1"
"モーリーファンタジー藤原台","CiqrFemwnZENLWuAJ44H3w","兵庫県 神戸市北区 藤原台中町 1-2-2　イオン藤原台店4F","1"
"お宝発見舞多聞","28qUITE7S3kWBQoZFQhl5A","兵庫県 神戸市垂水区 舞多聞東 2-1-45　ブルメールガーデンシティ舞多聞2F","1"
"モーリーファンタジー舞子","5ntEnH4iv4RXMVlvMFYOGg","兵庫県 神戸市垂水区 舞子台 6-20-17　ダイエー舞子店2F","1"
"アミュスタKOBE","NVsoMtRE0rdlgX-LJytvzg","兵庫県 神戸市東灘区 向洋町中 2-9-1　ROKKO iPARK 9F","1"
"カインズ深江浜","NhcrZKFa_XJxKU4DUQfhrg","兵庫県 神戸市東灘区 深江浜町 59-5　カインズ深江浜店内ゲームコーナー","1"
"GiGO フェニックスプラザ摩耶","2STKse6El5MNaebPuzM3mw","兵庫県 神戸市灘区 味泥町 6-1　フェニックスプラザ1F","1"
"カインズ神戸西神南","IpdXopVrG3z0uLZx7wrcKg","兵庫県 神戸市西区 井吹台西町 1-1　カインズ神戸西神南店内ゲームコーナー","1"
"ふぇすたらんど神戸学園","TbuQ6ux071S8L4cEI0hSnA","兵庫県 神戸市西区 学園西町 1-4　イオンフードスタイル神戸学園店2F","1"
"モーリーファンタジー長田南","g2MEBnM3eIW_-VIKGX4Dvg","兵庫県 神戸市長田区 東尻池新町 1-20　イオン長田南SC2F","1"
"モーリーファンタジー名谷","Aaw_M901OXAjDo8lpdsnTg","兵庫県 神戸市須磨区 中落合 2-2-2　ダイエー名谷店3F","1"
"モーリーファンタジー板宿","4ZCOABSQ5U9dLKHJ2pLW9w","兵庫県 神戸市須磨区 前池町 3-2-1　ダイエー板宿店4F","1"
"NICOPA姫路広畑","uLyAodcL7gNHt6qvBCIeRA","兵庫県 姫路市 広畑区夢前町 1-1-1","1"
"テックランドムサシ姫路","SOwswHgBGEjcnBmua496Ig","兵庫県 姫路市 広畑区夢前町 3-1-7　ホームセンタームサシ姫路店2F","1"
"姫路セントラルパークサイバーステーション","bky-W9ELGanQ3BcTEqf6Pg","兵庫県 姫路市 豊富町神谷 1436-1　姫路セントラルパーク内","1"
"モーリーファンタジー姫路リバーシティー","L7clk2J-6Wj9VMNpuLXk8g","兵庫県 姫路市 飾磨区細江 520　イオンモール姫路リバーシティー　イオン姫路リバーシティー店1F","1"
"ラウンドワンJR尼崎駅前","WIDBwzqiRAPOFG3QHeStYQ","兵庫県 尼崎市 潮江 1-4-5　プラストいきいき館4F","1"
"きゃらんどスーパーシティ明石","jZnC2EJ0tJHl139S6SeGeQ","兵庫県 明石市 二見町西二見駅前 1-18　イトーヨーカドー明石店3F","1"
"WAY書店TSUTAYA西明石","ME966EXpFSX8FmlY2e6oWQ","兵庫県 明石市 藤江 中谷928","1"
"GiGO 明石","rNwtCDVue4KXJ-Il_oQTxQ","兵庫県 明石市 魚住町清水 2464-1　ドライブインながさわ内","1"
"ふぇすたらんど土山","ydHCYprBcA_-lk0LsWoRcw","兵庫県 明石市 魚住町清水字舞々 2208-1　イオン土山店3F","1"
"モーリーファンタジー西宮","R66nTElUWz-dzE86abq7GA","兵庫県 西宮市 林田町 2-24　イオン西宮店2F","1"
"夢海游 淡路島","8cpzKAe4nrNNunPnisfWyg","兵庫県 洲本市 山手 1-1-50　本館1Fゲームコーナー","1"
"ラウンドワン伊丹","KOlZofSMIbSVO6sRsVUxWQ","兵庫県 伊丹市 昆陽 7-29","1"
"NICOPA昆陽","D79XQnptupj5j9ae9F4EVQ","兵庫県 伊丹市 池尻 1-1　イズミヤ昆陽店3F","1"
"キッズパーク さとう豊岡アイティ","FpRvfMsY7Dmeb2KdwS1JLA","兵庫県 豊岡市 大手町 4-5　さとう豊岡店アイティ4F","1"
"遊スペーススプラ","c5vpZdYSEmCdGCmTNLtuOQ","兵庫県 加古川市 尾上町安田 351-1　ホームランスタジアムメガコート2F","1"
"モーリーファンタジー宝塚中山","u4W3LLO_b29HlP70RBsCkA","兵庫県 宝塚市 売布東の町 21-22　ダイエー宝塚中山店2F","1"
"ネスタリゾート神戸","6l4KF3okPfN0Ol6z4XvJ6Q","兵庫県 三木市 細川町垂穂 894-60","1"
"アミューズスペースミール","U6T01Y4tLcCMo24JTtaOwQ","兵庫県 三田市 対中町 5-21","1"
"VIVO氷上","boAlVjGPcVrAh2Qt4XdV-A","兵庫県 丹波市 氷上町本郷 300　ゆめタウン氷上2F","1"
"モーリーファンタジー南淡路","pvsTN8_wa3IoCUbPQ8_nng","兵庫県 南あわじ市 賀集八幡 北字東内378-1　イオン南淡路店1F","1"
"モーリーファンタジー和田山","r4aLUPZ_WBrIjQtdUmAj-A","兵庫県 朝来市 和田山町枚田岡 774　イオン和田山SC　イオン和田山店2F","1"
"淡路ワールドパークONOKORO","qsfsdg01IbiOuhGHrlZOVQ","兵庫県 淡路市 塩田新島 8-5　淡路ワールドパークONOKORO内ゲームコーナー","1"
"GiGO イオン淡路","0eoR27eDwQ1ykTa_exHptQ","兵庫県 淡路市 志筑新島 10-2　イオン淡路店内","1"
"モーリーファンタジー山崎","aoV3znriSlgpVMkiLnK0lg","兵庫県 宍粟市 山崎町中井 7-4　サキランドSC　イオン山崎店3F","1"
"モーリーファンタジー社","Du4XV8XFWB2-CJXuh4NCxw","兵庫県 加東市 社 1126-1　イオン社店2F","1"
"社スポーツレーン","1xwHd-EH6yRCyKXVR7LpFQ","兵庫県 加東市 社 1189-1","1"
"ファンキーポリス土山","KE3vGsAU1w5dXLzTj4Ev_Q","兵庫県 加古郡稲美町 六分一 1181","1"
"ゲームアイビス太子","VGUFhDJD_9Vqs6rzTaqKIA","兵庫県 揖保郡太子町 太田 2149","1"
"ゲームピコ篠山","P1bomUKt7qz_pO6lEVAFLg","兵庫県 篠山市 杉 265-1　バザールタウン篠山NEWS館2F","1"
"ラウンドワンスタジアム奈良ミ・ナーラ","9yUTB1_pofBLF-qshTdG7g","奈良県 奈良市 二条大路南 1-3-1　ミ・ナーラ5F","4"
"namcoトナリエ大和高田","8XUbGqkNv0X8vabTCBF_nA","奈良県 大和高田市 幸町 3-18　トナリエ大和高田3F","3"
"エンターテイメントフィールド奈良橿原","tdyh2eY5i1Urq2ZBB5fhYw","奈良県 橿原市 曲川町 7-20-1　イオンモール橿原2F","3"
"楽市楽座イオンモール大和郡山","G9VH6BXYXC-IkEzOkvKOCQ","奈良県 大和郡山市 下三橋町 741　イオンモール大和郡山3F","2"
"モーリーファンタジー大和郡山","jFWbzafcxQDqftY2B48vOA","奈良県 大和郡山市 下三橋町 741　イオンモール大和郡山　イオン大和郡山店3F","2"
"ハローズガーデン大和郡山","NvxTlNybAEHxv62o6qZauQ","奈良県 大和郡山市 田中町 517　アピタ大和郡山店2F","2"
"モーリーファンタジー天理","w47LGTohmNJxnb9YUWEFgg","奈良県 天理市 東井戸堂町 381　イオンタウン天理　ザ・ビッグエクストラ天理店1F","2"
"アミパラ橿原","6T7Ozj3xyknt9aneTc4Fdg","奈良県 橿原市 十市町 1222-1　ツインゲート橿原1F","2"
"ソユーゲームフィールド奈良橿原","ioDu4RJS9OjlgIxPBNczUg","奈良県 橿原市 曲川町 7-20-1　イオンモール橿原3F","2"
"モーリーファンタジー桜井","6M9DEpf-ZUrYnEfnxsOMng","奈良県 桜井市 上之庄 278-1　イオン桜井SC　イオン桜井店2F","2"
"アミューズメントパークイオン奈良登美ヶ丘","1ZxDgeSIQff32gM_gfpZEA","奈良県 生駒市 鹿畑町 3027　イオンモール奈良登美ヶ丘3F","2"
"ラスパ西大和店ゲームコーナー","uMat1q_9EdLs598Ngslbkw","奈良県 北葛城郡上牧町 ささゆり台 1-1　ラスパ西大和2F","2"
"NICOPA広陵","iGTl8jVG6MDDCrwg0hHfXg","奈良県 北葛城郡広陵町 安部 450-1　イズミヤ広陵店内","2"
"アミューズメントCUE奈良三条","QkQUXrfKCB3Uu81qTufJuA","奈良県 奈良市 三条町 478-1","1"
"ゲオ奈良押熊","6cx0u8MG9ztsldnJ9qqm6Q","奈良県 奈良市 押熊町 404","1"
"キッズサーカス奈良柏木","-RwMDM4CKPyHAwT4aJbi8A","奈良県 奈良市 柏木町 456-1","1"
"アミューズメントCUE奈良大和高田","YBspbi5DwNbuhCVvJRqCOA","奈良県 大和高田市 東中 2-11-16","1"
"結屋大和郡山","p5St0cKAhXPIyJuBPK2MwQ","奈良県 大和郡山市 筒井町 531-1　フォレオタウン筒井","1"
"ゲームフェイス奈良健康ランド","zNj-HzqCuwdl7IkBF3meZw","奈良県 天理市 嘉幡町 600-1　奈良健康ランド1F","1"
"モーリーファンタジー橿原","v1HRxA-t02tVIIj1KS_bxg","奈良県 橿原市 曲川町 7-20-1　イオンモール橿原　イオン橿原店2F","1"
"ハローズオークワ御所","-VxiStO1Gnz5VzKZVxGMUw","奈良県 御所市 室 1185-2　スーパーセンターオークワ御所店内ゲームコーナー","1"
"モーリーファンタジー登美ヶ丘","RV0iQPbcJT8xjvx4Zj2Vlw","奈良県 生駒市 鹿畑町 3027　イオンモール奈良登美ヶ丘　イオン登美ヶ丘店2F","1"
"ユーズランド和歌山","_4QIg4wKtYX3JiRvvg8zEw","和歌山県 和歌山市 ふじと台 23　イオンモール和歌山2F","5"
"ラウンドワンスタジアム和歌山","4VNESAgg2ze3gSKRohVKWw","和歌山県 和歌山市 小雑賀 739-3","3"
"namcoパームシティ和歌山","NEMXqXnV5h28Woz7jOvn7w","和歌山県 和歌山市 中野 31-1　パームシティ和歌山店2F","2"
"NICOPA和歌山","LqCV3w1bn2BDGfm7Fz2nUw","和歌山県 和歌山市 新生町 7-20　イズミヤ和歌山店2F","2"
"namcoオークワパビリオンシティ田辺","65wbOgDKcRFjz0ERufQp8A","和歌山県 田辺市 稲成町新江原 3165　パビリオンシティ田辺C館2F","2"
"モーリーファンタジー新宮","pPzuo84ennpD5ILblpWQig","和歌山県 新宮市 橋本 2-14-23　イオン新宮SC　イオン新宮店2F","2"
"モーリーファンタジー和歌山","eKTVgWJ_9tej4HSnZyHX_w","和歌山県 和歌山市 ふじと台 23　イオンモール和歌山　イオンスタイル和歌山店3F","1"
"ピタゴラス和歌山","37jenbdchd9NKhFGndyfVQ","和歌山県 和歌山市 土入 73-1","1"
"ゲオ和歌山国体道路","vuglQJNm0-SfBkUPcIS7fw","和歌山県 和歌山市 新生町 12-12　1F","1"
"にこぱガーデンパーク和歌山","RolyxixWu94Q9Pi7t8WxrQ","和歌山県 和歌山市 松江 字向鵜ノ島1469-1　ガーデンパーク和歌山2F","1"
"ゲームゾーン和歌山","va97IBVSWp3PL_LzKL_Uow","和歌山県 和歌山市 美園町 5-61　和歌山ミオ本館4F","1"
"TSUTAYA WAY橋本","uowIskGJtgoNewojixRSfQ","和歌山県 橋本市 妻 2-2-25","1"
"タイトーFステーションオークワロマンシティ御坊","Pc92ZtoPg0q__CUY0AMbng","和歌山県 御坊市 湯川町財部 181　オークワロマンシティ御坊店3F","1"
"PALO田辺","BlpitsWKPhcu9UWKiQIVyA","和歌山県 田辺市 宝来町 24-26　グルメシティ田辺SC3F","1"
"WAY書店TSUTAYA田辺東山","tQOzKHhIUSyegcssK2WkcQ","和歌山県 田辺市 東山 1-12-19","1"
"タイトーFステーションオークワ南紀","ocAy2YuzkXMU1nx2-CguhA","和歌山県 新宮市 佐野 3-11-19　スーパーセンターオークワ南紀店1F","1"
"ゲオ新宮","seTikAB8l3dS2288hH6v-g","和歌山県 新宮市 新宮 3615-4","1"
"namcoイオンモール鳥取北","OTtl8Or1CHnpZpVOAntFyQ","鳥取県 鳥取市 晩稲 348　イオンモール鳥取北2F","4"
"アピナ鳥取","UfGNEiANyquO_nGG3iYtsQ","鳥取県 鳥取市 南隈 541　トリニティモールAゾーン2F","3"
"PALO鳥取","k7y4lDI8CE0ZRYloYQgkNg","鳥取県 鳥取市 天神町 1　イオン鳥取店2F","2"
"モーリーファンタジー鳥取北","ijqf_leHGdUNgtZKcuJiRg","鳥取県 鳥取市 晩稲 348　イオンモール鳥取北　イオン鳥取北店2F","2"
"アミパラがいな","os3vWpHgugYrgvv37g6ADg","鳥取県 米子市 日ノ出町 1-8-13","2"
"アピナ米子","VyPwNkBewr1b4DEYrYRm2Q","鳥取県 米子市 米原 2-1320-1　MEGAドン・キホーテ米子店3F","2"
"モーリーファンタジー日吉津","PD1EqkKqx3HAT7-L8e-jxA","鳥取県 西伯郡日吉津村 日吉津 1160-1　イオンモール日吉津東館　イオン日吉津店2F","2"
"アミパラ日吉津","-HJOY45Niaxz7RCDktoHdg","鳥取県 西伯郡日吉津村 日吉津 1160-1　イオンモール日吉津西館2F","2"
"GiGO 鳥取","zcStNPdGPho8Lj_HnEdXkg","鳥取県 鳥取市 安長 416","1"
"GiGO 米子","3_Gj2BajW3Prsyi4tk9wOA","鳥取県 米子市 両三柳 2778-2","1"
"モーリーファンタジー米子駅前","_6OxYaZahW27ughqY71jww","鳥取県 米子市 末広町 311　イオン米子駅前店3F","1"
"モーリーファンタジー天満屋米子しんまち","SevEQuTQcUrygjPGJZ4btw","鳥取県 米子市 西福原 2-1-10　天満屋3F","1"
"メリーランド倉吉","JliO3WNMOcyYeUMgJJlBYQ","鳥取県 倉吉市 山根 557-1　パープルタウン2F","1"
"you me CIRCUS 出雲","x7aXBIGWLLvuV0FMcPedtg","島根県 出雲市 大塚町 650-1　ゆめタウン出雲東館3F","3"
"PALO松江","QMzwb3vgUDEO3vgrjV2QHg","島根県 松江市 東朝日町 151　イオン松江SC　イオン松江店3F","2"
"アミパラ松江","XU-9NhPi1KASN583CkTHIA","島根県 松江市 東朝日町 203-1","2"
"アピナ浜田","NbdXXQA2WKrhBwVDpOlSAw","島根県 浜田市 周布町 イ61-1","2"
"モーリーファンタジー出雲","WpxfxHiLQNIavbWWsATb-w","島根県 出雲市 渡橋町 1066　イオン出雲店2F","2"
"ピノッキースパティオ益田","DCnbeAr5LDUndDMP5Zz-6g","島根県 益田市 高津 7-21-12　ゆめタウン益田2F","2"
"モーリーファンタジー江津","KtwQow12imgLpvthxZz8Ow","島根県 江津市 嘉久志町 2306-30　ショッピングタウングリーンモール2F","2"
"GiGO 松江","oaGJimiIdPF28uuaUugEwQ","島根県 松江市 嫁島町 12-15","1"
"モーリーファンタジー松江","SIm-N33N5bvxnumVFz9JPg","島根県 松江市 東朝日町 151　イオン松江SC内","1"
"ピノッキースパティオ浜田","Axxd8T-tOVuugUFUH0bU1w","島根県 浜田市 港町 227-1　ゆめタウン浜田3F","1"
"ゆめパークゆめタウン斐川","L8qdhCJeYQZt1YxLkKJczA","島根県 出雲市 斐川町上直江 1301-1　ゆめタウン斐川内","1"
"イオンタウン大田ゲームコーナー","tfLqZSvrburdzKTsj1pqqg","島根県 大田市 長久町土江 97　イオンタウン大田内","1"
"GiGO イオンモール岡山","yKB8FMxcZGFPZs5QtgrZ8A","岡山県 岡山市北区 下石井 1-2-1　イオンモール岡山6F","8"
"ユーズランド倉敷","6zfxKovNVthvnosimI8w9w","岡山県 倉敷市 水江 1　イオンモール倉敷2F","7"
"アミパラ岡山","Zd8VCcI5EJCntk48EbZM1g","岡山県 岡山市北区 青江 1-13-8","4"
"アミパラテクノランド","DawC43P4Q8oEstQL4-Kfmw","岡山県 岡山市北区 大和町 1-7-12","3"
"ラウンドワンスタジアム岡山妹尾","zWbsujVB3SP82RZAxvr1Kg","岡山県 岡山市南区 妹尾 3413-1","3"
"GiGO 倉敷","QtNwCZw3DdPOLH7JoLbExw","岡山県 倉敷市 西中新田 535-2","3"
"アミパラ倉敷","2PHgIg7a9QiT5o8-PsfIYg","岡山県 倉敷市 西中新田 624-1　アミパラボウル1F","3"
"ゆめタウン平島","Wapp6HNHsgeGRS4tGWV8Yg","岡山県 岡山市 東平島 163　ゆめタウン平島2F","2"
"GiGO 岡山藤崎","ED-x3WSmxlp84meTmaDU8w","岡山県 岡山市中区 藤崎 599-12","2"
"モーリーファンタジーf 岡山","zdB6Q7_AGCHkB0UKkXb1Jg","岡山県 岡山市北区 下石井 1-2-1　イオンモール岡山　イオン岡山駅前店4F","2"
"ふぇすたらんど築港","QnWE2qz1Qm3PpzcTOOCeIg","岡山県 岡山市南区 築港元町 14-1","2"
"ふぇすたらんど中島","oPlg2sbxaTfLwxL_DGKIig","岡山県 倉敷市 中島 2780-1　マルナカ中島店内","2"
"namcoアリオ倉敷","GVB0h_ymiD_r8U1MhOyBqg","岡山県 倉敷市 寿町 12-2　アリオ倉敷2F","2"
"ふぇすたらんど倉敷マスカット","ntK_Yk58wZDGNpTDwU-sTA","岡山県 倉敷市 松島 1163-2　マルナカマスカット店別館3F","2"
"モーリーファンタジー水島","R0T8jhDAEYO8RqO99D0G7g","岡山県 倉敷市 水島高砂町 3-11　イオンタウン水島SC　マックスバリュイオンタウン水島店1F","2"
"モーリーファンタジー倉敷","dqSvAKGkSi3HTu-P6gEk5Q","岡山県 倉敷市 水江 1　イオンモール倉敷　イオン倉敷店1F","2"
"タイトーFステーションマルナカ新倉敷","ZouGoJC16xGHeTrxYsosew","岡山県 倉敷市 玉島爪崎 981-1","2"
"アミパラ津山","pOviS87Prno_MT9Jyc0UGQ","岡山県 津山市 河辺 1000-1　イオンモール津山2F","2"
"モーリーファンタジー津山","uRfxa2cavuO25zaQ9tlEzw","岡山県 津山市 河辺 1000-1　イオンモール津山　イオン津山店2F","2"
"ピノッキーランドゆめタウン井原","BAjp38z6m_lFGbVLHl8q3w","岡山県 井原市 下出部町 2-11-2　ゆめタウン井原3F","2"
"アミューズメントパークMG リブ総社","43RjJWhPRODk1BQjDUkQOA","岡山県 総社市 門田 187　天満屋ハピータウンリブ総社店3F","2"
"プラント鏡野","xQ43ug44c1LTZ3DO1qVMHA","岡山県 苫田郡鏡野町 布原 136　PLANT-5鏡野店内","2"
"GiGO 天満屋ハピータウン原尾島","B8ulhDNt04ZP6yd3TeWLfw","岡山県 岡山市中区 原尾島 1-6-20　天満屋ハピータウン原尾島店3F","1"
"アミパラ東岡山","07cf6Y4ZNjV-Sc2xxDvkPg","岡山県 岡山市中区 高屋 308-1　フレスポ高屋2F","1"
"ふぇすたらんど高屋","T-tmRFh7mxhlbmurdolblw","岡山県 岡山市中区 高屋 36-1　マルナカ高屋店2F","1"
"GiGO 天満屋ハピータウン岡北","VHmABA0bT-5K6-fH3tVTlw","岡山県 岡山市北区 中井町 2-2-7　天満屋ハピータウン岡北店3F","1"
"岡山ヤングボウル","yfMauXIcBrn_SMvCU0S2kA","岡山県 岡山市北区 北長瀬表町 3-3-20","1"
"キッズスマイルエブリイOkanaka津高","kTpQSrsW25khFlbO9LXIrQ","岡山県 岡山市北区 横井上 83-3　エブリイOkanaka津高4F","1"
"GiGO 天満屋ハピータウン岡南","HOn6EhXsV4uMypwZ2ocF1Q","岡山県 岡山市南区 築港新町 1-18-5　天満屋ハピータウン岡南店3F","1"
"ふぇすたらんど平島","KDNqy2_uJkcIfHoFam5FbQ","岡山県 岡山市東区 東平島 1609　マルナカ中島店内","1"
"瀬戸大橋温泉 やま幸","I6-ySLAXW_RP5iv9qKzXhw","岡山県 倉敷市 下庄 140-1","1"
"GiGO トピア天満屋ハピータウン児島","8vudrXFk-ge16DGIT_9tuw","岡山県 倉敷市 児島駅前 2-35　トピア天満屋ハピータウン児島店3F","1"
"ピノッキースパティオ倉敷","nqAIV0iki__yA16DnTvwdw","岡山県 倉敷市 笹沖 1274-1　ゆめタウン倉敷3F","1"
"GiGO ショッピングモールメルカ","oZCLhRG7DjdgbB3VSlnBMQ","岡山県 玉野市 宇野 1-38-1　ショッピングモールメルカ玉野店3F","1"
"GiGO ポルカ天満屋ハピータウン高梁","oHi0QWRmvq6kuJtu5nUwWQ","岡山県 高梁市 中原町 1084-1　ポルカ天満屋ハピータウン高梁店2F","1"
"さんさんらんど新見","7TPkMVt4PmgBGopPuZDRDQ","岡山県 新見市 正田字橋ノ本 433-6　サンパーク新見店内1F","1"
"ハッピーランド山陽","cHV2IyM3l0SxUi7r2h-FjQ","岡山県 赤磐市 下市 133　マルナカ山陽店2Fゲームコーナー","1"
"ハッピーランド鴨方","shvyeutiwepkO7PbP1PiEA","岡山県 浅口市 鴨方町六条院中 2128-1　天満屋ハピータウン鴨方店3F","1"
"アピナ広島八丁堀西","tqtXQDgtey5bIdSMbTx-0A","広島県 広島市中区 八丁堀 16-10　ドン・キホーテ広島八丁堀西店6・7F","5"
"namcoイオンモール広島府中","eEJPWYFMvxEN_SwIMWgksQ","広島県 安芸郡府中町 大須 2-1-1　イオンモール広島府中3F","5"
"ラウンドワン広島","05BgWC8_iCLCyI0oBh_iNQ","広島県 広島市中区 立町 3-11","4"
"namcoゆめタウン広島","Wj5NTlKdUoi1bhvDoCA98w","広島県 広島市南区 皆実町 2-8-17　ゆめタウン広島3F","4"
"GiGO 尾道","pq0UJ_Tk5ypgxof5nq6DIA","広島県 尾道市 新浜 1-2-13","4"
"namcoゆめタウン廿日市","8TcSxze5rjY-z1L7-vS43g","広島県 廿日市市 下平良東 2-2-1　ゆめタウン廿日市3F","4"
"ビバーチャ","EoiosiZb6MOwl57bX42ZbA","広島県 広島市中区 南竹屋町 10-17","3"
"GiGO 広島本通","7kC2jhEhyb8dJL3ZoqZZaw","広島県 広島市中区 本通 9-30　ランドマークビルB1・1F","3"
"プラサカプコン広島","oB3TF16Sfy5AqXC77anvEQ","広島県 広島市佐伯区 石内東 4-1-1　ジ・アウトレット広島1F","3"
"GiGO 中筋","rjdEzvfqqnSta3fqtxhFbg","広島県 広島市安佐南区 中筋 4-11-7　フタバ図書MEGA祇園中筋店2F　レンタルコーナー奥","3"
"モーリーファンタジーf 広島祇園","jCuXxnE6qBXUzY5D7Syb3w","広島県 広島市安佐南区 祇園 3-2-1　イオンモール広島祇園3F","3"
"ピノッキースパティオ呉","sAKbBcIXr2yd5elG4w-FzQ","広島県 呉市 宝町 5-10　ゆめタウン呉3F","3"
"あみぱらんど福山","0JF627lKzRljq1CDlVlYFg","広島県 福山市 三吉町南 2-8-24","3"
"アミパラここじゃ","vMSJWICCeH0hDokFxKFQ5w","広島県 東広島市 西条町下見 6-10-19","3"
"GiGO 海田","FkOq794-dQWj-3zukTVASg","広島県 安芸郡海田町 南大正町 3-35","3"
"namcoフジグラン広島","pSwE20YodEuDlhAj4D7Dqg","広島県 広島市中区 宝町 2-1　フジグラン広島3F","2"
"タイトーステーション広島本通","JRMqlEd_DzbVUtTDs5sFAw","広島県 広島市中区 本通 3-5　せらかぐ本通ビル","2"
"タイトーステーション広島紙屋町","cQGAGO_mbM4gUa2lIstiWA","広島県 広島市中区 紙屋町 2-2-21","2"
"ふぇすたらんど五日市","aFPjrpdcDlhrPG9LvAJfxA","広島県 広島市佐伯区 八幡 1-24-17　サンリブ五日市2F","2"
"モーリーファンタジー楽々園","uXiTcu4sx6I0WZLIPfJ1Zw","広島県 広島市佐伯区 楽々園 4-444-15　イオンタウン楽々園2F","2"
"タイトーステーションゆめタウンみゆき","h0DPRmb1DrRkJxmBukcogQ","広島県 広島市南区 宇品西 6-7-14　ゆめタウンみゆき2F","2"
"タイトーステーションビックカメラ広島駅前","98x7OXTTZ38SqWwGJlLvrQ","広島県 広島市南区 松原町 5-1　ビックカメラ広島店ビルB2F","2"
"namcoフジグラン高陽","zHzYj1J27ZZ-X-g3iM6-OA","広島県 広島市安佐北区 亀崎 1-1-6　フジグラン高陽3F","2"
"ふぇすたらんど可部","Q7opp5ftHr7W2hJbjJNKOQ","広島県 広島市安佐北区 可部 7-4-13　山陽マルナカ可部店2F","2"
"タイトーステーションフジグラン緑井","BXBc5ejPuo9rsU13PnBdAA","広島県 広島市安佐南区 緑井 1-5-2　フジグラン緑井3F","2"
"アミパラフォレオ広島東","fyLbhPQdnSUE5viIzpao0g","広島県 広島市東区 温品 1-3-2　フォレオ広島東1F","2"
"GiGO LECT広島","nlcAOW39k6fqF18DK5Tftw","広島県 広島市西区 扇 2-1-45　LECT 2F","2"
"GiGO アルパーク北棟","rGidToOvzpywKhwJBBCZ-w","広島県 広島市西区 草津南 4-7-1　アルパーク北棟2F","2"
"アピナ広島アルパーク","uzvOXh7G_kmsFVB7QwMH5Q","広島県 広島市西区 草津新町 2-27-14　アルパーク東棟3F","2"
"アミパラ広島","ikPCRl_Le62XPNO8OCsyQg","広島県 広島市西区 西観音町 3-17","2"
"namcoフジグラン三原","olbOa17rFIe1JBr8k7RuLA","広島県 三原市 円一町 1-1-7　フジグラン三原2F","2"
"モーリーファンタジー三原","xCqVaYA3yArssbFb4Chgig","広島県 三原市 城町 2-13-1　イオン三原SC　イオン三原店2F","2"
"namcoフジグラン尾道","k6HDHLs3OYPmqexqG01KdQ","広島県 尾道市 東尾道 19-7　フジグラン尾道3F","2"
"アミパラ東尾道","x0KwM389Cd9sgjf2Zvvg8Q","広島県 尾道市 高須町 5688","2"
"福山メトロポリス","gYHC-fg6iOGVqmq_cAQkXw","広島県 福山市 一文字町 24-1","2"
"ピノッキースパティオ福山","VTtnNYkSTX45we_gY36dWQ","広島県 福山市 入船町 3-1‐60　ゆめタウン福山2F","2"
"ラウンドワン福山","LoNJo_p29uuPiX22okMdMg","広島県 福山市 明神町 1-9-28","2"
"アミパラ神辺","dv6Y8KZU9FWrWA75uxoj_A","広島県 福山市 神辺町新道上 1-2-1　フジグラン神辺向かい","2"
"タイトーステーションフジグラン神辺","qX7SB2nETrprBzgZ9d2QeA","広島県 福山市 神辺町新道上 2-10-26　フジグラン神辺3F","2"
"アピナゆめタウン学園","uVXKJE-QFVYF_pEpZBL04A","広島県 東広島市 西条下見 6-2-32　ゆめタウン学園店2F","2"
"アピナ東広島","9uSuq-I-GyNLG25Rku-4yQ","広島県 東広島市 西条町助実 1229　ゆめモール西条1F","2"
"タイトーFステーションゆめタウン東広島","0KkyZghU5MT5lygeBoov5Q","広島県 東広島市 西条町土与丸 1-5-7　ゆめタウン東広島4F","2"
"namcoフジグラン東広島","7hEVDNyBMlm3yWf1mD6VCA","広島県 東広島市 西条町御薗宇 4405　フジグラン東広島内","2"
"namcoフジグランナタリー","Fni3nSVZ9vr5-RAwuaO1UQ","広島県 廿日市市 阿品 3-1-1　フジグランナタリー2F","2"
"フジグラン安芸店子供の国","otwXF7sERVkXIgne5fZ6Fw","広島県 安芸郡坂町 北新地 2-3-30　フジグラン安芸2F","2"
"モーリーファンタジー広島府中","DZC_GACI8PWHDlTUCjbk2w","広島県 安芸郡府中町 大須 2-1-1　イオンモール広島府中　イオン広島府中店2F","2"
"namco広島紙屋町","uCFR-jCkHNPDpH6omPZWtA","広島県 広島市中区 大手町 2-3-3　大手町ナルミヤビル1F","1"
"プリフェスタサンモール","DDSjb6f4TA0li9xUnZyn9Q","広島県 広島市中区 紙屋町 2-2-18　サンモール3F","1"
"モーリーファンタジー宇品","J4aQqI7A7LutlsgZakq1kg","広島県 広島市南区 宇品東 6-1-15　イオン宇品SC　イオン宇品店2F","1"
"楽市楽座広島","n7oCpwa9RrwhBPZRTe7TYQ","広島県 広島市南区 段原南 1-3-52　広島段原SC7F","1"
"ピーターパンと仲間たちマックスバリュ高陽","ArbNsuClhGr0MaNxqgbWCA","広島県 広島市安佐北区 口田 4-6-32　マックスバリュ高陽店3F","1"
"ブラックジャックアクア","8DFB-NbAxaKZi5dYhYsIcA","広島県 広島市安佐南区 大町東 4-12-11","1"
"モーリーファンタジー広島祇園","p9nJ7noWG92JPj_IGbckLQ","広島県 広島市安佐南区 祇園 3-2-1　イオンモール広島祇園　イオン広島祇園店3F","1"
"モーリーファンタジーアルパーク","7NNs8FctKo2t-tnGg1NZVQ","広島県 広島市西区 井口明神 1-16-1　アルパーク西棟4F","1"
"GiGO 広","ajtA6qERC4DQAOFlBB6fVA","広島県 呉市 広中町 1-9　フタバ図書ソフトピア広店2F","1"
"ふぇすたらんど広","FwtbZQM_DF-ewJICjt0tlg","広島県 呉市 広本町 2-17-1　イオン広店4F","1"
"お宝買取団三原","p9C77ApTPGIiWHEXwlsJMg","広島県 三原市 宮浦 4-9-5","1"
"ハッピーランドさんすて福山","uBd4uEJaCuHWrYS9pCQzQQ","広島県 福山市 三之丸町 30-1　さんすて福山1F","1"
"ピノッキースパティオ蔵王","QZpO42nnzPKo2QuTJyl2sw","広島県 福山市 南蔵王町 5-9-18　ゆめタウン蔵王3F","1"
"ファンタジープラザ松永","LCGDGY2AFlnBkJHiou3jnA","広島県 福山市 柳津町 1-5-7　MEGAドン・キホーテ福山松永店2F","1"
"GiGO 福山","BkO2sMhMdc3qSCbMNOQL9Q","広島県 福山市 瀬戸町山北 300","1"
"アミューズメントパークMG府中天満屋","zolI3_GszemMSe7po87nGA","広島県 府中市 府川町 186-1　府中天満屋2F","1"
"スマイルステーション三次","u0_LiBv-jqFYWSskt6ml0g","広島県 三次市 十日市東 4-1-30　サングリーン1F","1"
"ピノッキースパティオ大竹本館","E1ZRjz6X3H6cas9HdmzjjQ","広島県 大竹市 晴海 1-6-1　ゆめタウン大竹2F","1"
"お宝買取団東広島","1CdA9eANB8wFZ0Gjj_boKQ","広島県 東広島市 西条御条町 6-20　4F","1"
"ブラックジャック東広島","xz43OIZFcybNZ6HBRUbDrQ","広島県 東広島市 西条町御薗宇 6120","1"
"ピノッキーランドゆめタウン黒瀬","UCJPgsCvUUx6WOq_dK4SDg","広島県 東広島市 黒瀬町楢原 100-1　ゆめタウン黒瀬2F","1"
"クレヨンしんちゃんオラのあそべるゆめぱ～く廿日市","7yxdLoRb5TvPCYGrHwfbKw","広島県 廿日市市 下平良 2-2-1　ゆめタウン廿日市3F","1"
"ピノッキースパティオ吉田","PjPQGUWGQ6inX_SF0VFQ6g","広島県 安芸高田市 吉田町吉田 594-1　ゆめタウン吉田2F","1"
"プラザパル江田島","JHtP6RKAFky5Kf8cRNJU2A","広島県 江田島市 大柿町飛渡瀬 180　ゆめタウン江田島2F","1"
"ふぇすたらんど府中","bCt08zxY8HOKeB1FWNaStQ","広島県 安芸郡府中町 大須 4-2-10　サンリブ府中3F","1"
"ゆめシティゆめパーク","-BBhyysvJ3zty8kkDSELFw","山口県 下関市 伊倉新町 3-1-1　ゆめシティ3F","3"
"アミパラ下関駅南","oHY1Kd7ZLOI1o_YJpDJBdg","山口県 下関市 東大和町 1-3-15","3"
"サープラ山口あそびタウン","x5269yQ2lqOoE7hNxnnlQg","山口県 山口市 湯田温泉 6-8-3","3"
"PALO防府","KCT8vUkh1nQRUYWlA2Sq9Q","山口県 防府市 中央町 1-3　イオン防府店3F","3"
"namcoおのだサンパーク","1aaBjWxabgE6_aNqW_ptsQ","山口県 山陽小野田市 中川 6-4-1　おのだサンパーク2F","3"
"サープラ下関長府あそびタウン","4ovfOOphwuzPDLoQty8G9Q","山口県 下関市 ゆめタウン 1-1　ゆめタウン長府2F","2"
"アミパラ下関長府","Y4SmKkjylIq9ud_4o71Gdg","山口県 下関市 長府才川 1-42-48","2"
"namcoフジグラン宇部","h6sZxJ3e_S1uBgK7lMKYZw","山口県 宇部市 明神町 3-1-1　フジグラン宇部2F","2"
"フレスパランドカッタの湯","RWB83Aiyt99pl4CGiNdK1Q","山口県 宇部市 海南町 1675","2"
"ピノッキースパティオ宇部","DdVFVUx30z4YR2WbNaGN7Q","山口県 宇部市 黒石北 3-4-1　ゆめタウン宇部2F","2"
"ソユーファミリーゲームフィールド防府","d47HlNP1hE2xenuKBZGAmw","山口県 防府市 鐘紡町 7-1　イオンタウン防府1F","2"
"アミュージアム周南","OtxqRZf6mdxkZ6C1QEuRmA","山口県 下松市 中央町 21-3　ザ・モール周南3F","2"
"ふぇすたらんど下松","y3E-e5iXhWpnGOjbfZ-E2g","山口県 下松市 南花岡 6-8-1　サンリブ下松2F","2"
"フジグラン岩国店アミューズメントパーク","fTdNrBPTOKHfNBkiGA4puw","山口県 岩国市 麻里布町 2-9-8　フジグラン岩国5F","2"
"モーリーファンタジー光","a6g3lUB09uKQTIEJGWdpvQ","山口県 光市 浅江 木園1756-1　イオン光店2F","2"
"ふぁんたじーらんどてくもぴあ柳井","GHjKriXTFAqjIe18mGtFCg","山口県 柳井市 駅南 1-11　MrMax柳井店A棟","2"
"アミパラ周南久米","0Zd-rEDboIDrE62DGEllsA","山口県 周南市 久米 2834　イオンタウン周南久米内","2"
"ゲームスポットSPEED","dGpr4RPrK0lWWIH2DzGAiQ","山口県 周南市 久米 3219","2"
"アピナ徳山","Q4pP9jQZuciK5lPfhFvKRw","山口県 周南市 青山町 1-18　ゆめタウン徳山2F","2"
"アミュージアム新下関","MhKYRK7OxfSI2Z4KdH_6nA","山口県 下関市 石原 300　コスパ新下関ブックスビル1F","1"
"モーリーファンタジー下関","xJRbtCoCym2-Dpfd8wAtSQ","山口県 下関市 竹崎町 4-4-7　シーモール下関4F","1"
"GAME・パフェ下関","Xmm_zKIP2YZW-kKj09Vwcw","山口県 下関市 竹崎町 4-4-8　シーモール下関4F","1"
"コジマ×ビックカメラ宇部空港","ZuTxCP3_YqNL4Yy3VEK1pQ","山口県 宇部市 東見初町 1-76　コジマ×ビックカメラ宇部空港店内ゲームコーナー","1"
"GiGO イオンタウン小郡","Z_lqRnDWwvFiygVvS94JpQ","山口県 山口市 小郡前田町 3-6","1"
"てくもぴあ阿知須","3rOR14meCLNq1tyVnNpkUg","山口県 山口市 阿知須 4825-1　サンパークあじす2F","1"
"タイトーFステーション山口メルクス","EEoi04B15SwATkmzpQWSMw","山口県 山口市 黒川 82-1　ハイパーモールメルクス山口内","1"
"ふぇすたらんど萩","cWANyqyqxAX46uQNOK2KTA","山口県 萩市 唐樋町 2-4　サンリブ萩2F","1"
"ピノッキースパティオ防府","_7Q8jV5rPKjQ5XNYAnls4Q","山口県 防府市 八王子 2-8-8　ゆめタウン防府3F","1"
"ピノッキースパティオ南岩国","LkOJjFp6t5J61jVe37dKUA","山口県 岩国市 南岩国町 1-20-30　ゆめタウン南岩国2F","1"
"フラーボスパティオ","qdh6VDbQC8KcHCCCtAEmuw","山口県 柳井市 南町 4-5-3　ゆめタウン柳井2F","1"
"アミパラ新南陽","jsFoee-pzhKdGHFImfAgBQ","山口県 周南市 古市 1-4-1　イオンタウン周南内","1"
"パスカランド新南陽","aKMACjzBOavs1qLPvqjhiw","山口県 周南市 清水 2-2-1　ゆめタウン新南陽内","1"
"namcoゆめタウン徳島","pWlVfTndDoEQKQth4shlAA","徳島県 板野郡藍住町 奥野東中須 88-1　ゆめタウン徳島2F","5"
"ラウンドワン徳島・万代","VyY015uSjzC5ofUW-bACdQ","徳島県 徳島市 万代町 4-19-1","2"
"GiGO スエヒロボウル徳島","DqWIYWlFEQNthMa6QbjAgQ","徳島県 徳島市 南末広町 4-95-2　スエヒロボウル内","2"
"アミューズメントパフェパレパレ田宮","BiXsAGj5fRXx__8by00DpA","徳島県 徳島市 南田宮 2-2-46","2"
"アミューズメントパークMG 徳島","5azndAsQ_emdkBUeinJ4kg","徳島県 徳島市 西新浜町 1-45　マルナカ徳島店2F","2"
"ナムコランド鳴門","D8H08uJJTkh3_ohCfr-wIQ","徳島県 鳴門市 撫養町大桑島 字濘岩浜4-1　パワーシティ鳴門別棟","2"
"ふぇすたらんど脇町","7PdxaLmpwXmHMHXzLlBlvg","徳島県 美馬市 脇町字拝原 1711-1　マルナカ脇町店2F","2"
"namcoフジグラン石井","JWXu8DWrUgXYLJrT4ln3DA","徳島県 名西郡石井町 高川原字天神 544-1　フジグラン石井2F","2"
"タイトーステーションフジグラン北島","0LXRRwgC0e2u_zz1RHjIWA","徳島県 板野郡北島町 鯛浜 字西ノ須174　フジグラン北島内","2"
"わくわくらんど徳島","oJyuKbntSAsPNUe7Vn7nEA","徳島県 徳島市 南島田町 3-55　ショッピングプラザタクトA館1F","1"
"モーリーファンタジー徳島","YnSwIPJ2gyOjt-pop81vkQ","徳島県 徳島市 南末広町 4-1　 イオンモール徳島　イオンスタイル徳島4F","1"
"アポロゲームセンター沖洲","-lC4cG97udq98nmbUqRpYA","徳島県 徳島市 南沖洲 1-93-1","1"
"フジグラン阿南","NtY6HIo0q5dcralNXY136Q","徳島県 阿南市 領家町土倉 10　フジグラン阿南内ゲームコーナー","1"
"ゆめタウン高松店ゆめランド","4U6Y2yCz9KrIoQQy07H_Qg","香川県 高松市 三条町字中所 608-1　ゆめタウン高松2F","3"
"アミパラ高松","tCoL-yzFjq37YtJm2fXGfg","香川県 高松市 伏石町 2168-2","3"
"ラウンドワンスタジアム高松","Oy4aNxLtBklgf_hfb_1dDg","香川県 高松市 松島町 2-7-43","3"
"namcoフジグラン十川","hvPtHuF7cMlygn4xp66uRA","香川県 高松市 十川西町 651-1　フジグラン十川別棟","2"
"まるゲ","4EWMLoWVg8-lcoDGk3ahrg","香川県 高松市 南新町 8-12","2"
"モーリーファンタジー高松東","fAIxIFFyZI5WCceSH0wfiQ","香川県 高松市 福岡町 3-8-5　イオン高松東店3F","2"
"モーリーファンタジー高松","fhCITICgbjHwHhRmQFxlrQ","香川県 高松市 香西本町 1-1　イオンモール高松　イオン高松店3F","2"
"ピノッキースパティオ丸亀","j4W5ds20vXUMJjL3qAoAIA","香川県 丸亀市 新田町 150　ゆめタウン丸亀3F","2"
"アミパラ丸亀","v0V2cyongIoS1pzzxOF0Dw","香川県 丸亀市 飯野町西分字川縁甲 584-1　ハローズ棟内","2"
"マックスプラザ善通寺","iMylaDMn3av4SuRKML61rA","香川県 善通寺市 中村町 1798-2","2"
"アピナ善通寺","AYJp1XbVSPFNbIdXbLnQAQ","香川県 善通寺市 金蔵寺町川添 1903　メガセンタートライアル善通寺店内","2"
"タイトーFステーションゆめタウン三豊","FV4dI7b1h3gMHzdTbO4qNw","香川県 三豊市 豊中町本山甲 22　ゆめタウン三豊2F","2"
"イオンタウン宇多津ゲームコーナー","SfFK0VTl4JQ5RXt7kYc30g","香川県 綾歌郡宇多津町 浜二番丁 16　イオンタウン宇多津2F","2"
"Feedy Diner＆Arcade 綾川","YMzbZjwaWu_qXB-mZmgdqw","香川県 綾歌郡綾川町 萱原 822-1　イオンモール綾川3F","2"
"モーリーファンタジー綾川","y1UK9rhImbKO2LN0GOEUsA","香川県 綾歌郡綾川町 萱原 822-1　イオンモール綾川　イオン綾川店3F","2"
"アミュージアム高松","j6Fzj21GMtSVKh61-6nyfA","香川県 高松市 伏石町 2144-9","1"
"GiGO 高松","6Y6dZrX7P886Y8cpk8ElgA","香川県 高松市 勅使町 535","1"
"アミューズメントパークMG レインボー","PNw_Xq2Mrfv9uCQYSctB-w","香川県 高松市 多肥下町 1552-17　パワーシティレインボー2F","1"
"アミューズメントシティMG 屋島","qx7BCDNptji5XZAXIpyQVw","香川県 高松市 屋島西町字百石 1912-1　パワーシティ屋島A棟3F","1"
"チッキッズ瓦町FLAG","r92MVxH2WKsWkQrgo1LlqQ","香川県 高松市 常磐町 1-3-1　瓦町FLAG5F","1"
"ふぇすたらんど栗林南","fJdj2gBwLuSLIQq2Z0WflA","香川県 高松市 西ハゼ町 清水18　マルナカ栗林南店2F","1"
"GiGO イオンモール高松","Y-8TzmRX6lD93IMU7oClXg","香川県 高松市 香西本町 1-1　イオンモール高松2F　227-2","1"
"タイトーステーション丸亀","fQoRQn8H-BXv2Do_38qzlw","香川県 丸亀市 川西町南 1280-1　フジグラン丸亀バッハ棟2F","1"
"GiGO 丸亀","jEsxWCl6WZEY8jh0njdFsA","香川県 丸亀市 蓬莱町 56-1","1"
"ふぇすたらんど豊浜","URMtL_vaog32OrZuw9KYRA","香川県 観音寺市 豊浜町姫浜 1158-1　マルナカ豊浜店内","1"
"アミューズメントパークMG 志度","HAnb0-9ZZbGsEUqmn4AODw","香川県 さぬき市 志度 2431-1　フジ志度店別棟","1"
"ふぇすたらんど白鳥","tSTbhhETfd52sxwJ-fyRRQ","香川県 東かがわ市 白鳥 字城泉144-1　マルナカ白鳥店内","1"
"アミューズメントパークMG 土庄","0Awz1j81XFrhsG9QtP88TA","香川県 小豆郡 土庄町 半ノ池甲1360-10　マルナカ新土庄店内","1"
"ふぇすたらんど三木","hUiAAbYU-3bjwceXqf_WtQ","香川県 木田郡三木町 氷上 482-2　マルナカ三木店2F","1"
"ふぇすたらんど宇多津","hjf-R7hzWwls852g0PVC3g","香川県 綾歌郡宇多津町 宇多津町 2419-1　マルナカSC宇多津店内","1"
"スマイルパーク多度津","B96NC939bLzgxQX93yWaCg","香川県 仲多度郡多度津町 北鴨 2-10-1　イオンタウン多度津内","1"
"namcoパルティ・フジ西条玉津","U4WYsL9oBUuOHG6lf8za2A","愛媛県 西条市 玉津 564-1　フジ西条玉津店2F","4"
"アミューズメントパークMG 大街道","63SXqaJzyV37PzMkxI-AsQ","愛媛県 松山市 大街道 1-4-17","3"
"アミューズメントパークMGキスケ","thqiYQA14Ci5jNqZjYYoig","愛媛県 松山市 宮田町 4　キスケボックス内1F","3"
"namcoフジグラン松山","Vr9Nr79Omg7ru7gqJbasJQ","愛媛県 松山市 宮西 1-2-1　フジグラン松山4F","3"
"宮西スタジアムII","2x9YCxUn1fDRkjxgKr3jhQ","愛媛県 松山市 宮西 2-4-41","3"
"namcoフジグラン北宇和島","C_NnzRGTGZ-PaQIM_4i4rg","愛媛県 宇和島市 伊吹町甲 912-2　フジグラン北宇和島別棟","3"
"プラサカプコン新居浜","a4IUv5Zp_8Wgw48hhw3IOQ","愛媛県 新居浜市 前田町 8-8　イオンモール新居浜2F","3"
"モーリーファンタジー松山","70xp8O1kS-s_BuuGiN4QxQ","愛媛県 松山市 天山町 1-13-5　イオン松山店3F","2"
"モーリーファンタジー南松山","R6US-FslfvPfvoPAdet-9Q","愛媛県 松山市 朝生田町 5-1-25　ジョー・プラ2F","2"
"ラウンドワン松山","WQcOxHi38pHjAjFeTtHdJw","愛媛県 松山市 東長戸 1-3-10","2"
"GiGO 松山","mPBonQiZgCugZDHyZIhjdw","愛媛県 松山市 枝松 5-7-32","2"
"アミパラ松山","RIYB1PSmiyc2EdE6rMMNxA","愛媛県 松山市 生石町 655-1","2"
"バンバン衣山","zQWW6XRhtxkU7vU78L_yDA","愛媛県 松山市 衣山 1-248-1","2"
"楽市楽座イオンモール今治","shgxw89z-Q9jncYNSQNXmw","愛媛県 今治市 にぎわい広場 1-1　イオンモール今治新都市2F","2"
"GiGO そよら今治馬越","JZLt-waP8S5l-VTAEU9oxw","愛媛県 今治市 馬越町 4-8-1　そよら今治馬越3F　300-1区画","2"
"namcoフジグラン北浜","e-KbnmK7E_BUZPKgwn7vxQ","愛媛県 八幡浜市 北浜 1-4-33　フジグラン北浜2F","2"
"ふぇすたらんど新居浜","9LXhyhmwK2kQbIrEK9yZtQ","愛媛県 新居浜市 上泉町 12-1　マルナカ新居浜本店2F","2"
"モーリーファンタジー新居浜","U-dI_YUjAtmqtlkRxbJojg","愛媛県 新居浜市 前田町 8-8　イオンモール新居浜　イオン新居浜店2F","2"
"アミューズメントパークMG 伊予三島","0jhhdR1Gp0XTwsRXns6tSw","愛媛県 四国中央市 中之庄町 75-1","2"
"クールス・モール","MtTNhfYAbJaIUfFgVOKw0A","愛媛県 東温市 見奈良 1125　クールス・モール2Fゲームコーナー","2"
"namcoフジグラン重信","MnzTlljC7C70Qq_rPSjdKg","愛媛県 東温市 野田 3-1-13　フジグラン重信2F","2"
"ソユーフォレストハンター松前","FTZC2qTLmGnN5NUGpwJODA","愛媛県 伊予郡松前町 筒井 850　エミフルMASAKI　エミアミューズ1F","2"
"namcoエミフルMASAKI","mPlqtdRq8gxcsEmUTcLAzg","愛媛県 伊予郡松前町 筒井 850　エミフルMASAKI別棟2F","2"
"namcoフジ砥部","UeD5qb13om8fL_imQPASaA","愛媛県 伊予郡砥部町 重光 239　フジ砥部店2F","2"
"プレイドーム松山","iXeyzPJDs9oAUmlp7nCtgw","愛媛県 松山市 余戸南 4-9-40　1F","1"
"ビッグバンアミぷり","7wF84RoirQHStQ6QDvuFFQ","愛媛県 松山市 大街道 1-4-10","1"
"アミューズメントパークMG 朝生田","8ueiNUgJfyqJac0Sajs48w","愛媛県 松山市 朝生田町 773-1　第一自動車教習所ビル1F","1"
"ポップンパーク東石井","wDECWUgeJLaTACeroqc2XA","愛媛県 松山市 東石井 6-16-39　マルナカ東石井店内","1"
"タイトーステーション衣山","yBRB2zj92mRWtVmhYmHmzQ","愛媛県 松山市 衣山 1-188　パルティ・フジ衣山内","1"
"ゲオ今治鳥生","PrkTqAjCenbWPIMKJwVQ8g","愛媛県 今治市 南鳥生町 3-1-19","1"
"タイトーFステーション今治ワールドプラザ","EiRv9M_vOaGqO4sSSphR_A","愛媛県 今治市 東村 1-14-2　今治ワールドプラザ内","1"
"アミューズメントパークMG 宇和島","ggmNNuG7pLRAmEXk3fzCfg","愛媛県 宇和島市 保田甲 841-2　マルナカ宇和島店内","1"
"アミューズメントパークMG 東予周布","ZUr1KErLP6CsUnwxmaE6nQ","愛媛県 西条市 周布 715-1　フジ東予店別館","1"
"アミューズメントパークMG 西条","LKYfGe0GdkWwEVLoZZ_Iag","愛媛県 西条市 新田 235　フジグラン西条別棟","1"
"フジ南宇和","DFjm9w2SgGv6tvbrACMfnA","愛媛県 南宇和郡愛南町 城辺乙 544　フジ南宇和店内ゲームコーナー","1"
"プラサカプコン高知","oAo0_-qytDBZRZN32Yf4AA","高知県 高知市 秦南町 1-4-8　イオンモール高知2F","3"
"ラウンドワン高知","diQaKpWw-QAx4pxNrKAzeQ","高知県 高知市 南宝永町 4-12","2"
"namcoフジグラン葛島","jb6VWtybpH33vOPchCaFBg","高知県 高知市 小倉町 3-30　フジグラン葛島2F","2"
"サニーアクシス南国アクシスキッズ","-vbPzqMHeWadi3jcVBrCdw","高知県 南国市 大そね乙 1009　サニーアクシス南国店内","2"
"アミパラ高知","nlbiff_jeeFSpKaFWMWl0g","高知県 南国市 篠原 194-1","2"
"namcoフジグラン四万十","5SR_Xg4EtwBkN6zrsncEnA","高知県 四万十市 具同 2222　フジグラン四万十2F","2"
"ウェアハウス四万十","N6bmy90PDPW9DTIEwibrdw","高知県 四万十市 右山五月町 8-13　ゲオ四万十店内","2"
"タイトーFステーション野市","lkoGvkWUJYng5eW2NTe6HA","高知県 香南市 野市町西野 2007-1","2"
"アミュージアム高知","CXAjyB3Z2AGhGn7wgUvWYA","高知県 高知市 介良字長丁乙 317-1","1"
"GiGO フジグラン高知","7wUwdSK6s1oj9J1-EOLulw","高知県 高知市 朝倉東町 52-15　フジグラン高知3F","1"
"モーリーファンタジー高知","ngR3UDAD3oS6GyC_mMEObA","高知県 高知市 秦南町 1-4-8　イオンモール高知　イオン高知店2F","1"
"アミューズメントパークMG 須崎神田","MjHSin-3vIeTxtBN3nkvCA","高知県 須崎市 神田 2500-1　マルナカ須崎店内","1"
"アミューズメントパークMG 四万十","KovhFJUoxMcriQYIphqrwg","高知県 四万十市 具同 211　マルナカ四万十店内","1"
"チッキッズサニーアクシスいの","4DtjA1rtHC92bQqtB2l4bA","高知県 吾川郡 いの町 205　サニーアクシスいの店2F","1"
"namco博多バスターミナル","wPjgAc2Lg4hO-loyy7zffg","福岡県 福岡市博多区 博多駅中央街 2-1　博多バスターミナルビル7F","9"
"ラウンドワン福岡天神","SEGllzAlIIEMSWUAg9siUQ","福岡県 福岡市中央区 天神 2-6-12","5"
"namcoららぽーと福岡","_u_9HQhYBYbb3Mkf8L1iaA","福岡県 福岡市博多区 那珂 6-23-1　ららぽーと福岡内4F","5"
"G-stage小倉","iiYL2VjRW3PvBU3uaHKchg","福岡県 北九州市小倉北区 浅野 2-14-5　あるあるCity2F","4"
"G-pala 小倉","OfdJoCFcDPz_K096Sa0u9A","福岡県 北九州市小倉南区 上葛原 1-14-1","4"
"namcoマークイズ福岡ももち","B8AhvCZW3jWQy__A2j9G2w","福岡県 福岡市中央区 地行浜 2-2-1　マークイズ福岡ももち4F","4"
"ラウンドワンスタジアム博多・半道橋","DIqIpVqbZ4QiPv9gwtM-cQ","福岡県 福岡市博多区 半道橋 2-2-8","4"
"namcoゆめタウン久留米","pDpfpOUqX6n3Nlo0W1GvQQ","福岡県 久留米市 新合川 1-2-1　ゆめタウン久留米2F","4"
"パスカランド黒崎","nxskfvaM6yaLIotogYYkPA","福岡県 北九州市八幡西区 西曲里町 3-1　イオンタウン黒崎1F","3"
"ラウンドワンスタジアム小倉","YdtvLT130pt234qcbcRd3Q","福岡県 北九州市小倉北区 西港町 15-65","3"
"PEP魚町","747NR4t21JW-UuU0VwGYqw","福岡県 北九州市小倉北区 魚町 2-4-20","3"
"namcoサニーサイドモール小倉","mYyRq5qQGOZ0Zi4lyd-utA","福岡県 北九州市小倉南区 下曽根新町 10-1　サニーサイドモール小倉M2F","3"
"タイトーステーション福岡天神","lbqEwPY9gSzkeHJhLi4bpA","福岡県 福岡市中央区 天神 2-6-35　サザンクロスビル","3"
"GiGO 福岡天神","PKKmklBbXlUn5D5Gt6NTEQ","福岡県 福岡市中央区 天神 2-7-6　DADAビル1～3F","3"
"タイトーステーションキャナルシティ博多","q5v8y2G01Qn8uh2fVgL4_A","福岡県 福岡市博多区 住吉 1-2　キャナルシティ博多4・5F","3"
"G-pala 博多","MtGSUAlL8BgnVWl-v9h_MQ","福岡県 福岡市博多区 東光寺町 2-6-40　コマーシャルモール博多2F","3"
"G-stage七隈","4aPaKAbewVno388Ij2kb9A","福岡県 福岡市城南区 七隈 8-4-8","3"
"パスカランド博多","26T_-JQFE_vWx8I7vbez5A","福岡県 福岡市東区 東浜 1-1-1　ゆめタウン博多2F","3"
"楽市楽座003楽市街道箱崎","Eu391GRgIsIYcYb7UF_W8A","福岡県 福岡市東区 箱崎 5-1-8　楽市街道箱崎2・3F","3"
"楽市楽座イオンモール筑紫野","3Dtn8N2ZRoGaTBip0N4GPQ","福岡県 筑紫野市 立明寺 434-1　イオンモール筑紫野3F","3"
"サープラ新宮あそびタウン","OuH1FRkfseTg42BYlOc8lA","福岡県 糟屋郡新宮町 美咲 3-1-40","3"
"楽市楽座イオンモール八幡東","iW6mFInF4Q_2oD89a9kwtw","福岡県 北九州市八幡東区 東田 3-2-102　イオンモール八幡東3F","2"
"モーリーファンタジー八幡東","m2A6lClCPJksamVdcpYJLA","福岡県 北九州市八幡東区 東田 3-2-102　イオンモール八幡東　イオン八幡東店3F","2"
"ASOBLEジ アウトレット北九州","zzp7Kq07Kkhwu4BBJPC3AQ","福岡県 北九州市八幡東区 東田 4-1-1　ジ アウトレット北九州1F","2"
"楽市楽座黒崎","rAgZWRwqnii9csOQNyvGTQ","福岡県 北九州市八幡西区 桜ケ丘町 1-3","2"
"タイトーステーションリバーウォーク","1GBYGpR9D14lqKYYFrhKaw","福岡県 北九州市小倉北区 室町 1-1-1　リバーウォーク北九州デコシティ4F","2"
"楽市楽座砂津","i427Qqwg99Nb9YH9qamfkQ","福岡県 北九州市小倉北区 砂津 3-1-1　チャチャタウン小倉B棟3F","2"
"小倉メトロポリス","BiD88CtkpoR667W0GNwLqQ","福岡県 北九州市小倉北区 西港町 27-5","2"
"楽市楽座サンリブシティ小倉","v2N_ZLcj5dSKe4fr1yyO6g","福岡県 北九州市小倉南区 上葛原 2-14-1　サンリブシティ小倉2F","2"
"スマイルステーション戸畑","vYyWfuvWrsaE82ImbaHvtg","福岡県 北九州市戸畑区 汐井町 2-2　イオン戸畑SC　イオン戸畑店3F","2"
"モーリーファンタジー若松","f_hwVLSOwxVbrdIvqItJGA","福岡県 北九州市若松区 二島 1-3-1　イオン若松SC　イオン若松店2F","2"
"遊遊パーク若松","2djCDK0pfwvozpGyKcMlPg","福岡県 北九州市若松区 本町 3-11-1　サンリブ若松2F","2"
"モーリーファンタジー笹丘","PeenOqZ1vmI57RP5npHNpw","福岡県 福岡市中央区 笹丘 1-28-74　イオン笹丘店B1F","2"
"バンダイナムコ Cross Store 博多","h01BTQt40WMd_Y39O7hXdA","福岡県 福岡市博多区 住吉 1-2-22　キャナルシティ博多　サウスビルB1F","2"
"ゲームコーナー原","A9zI76z4r1oXXdns-UWMmg","福岡県 福岡市早良区 原 6-27-52　イオン原SC　イオン原店内","2"
"モーリーファンタジー香椎浜","cohu0pCyxGenXjr0szpz-g","福岡県 福岡市東区 香椎浜 3-12-1　イオンモール香椎浜　イオン香椎浜店2F","2"
"モーリーファンタジー福岡伊都","wsNHWvHX5ufl_sELkp6u1g","福岡県 福岡市西区 北原 1-2-1　イオンモール福岡伊都　イオン福岡伊都店3F","2"
"楽市楽座イオンモール福岡伊都","1zb_x5l2cNj8A7ax3A5b3A","福岡県 福岡市西区 北原 1-3-1　イオンモール福岡伊都別館2F","2"
"パスカランド福重","1xKXABNPEebE788DQppbLA","福岡県 福岡市西区 拾六町 1-7-1　MEGAドン・キホーテ福重店3F","2"
"モーリーファンタジーマリナタウン","hk1CxUKMMgi0hBwTvj7nvA","福岡県 福岡市西区 豊浜 3-1-10　イオンマリナタウン店2F","2"
"楽市楽座イオンモール大牟田","1oNKFvslUVWuvDXky31UDA","福岡県 大牟田市 岬町 3-4　イオンモール大牟田2F","2"
"パスカランド大牟田","GmdqQ4qP5GqbnDvSo_BvTg","福岡県 大牟田市 旭町 2-28-1　ゆめタウン大牟田2F","2"
"楽市街道くるめ","e2VZ5Qt0RfsZkaRkjfCnKA","福岡県 久留米市 新合川 2-7-10　久留米アミューズメントビル内","2"
"ふぇすたらんど久留米","_znAuReldUlKaWPnEJVTFA","福岡県 久留米市 野中町 1411-1　サンリブ久留米2F","2"
"プラサカプコン直方","Ci2NHWmMmPvk_kz-vlz-fA","福岡県 直方市 湯野原 2-1-1　イオンモール直方2F","2"
"モーリーファンタジー直方","0YqkumBXIbbXKZwBe9Z1XA","福岡県 直方市 湯野原 2-1-1　イオンモール直方　イオン直方店2F","2"
"G-stage飯塚","WAg5B_diuOCWSRoLadbmOA","福岡県 飯塚市 枝国 680-2","2"
"ASOBLEイオン穂波","5-Bez2poIhtaCt___gTcAA","福岡県 飯塚市 枝国 長浦666-48　イオン穂波SC2F","2"
"マンガ倉庫飯塚","we7s4xyCaweMcO2w-Rjf3Q","福岡県 飯塚市 楽市 770-1","2"
"GiGO ゆめタウン飯塚","dKyH2BhFJiOU-al1ZKIH1g","福岡県 飯塚市 菰田西 3-6-1","2"
"ふぇすたらんど田川","djpeXXG3Nbx1HR6205ef7w","福岡県 田川市 川宮 1693-1　サンリブ田川2F","2"
"namcoゆめモール柳川","kc4bCyc3yR3Rc-oYnGudlA","福岡県 柳川市 三橋町蒲船津 1408-6　ゆめモール柳川2F","2"
"ゆめタウン八女店ゆめキッズ","qu38RYxjLAaAvbHYPjZCpQ","福岡県 八女市 蒲原 988-28　ゆめタウン八女2F","2"
"パスカランド大川","IxQ5E2u8VF5EeWyZvtrs2Q","福岡県 大川市 上巻 430-1　ゆめタウン大川2F","2"
"ピノッキースパティオ行橋","Nh-5UQ-fITPnWC7pz7Aphw","福岡県 行橋市 西宮市 3-8-1　ゆめタウン行橋2F","2"
"楽市楽座行橋","yZqI1jxflBlBkWqYFrrmCA","福岡県 行橋市 西泉 6-1-1　コスタ行橋アミューズ棟2F","2"
"GiGO 中間","EWQe3_xDxAPHAT3LyzXQSQ","福岡県 中間市 上蓮花寺 3-1-1　プラザモールなかま1・2F","2"
"楽市楽座イオン小郡","7ctfge7-vNjzuAJ_Czve_g","福岡県 小郡市 大保字弓場 110　イオン小郡SC内","2"
"モーリーファンタジー筑紫野","e0MZcumfEYI8ECFDnlH2_w","福岡県 筑紫野市 立明寺 434-1　イオンモール筑紫野　イオン筑紫野店3F","2"
"namcoゆめタウン筑紫野","f0XqSmJnrKDZGBcPZG09fw","福岡県 筑紫野市 針摺東 3-3-1　ゆめタウン筑紫野本館2F","2"
"楽市楽座アクロスモール春日","btuUE4Pjun1EdLYKQWWx9Q","福岡県 春日市 春日 5-17　アクロスモール春日2F","2"
"ゲームらんど乙金","b2RseMuAqgngFRVT6uMPuw","福岡県 大野城市 乙金 3-23-1　イオン乙金SC北街区B","2"
"ラウンドワン大野城","wfi-OeGPRjaPw3j6UW-t0w","福岡県 大野城市 御笠川 1-18-16","2"
"モーリーファンタジー大野城","NxJS9k4XY5D_oeY9uIb9iw","福岡県 大野城市 錦町 4-1-1　イオン大野城SC　イオン大野城店3F","2"
"モーリーファンタジー赤間","orm24Fg-tR7CEEIjODkdnQ","福岡県 宗像市 田久 2-1-1　ビバモール赤間2F","2"
"ふぇすたらんど古賀","pYI-NxPfzuQOt1tBJXwDHg","福岡県 古賀市 天神 2-5-1　サンリブ古賀2F","2"
"楽市楽座イオンモール福津","8oq-5tsMd-n-Aeldm9kC4Q","福岡県 福津市 日蒔野 6-16-1　イオンモール福津3F","2"
"モーリーファンタジー福津","2WC6mTZWlNON-onaTs9ObQ","福岡県 福津市 日蒔野 6-16-1　イオンモール福津　イオン福津店2F","2"
"楽市楽座210トリアス","Fy6gd07fsCd7Ww6k3LmcAg","福岡県 糟屋郡久山町 山田 990","2"
"モーリーファンタジー福岡空港","bhA3yvErJjS9Z6Llbx30OQ","福岡県 糟屋郡志免町 別府 2-17-20　スーパーセンタートライアル福岡空港店1F","2"
"アソビクル福岡新宮","2Ti6IDylfAjT29miHzcTXg","福岡県 糟屋郡新宮町 三代 999-1","2"
"楽市楽座イオンモール福岡","t9swPo8jC03PrTaHHksARg","福岡県 糟屋郡粕屋町 酒殿字老ノ木 192-1　イオンモール福岡2F","2"
"モーリーファンタジー福岡","WK7kFHLWpsToPoZl22bQFQ","福岡県 糟屋郡粕屋町 酒殿字老ノ木 192-1　イオンモール福岡　イオン福岡店2F","2"
"モーリーファンタジー大木","u-_xN842C1v6s7GPa7FzSA","福岡県 三潴郡大木町 蛭池 1200　イオン大木SC　イオンスーパーセンター大木店1F","2"
"ふぇすたらんど三ヶ森","a6sJBFCpTWm4f9EpesiwqA","福岡県 北九州市八幡西区 三ケ森 3-9-1　サンリブ三ヶ森2F","1"
"マンガ倉庫本城","FewVztSlcVvw9tvGPvybmw","福岡県 北九州市八幡西区 御開 3-32-15","1"
"PEP中津口","JuzBcnAY85c7RAf2-RcLEw","福岡県 北九州市小倉北区 中津口 2-2-16　ASOBOX3F","1"
"StyleB小倉パークボウル","_dIR4fDVOEGfQ4f_1YIcYA","福岡県 北九州市小倉南区 上葛原 1-14-1","1"
"ハイパーメッセ","XXYNkor7WeK3XPW4zWWxHA","福岡県 北九州市小倉南区 北方 4-6-7","1"
"ふぇすたらんど高須","PEkQuZHRW0Vc7dx3Bt2hdg","福岡県 北九州市若松区 高須南 2-2-1　サンリブ高須店2F","1"
"門司シーサイドボウル","P8K57LuQOgQgJQVS1T--gA","福岡県 北九州市門司区 大里本町 3-10-75","1"
"サープラ福岡シーホークあそびタウン","5UIlqzSTuRcY6d2je4Bi0w","福岡県 福岡市中央区 地行浜 2-2-3　ヒルトン福岡シーホーク4F　ギャレリア内","1"
"GiGO ミーナ天神","12s-QS0JSnqDb44zAXEpiw","福岡県 福岡市中央区 天神 4-3-8　ミーナ天神7F","1"
"GiGO ヨドバシ博多","3Etg6h_kOCBi_Mp8j9TBQA","福岡県 福岡市博多区 博多駅中央街 6-12　4F","1"
"マンガ倉庫月隈","SuRsW3wgsqOIfvG1G5Jy6w","福岡県 福岡市博多区 東月隈 3-18-1","1"
"遊遊パークフォレオ博多","ZCglig4rMwioLuG_LPhmyA","福岡県 福岡市博多区 東那珂 1-14-46　フォレオ博多2F","1"
"スマイルステーション野芥","LE9tMKd5DOcx1E9oV7iH-A","福岡県 福岡市早良区 野芥 2-1-6","1"
"ふぇすたらんど下原","HvEua7iokP5-DoE7F1lhyw","福岡県 福岡市東区 下原 4-2-1　ブランチ下原1F","1"
"マンガ倉庫箱崎","IJzyYfffSC1j_rnGOT7-Cg","福岡県 福岡市東区 箱崎 5-11-6","1"
"楽市楽座福重","hENSrgV5hD9Dupenx2QBjA","福岡県 福岡市西区 石丸 4-263-1","1"
"モーリーファンタジー大牟田","NE5aaOV_uwMJI3xZzo6i1w","福岡県 大牟田市 岬町 3-4　イオンモール大牟田　イオン大牟田店2F","1"
"スポガ久留米店内卓球・ゲームコーナー","pjCyo0_RZZK2YDU-mLgd-Q","福岡県 久留米市 合川町 2125","1"
"国分バッティングセンター","f369r_P_kQJyeuPnQDYrrg","福岡県 久留米市 国分町 1408","1"
"楽市楽座210久留米","1rqTgQL7pNwauLYgWxE-PQ","福岡県 久留米市 東合川 2-2-1","1"
"モーリーファンタジー田川","D-nEX3S7DWCjZ8qGaOtGKw","福岡県 田川市 伊田 4616　スーパーセンタートライアル田川店1F","1"
"マンガ倉庫八女","C56uQdrmlx13T3kVhiNZ1g","福岡県 八女市 吉田 123","1"
"モーリーファンタジー筑後","lLa8S4OaodCh-twrWtNu-g","福岡県 筑後市 上北島字井原口 1259-1　メガセンタートライアル筑後店1F","1"
"メルヘンランド筑紫野ベレッサ","qR8MpT2VC8ZcrO2YVj1_aA","福岡県 筑紫野市 美しが丘南 1-12-1　筑紫野ベレッサ内","1"
"楽市楽座くりえいと宗像","Hj41OO8j8Tgh3pjDJKNB1Q","福岡県 宗像市 くりえいと 1-4-4　くりえいと宗像サウスゾーン内","1"
"スペースタイム25サンリブくりえいと宗像","iDZZr3_iJk6i93gP3hhjbw","福岡県 宗像市 くりえいと 1-5-1　サンリブくりえいと宗像2F","1"
"太宰府Jボウル","C3K0MFsIn1-ikeEPgmBClA","福岡県 太宰府市 都府楼南 5-6-12","1"
"マンガ倉庫太宰府","dMN6Q3mbc_yY2YG9J5h-_Q","福岡県 太宰府市 青葉台 3-26-13","1"
"ピーターパンと仲間たちうきは","sRQj2oJ-2hYxQm8faWkRXQ","福岡県 うきは市 吉井町千年 153　ゆめマートうきは1F","1"
"スペースタイム25イオン甘木","Gfj3jTH3B3WL4mAhsJ43OQ","福岡県 朝倉市 甘木 380　イオン甘木SC2F","1"
"ピノキオランド宇美","2N_Bt5bZqLX0As9MrXkkaA","福岡県 糟屋郡宇美町 宇美 4-8-1　ライフプラザユービオス内","1"
"ゲーム最後の5ドル","W_Yv192a2gTMobNg45CoDQ","福岡県 糟屋郡粕屋町 仲原 2706　仲原Jボウル2F","1"
"スマイルステーション岡垣","635IjNGHUIIlKMgXz_NJrQ","福岡県 遠賀郡岡垣町 黒山 338-1　イオン岡垣SC　イオン岡垣店1F","1"
"ピーターパンと仲間たち遠賀","_lssLwL7LP_PauvN0E4mBg","福岡県 遠賀郡遠賀町 松の本 1-1-1　ゆめタウン遠賀2F","1"
"ふぇすたらんど苅田","ZC8eJ7TslGpObKreaLMSDw","福岡県 京都郡苅田町 殿川町 1-7　サンリブエル苅田内","1"
"ラウンドワンスタジアム佐賀","IV3tq3iyMCv0kdpXFoeYVQ","佐賀県 佐賀市 兵庫北 4-2-1","4"
"namcoゆめタウン佐賀","W3iyeJjpZLzC8Ze_-OAkpQ","佐賀県 佐賀市 兵庫北 5-14-1　ゆめタウン佐賀2F","3"
"namcoモラージュ佐賀","tz5cITl1MddUR0q7ZVMfaQ","佐賀県 佐賀市 巨勢町大字牛島 730　モラージュ佐賀1・2F","3"
"ゆめタウン武雄店ゆめキッズ","kuIgrS9eUcnCIgrFuYNftA","佐賀県 武雄市 武雄町武雄 4992　ゆめタウン武雄2F","3"
"モーリーファンタジー佐賀大和","WdFjoq4-oSq_rcFat2XYUw","佐賀県 佐賀市 大和町尼寺 3535　イオンモール佐賀大和　イオン佐賀大和店2F","2"
"タイトーFステーションモラージュ佐賀","nEtP0pCIAYhJn6PtT53Xnw","佐賀県 佐賀市 巨勢町大字牛島 730　モラージュ佐賀北館2F","2"
"パスカランド鳥栖","t3XPpt32ELDyBzE2p5pDfw","佐賀県 鳥栖市 本鳥栖町 537-1　フレスポ鳥栖店2F","2"
"遊道楽嘉瀬","T1RGvlOAr2FkQDeOEbMM2Q","佐賀県 佐賀市 嘉瀬町中原 2488-1","1"
"楽市楽座303佐賀大和","sfqYwtKuus9Y5buG5fLDSQ","佐賀県 佐賀市 大和町尼寺 2965","1"
"モーリーファンタジー佐賀","HAfZ0GcOzBFVcS65RS_Tsg","佐賀県 佐賀市 東与賀町下古賀字一本杉 87-1　イオン佐賀店1F","1"
"モーリーファンタジー唐津","w54NXLPxagZp2IzAPBhnnQ","佐賀県 唐津市 鏡字立神 4671　イオン唐津SC　イオン唐津店2F","1"
"鳥栖あそびタウン","P-TUfABtLJMUB4bYaT1cBw","佐賀県 鳥栖市 元町 1353-1","1"
"ソニックワールド伊万里","8yTtxqBeU8BY41gic8FNiQ","佐賀県 伊万里市 二里町八谷搦 189-3","1"
"GiGO 武雄","HU0a1m9A8hj7JoKRHj_aPg","佐賀県 武雄市 武雄町富岡 12517-1","1"
"マンガ倉庫武雄","SyXEfnTO0vNB7HVQU2XCyw","佐賀県 武雄市 武雄町武雄 5771","1"
"namcoアミュプラザ長崎 新館","WvDKRW0fIYw9rPBYlso64g","長崎県 長崎市 尾上町 1-1　アミュプラザ長崎新館4F　9401","5"
"GiGO みらい長崎ココウォーク","eu7RGJ9pqBydny0J9cUFtQ","長崎県 長崎市 茂里町 1-55　みらい長崎ココウォーク5F","4"
"namcoゆめタウン夢彩都","xVS4k39j8yqZJHtuSP2dPA","長崎県 長崎市 元船町 10-1　夢彩都4F","3"
"G-pala 時津","ThGxvr3KAUuEjqJoZMV_yw","長崎県 西彼杵郡時津町 野田郷 59","3"
"モーリーファンタジーチトセピア","nzqz0sFDHhqkOPKsoXGLYw","長崎県 長崎市 千歳町 5-1　イオンチトセピア店3F","2"
"アソビクル長崎戸町","PoL3jODsEsw-iENW7U60hA","長崎県 長崎市 戸町 4-9-3","2"
"G-stage浜の町","RF3VVCffG8VSbXiHmkvhQw","長崎県 長崎市 浜町 2-26","2"
"モーリーファンタジー大塔","JxLAexbZLSUyP81tyD6u_A","長崎県 佐世保市 大塔町 14-2　イオン大塔SC　イオン大塔店3F","2"
"アミパラ佐世保","bkNxTPEB8g1KPS7RBr_ijQ","長崎県 佐世保市 大塔町 18-15","2"
"楽市楽座させぼ五番街","3tZ5FJmib09mKasO8OmmEw","長崎県 佐世保市 新港町 2-7　させぼ五番街3F","2"
"サープラ佐世保あそびタウン","kT84DocAgKbs2UwXzIqi2g","長崎県 佐世保市 田原町 38-1","2"
"スマイルステーション島原","mQy9t9RejoYz_0ylfQtAHQ","長崎県 島原市 弁天町 1-7080-1","2"
"ソニックワールド大村","qxMRuN9LjBCApT3G_fM7Pg","長崎県 大村市 古賀島町 383-1","2"
"モーリーファンタジー時津","EV814zl0BZXIcEESrn8HAQ","長崎県 西彼杵郡時津町 浜田郷 751-5　イオン時津SC　イオン時津店2F","2"
"長崎ラッキーボウル","UlyKGCqr6r0o45EL-OoaJA","長崎県 長崎市 大橋町 25-6","1"
"モーリーファンタジー東長崎","MNtzyEDtpU0xo4SyNQ0tyw","長崎県 長崎市 田中町 1027-8　イオン東長崎SC　イオン東長崎店2F","1"
"パラダイスボウル","hEUmjDXBjpPiAp5suML1eA","長崎県 佐世保市 崎岡町 853-12","1"
"マンガ倉庫広田","jsxPIAEx9u7J1B6hzVbKXQ","長崎県 佐世保市 広田 3-38-46","1"
"三冠王バッティングセンター","kWKDGcFHwrREU_wAK7GPtQ","長崎県 佐世保市 相浦町 2689-1","1"
"GiGO 諫早","49TK4iUtseNO5gf0IMMWkg","長崎県 諫早市 小川町 90-1","1"
"楽市楽座諫早","jwi5fUOz7KS-bybWGJurZg","長崎県 諫早市 長野町 1086-17","1"
"モーリーファンタジー大村","bbx5WznW7CYKhIYhP5L5FA","長崎県 大村市 幸町 25-200　イオン大村SC　イオン大村店2F","1"
"GiGO サンスパおおむら","wMeybIxHfPk93U0Q7nWV2A","長崎県 大村市 森園町 663-3","1"
"あすなろ","1kRgrp6eXNX1yHmiIy2ZIA","長崎県 対馬市 厳原町今屋敷 661-3　ティアラSC内","1"
"モーリーファンタジー壱岐","_ojmake-bRVLKWj06VrEww","長崎県 壱岐市 芦辺町箱崎中山触字干拓 2604-2　イオン壱岐店2F","1"
"ファンタジーランド五島","sEkjUd8wxlsQA03vch3rXA","長崎県 五島市 吉久木町 731　五島シティーモール内","1"
"モーリーファンタジー有家","W3KpL9L4_r4rCdDMcM2zfw","長崎県 南島原市 有家町山川 135-1　イオン有家店1F","1"
"namcoワンダーシティ南熊本","ohRXxXiykghj2EczpaYpJg","熊本県 熊本市中央区 九品寺 6-9-1","10"
"パスカワールド宇土","5NxTjNl-0qwReneR60grLQ","熊本県 宇土市 善道寺町綾織 95　宇土シティモール内","5"
"ラウンドワンスタジアム熊本","gXSNfrIGu8XQrLslEMHBUg","熊本県 熊本市西区 春日 7-25-15","4"
"namcoゆめタウン光の森","AnqKIJU0QcclEiCq0OajkQ","熊本県 菊池郡菊陽町 光の森 7-39-1　ゆめタウン光の森南館3F","4"
"パスカランドはません","o1viM7hfVWX0_LdNshAQiw","熊本県 熊本市南区 田井島 1-2-1　ゆめタウンはません3F","3"
"サープラ荒尾あそびタウン","aZGKeDDRiAjLjImHWG21yg","熊本県 荒尾市 原万田 700-1","3"
"パスカワールドグリーンランド","pnTsaLpdqlzIKZbPCgvnpA","熊本県 荒尾市 本井手 1574-54","3"
"サープラ下通りあそびタウン","TXaKeVcOjXKgMvraWd0mEw","熊本県 熊本市中央区 手取本町 4-12　ザ･ファインビル","2"
"らぶふらっと新市街","BReTdI_1BplPoljpK9FG_g","熊本県 熊本市中央区 新市街 8-1　サンアイ新市街ビル1F","2"
"namcoサクラマチクマモト","OXNd3AX8KLheJnHh2W49Hg","熊本県 熊本市中央区 桜町 3-13-14　サクラマチクマモト3F","2"
"ゆめタウンサンピアンアミューズパーク","FyypQRrtb-zQ8k1RPoB2Uw","熊本県 熊本市東区 上南部町 2-2-2　ゆめタウンサンピアン3F","2"
"サープラ熊本あそびタウン","e8fyXlhs90ibOB4Ey1dM0g","熊本県 熊本市東区 御領 8-4-82","2"
"パスカランド長嶺","J-oXWF1gJDCjAa4-AmfmZg","熊本県 熊本市東区 長嶺西 1-5-1　シュロアモール長嶺内","2"
"GiGO アミュプラザくまもと","gE4wWKcu99895b0w6MgBXA","熊本県 熊本市西区 春日 3-15-26  アミュプラザくまもと6F","2"
"FESTA人吉","5BxqxCIOjYtxuioRvK52BA","熊本県 人吉市 宝来町 1307-1　HITOYOSHI-REX内","2"
"ピノキオランドあらおシティモール","Ad0JHu64aY6wFHSz0XLpaQ","熊本県 荒尾市 緑ケ丘 1-1-1　あらおシティモール1F","2"
"namcoイオンモール宇城","y2dwz-5THN966IbDbI6fZw","熊本県 宇城市 小川町河江 1-1　イオンモール宇城2F","2"
"namcoイオン大津ショッピングプラザ","stSPLK1kIghL3jJhxHyr6g","熊本県 菊池郡大津町 室 137　大津ショッピングプラザ2F","2"
"タイトーステーションゆめタウン光の森","mhrK2KBAZEcp8Lx0yCSCyw","熊本県 菊池郡菊陽町 光の森 7-33-1　ゆめタウン光の森本館2F","2"
"ふぇすたらんど菊陽","sr2Ui2bVXXSgBMxs23deGg","熊本県 菊池郡菊陽町 津久礼 2472　カリーノ菊陽店2F","2"
"楽市楽座イオンモール熊本","xwsKpTVyaJABTK9HfsBAqw","熊本県 上益城郡嘉島町 上島字長池 2232　イオンモール熊本2F","2"
"モーリーファンタジー熊本","uBWkfwtBNE05Mgv0X3W3pw","熊本県 上益城郡嘉島町 上島字長池 2232　イオンモール熊本　イオン熊本店2F","2"
"スポラ九品寺","JSMDrFSRtOCrHss-7as5Mw","熊本県 熊本市中央区 九品寺 5-10-15","1"
"ピノキオランドくまなん","jkqX48dK6vdCHZkrgfzd1Q","熊本県 熊本市中央区 平成 3-23-30　サンリブシティくまなん3F","1"
"楽市楽座熊本インター","Jvn0xo-H2g8P9hBPMwOCLw","熊本県 熊本市東区 石原 1-1-112　MrMax熊本インター店B棟","1"
"モーリーファンタジー田崎","QK1NGwkjNfqo3PpEAvs4Vw","熊本県 熊本市西区 田崎町字下寄 380　イオンタウン田崎1F","1"
"タイトーステーションゆめタウン八代","9CsalrBNFau5fmO6yR4boA","熊本県 八代市 建馬町 3-1　ゆめタウン八代2F","1"
"モーリーファンタジー八代","EfYEjsgbyQyjsQth9YWtgw","熊本県 八代市 沖町六番割 3987-3　イオン八代SC　イオン八代店2F","1"
"ゴーゴーバンビーノ","ehcb97dEB9HdPU_-yumplQ","熊本県 人吉市 下林町 122-1","1"
"ファンタジープラザ荒尾","pEwjQqe51NAX2qlmmN-blA","熊本県 荒尾市 原万田 845-4　ドン･キホーテ荒尾店1F","1"
"ピノキオランド玉名","Yy4x-ObxbNk5hFtWM7msug","熊本県 玉名市 亀甲字前田 110　ビッグミカエル玉名店2F","1"
"FESTA山鹿","Eaw4zZX0nYf76GoJTtdXsQ","熊本県 山鹿市 方保田字鳥越 3468-1　MrMax山鹿店内","1"
"楽市楽座小川","2RIvrZ6iv4tBikKajT5VOQ","熊本県 宇城市 小川町河江 1-1　イオンモール宇城1F","1"
"モーリーファンタジー天草","DAX9aHbDtcAyLBDr32W4EQ","熊本県 天草市 亀場町食場後山下 740　イオン天草SC　イオン天草店2F","1"
"ピノキオランド本渡","jIrCGJAHlfK2S9EDSqQpUg","熊本県 天草市 船之尾町 279-6　スーパーセンタータイヨーリンドマール3F","1"
"スポラ菊陽","BisffWzydlsxvKEP67XbCw","熊本県 菊池郡菊陽町 津久礼駄飼代 2617-2","1"
"GiGO 阿蘇くまもと空港","EiJWcnU_o_BfbWYtsjwWiw","熊本県 上益城郡益城町 小谷 1802ー2","1"
"楽市楽座イオン錦","jx13YmeltGf2yVlfH-Vg5A","熊本県 球磨郡錦町 西 字打越715-1　イオン錦店1F","1"
"namco杉乃井ホテル","r7QULNEWwYG9vfgNIiZ12w","大分県 別府市 観海寺 1　スギノイパレスU-zone1F","4"
"タイトーFステーションセントポルタ大分","9uFeBfeZVBpUAd5TLmLynw","大分県 大分市 中央町 2-1-1","3"
"namcoトキハわさだタウン","rZBnbbqLCuxQUCz3E8YeAA","大分県 大分市 玉沢 755-1　トキハわさだタウン2F","3"
"ラウンドワンスタジアム大分","ZM4V0Adcwtlj8Hn2VxZtVw","大分県 大分市 萩原 2-13-17","3"
"タイトーステーションアミュプラザおおいた","EEtSH0X8bymc3NnNN4XRWw","大分県 大分市 要町 1-14　アミュプラザおおいた4F","3"
"タイトーFステーションゆめタウン別府","v4Dyq1gTunbMbzURw-5u1Q","大分県 別府市 楠町 382-6　ゆめタウン別府3F","3"
"プラサカプコン大分","bbWW1ghEymkclZAo_3FTgA","大分県 大分市 公園通り西 2-1　パークプレイス大分2F","2"
"モーリーファンタジーパークプレイス大分","pME4XQusIPAKrmVbqrm0Gg","大分県 大分市 公園通り西 2-1　パークプレイス大分　イオンパークプレイス大分店2F","2"
"namcoアムス大在","8g_6g2C9KppsEhUED3880g","大分県 大分市 大在浜 2-1-1　アムス大在内","2"
"namco明野","KYY0xRPCiGDjI5NcWo9IIw","大分県 大分市 明野東 1-1-1　あけのアクロスタウン一番街4F","2"
"FESTAフリーモールわさだ","ZIaYCmI63rW-fi6bJd4PLg","大分県 大分市 木上字鉾手 2102　フリーモールわさだ内","2"
"GiGO 高城","_I4ED-ThmUUxJH1qh7R3tg","大分県 大分市 牧 1-161-8","2"
"ユーズランド三光","1p2m4QM5wYrYjDDoArIj5w","大分県 中津市 三光佐知 1032　イオンモール三光2F","2"
"トライセン中津","1_D0lme-DE2HlI2YEUD-Tw","大分県 中津市 下池永 67-3","2"
"ゆめタウン中津店ゆめキッズ","GkHfmJydTSnvL1OMiA95sA","大分県 中津市 蛭子町 3-99　ゆめタウン中津3F","2"
"G-pala 日田","OxeyBhQ3ljYV526-3w-Tcw","大分県 日田市 友田字萩鶴 986-1","2"
"パスカランド日田","e8aeCNaA2rgytZKV4X1UUQ","大分県 日田市 大字庄手 648-71　イオンタウン日田内","2"
"FESTAコスモタウン佐伯","dwd8WDB14B522gnWkuLYAw","大分県 佐伯市 鶴岡西町 2-163　コスモタウン佐伯内","2"
"namcoミスターマックス宇佐","DHJgt98K7cRE9RPklwuENw","大分県 宇佐市 法鏡寺 500　MrMax宇佐店内","2"
"モーリーファンタジー挾間","E763wRrkJ6lEb61ALM4noA","大分県 由布市 挾間町北方 77　イオン挾間SC　イオン挾間店2F","2"
"アミュージアム光吉","33RhYzV4ru5rhYVtP8IB9w","大分県 大分市 光吉 825-1　イオン光吉1F","1"
"スプロール稙田","yrm1d1Htm17K4Y2e7s1O-w","大分県 大分市 玉沢 688-1　タワーボウル稙田店6Fゲームコーナー","1"
"マンガ倉庫大分わさだ","v7RPUqVijwCDWsRZ-L-kNA","大分県 大分市 田尻 85-1","1"
"マンガ倉庫大分東","CDJG7NDCA0_YgXfCJW1xYA","大分県 大分市 皆春字内門 604","1"
"トライセン萩原","5OKjbT1PP9IdTzfNixBPxA","大分県 大分市 萩原 4-227-7　ACS3F","1"
"スマイルステーション高城","55-Atznv3J4Ou-mDBx0U9g","大分県 大分市 高城西町 28-1　イオン高城店2F","1"
"トキハ別府店ゲームコーナー","IcawyM2hSeHDd4WPqXcp9Q","大分県 別府市 北浜 2-9-1　トキハ別府店4F","1"
"GiGO 別府","JNtZX9nFDiABU1wF49EAjw","大分県 別府市 餅ケ浜町 161-2","1"
"モーリーファンタジー三光","95iJn0Gfgls646WdVfUOyw","大分県 中津市 三光佐知 1032　イオンモール三光　イオン三光店2F","1"
"ふぇすたらんど中津","BoLYetUfdzhbb05YjKQhlg","大分県 中津市 下池永 字熊本153-1　スーパーセンタートライアル中津店内","1"
"GiGO 中津","fia5QzRqFowPlwBDZHzDEg","大分県 中津市 沖代町 1-2-16","1"
"モーリーファンタジー日田","A4NT8DPzOwq9nJTRgyKhKg","大分県 日田市 南元町 14-22　イオン日田店2F","1"
"ピーターパンと仲間たち臼杵","SLUe6v4KkHTxDmRIZcYdsw","大分県 臼杵市 江無田 266-5　サンリブ臼杵2F","1"
"にこにこらんど杵築","VUG2INf4c_RZX17eNnNRKw","大分県 杵築市 杵築 北浜665-618　サンリブ杵築1F","1"
"ピノキオランド三重","yAlGbK2GuybdfOLlYO4Oog","大分県 豊後大野市 三重町赤嶺 992　スーパーセンタートライアル三重店2F","1"
"ホテルソラージュ大分・日出","lgfbSmORY4by417i9-RENA","大分県 速見郡日出町 大神 7505","1"
"ラウンドワンスタジアム宮崎","SX1sE9c6T19sNQOtmObAMg","宮崎県 宮崎市 中村東 3-4-60","4"
"namco宮交シティ","xsKHmbqotfn5ANaQHKHS8Q","宮崎県 宮崎市 大淀 4-6-28　宮交シティ3F","3"
"楽市楽座イオンモール宮崎","_Ew6-nWDQbhZE2Ek1EjsoA","宮崎県 宮崎市 新別府町江口 862-1　イオンモール宮崎2F","3"
"モーリーファンタジー南宮崎","n-B-sGDXM1K0l-Kf7UYtbQ","宮崎県 宮崎市 大淀 4-7-30　イオン南宮崎店3F","2"
"モーリーファンタジー宮崎","rP1Qwh7Tc3FMqV_MufkedQ","宮崎県 宮崎市 新別府町江口 862-1　イオンモール宮崎　イオン宮崎店2F","2"
"ドリームランド宮崎ナナイロ","9xyjhRDfYfvxiFvPmpXUQA","宮崎県 宮崎市 橘通西 3-10-32　宮崎ナナイロ西館3F","2"
"GiGO アミュプラザみやざき","43QJ-y9XHR9RfZS2vYxCuQ","宮崎県 宮崎市 老松 2-2-22　アミュプラザみやざきうみ館4F","2"
"サープラ都城あそびタウン","yr8o_SOiVkh1qMndgsOeCw","宮崎県 都城市 上川東 4-5997-4","2"
"楽市楽座イオンモール都城駅前","ynymop2V8An1_etZ4uHLag","宮崎県 都城市 栄町 4672-5　イオンモール都城駅前2F","2"
"GiGO 延岡","HsVIacf2P82cOg_tii2MZA","宮崎県 延岡市 平原町 5-1492-8","2"
"モーリーファンタジー延岡","pDiiykEnnQmp5T_cbpgCuQ","宮崎県 延岡市 旭町 2-2-1　イオン延岡SC　イオン延岡店2F","2"
"ピノキオランド日南","b8IavMrrupvfqJjVeDNsQg","宮崎県 日南市 材木町 1　日南SCサピア2F","2"
"namco日向","b7mt1hx0IIKRjBEWvAIL6A","宮崎県 日向市 日知屋 14798-1　ハイパーモールメルクス日向1F","2"
"ピノキオランド西都","Y4DfVPhKGbns_NP4x_c_LA","宮崎県 西都市 小野崎町 1-76　西都SCパオ2F","2"
"マンガ倉庫住吉","O5o3MaLSyxXsqhssB7e8dw","宮崎県 宮崎市 島之内 7315-4","1"
"マンガ倉庫加納","cn7XdqTieNgcv99kA79QZg","宮崎県 宮崎市 清武町加納 乙240","1"
"ゲームマインズ","6yFOb6KnBa9V8QAWxjT8tw","宮崎県 宮崎市 高千穂通 1-3-22　エースランド2F","1"
"ディサービスセンター元気の里","Ey7V51NohjuLQkC273sLDg","宮崎県 都城市 上川東 2-4-13","1"
"マンガ倉庫都城","vR_ZYH_5Zjvs0xJdRuFZQg","宮崎県 都城市 吉尾町 840","1"
"モーリーファンタジー都城","I_6vv3OSxHC3ZbdlLPQLyA","宮崎県 都城市 早鈴町 1990　イオン都城SC　イオン都城店2F","1"
"モーリーファンタジー都城駅前","mOOhRrNqt5AKzGJaB-kqvg","宮崎県 都城市 栄町 4672-5　イオンモールミエル都城駅前　イオン都城駅前店2F","1"
"ゲオ延岡","go-4z1I0fuiHuehZ42QqBg","宮崎県 延岡市 出北 3-19-17","1"
"スマイルステーション多々良","hasRkxRr312ceiT2i8z1GA","宮崎県 延岡市 岡富町 843　イオン多々良店1F","1"
"ファミリーランドポニー小林","zIYUhKPTEimdTY9w_12cIA","宮崎県 小林市 堤 3005-12　サンキュー小林店内","1"
"マンガ倉庫日向","fcW5RAD_FaSBcGvguS3A9w","宮崎県 日向市 日知屋 14798-1","1"
"HapipiLand日向","VtTX98XUrN5DWHJyD0Odmw","宮崎県 日向市 日知屋古田町 61-1　イオンタウン日向D棟","1"
"モーリーファンタジー日向","LAMcTEkApsceIZlgz5Clyg","宮崎県 日向市 日知屋古田町 61-1　イオンタウン日向　イオン日向店2F","1"
"タイトーステーションアミュプラザ鹿児島","kNywTTgm-TSVYk6e-K4DOA","鹿児島県 鹿児島市 中央町 1-1　アミュプラザ鹿児島6F","4"
"サープラ鹿児島あそびタウン","QIEXj9er5QSA_Y42-OjPNg","鹿児島県 鹿児島市 与次郎 1-11-1　フレスポジャングルパーク2F","3"
"サープラ天文館あそびタウン","hxnFg0QZqSyf8AszWLdn6A","鹿児島県 鹿児島市 千日町 5-6","3"
"ラウンドワンスタジアム鹿児島宇宿","pG0MLhclex8UZLAbL46sXQ","鹿児島県 鹿児島市 宇宿 2-2-2","3"
"マンガ倉庫鹿児島","jKMcQ9adOSmudTFWEZiM1g","鹿児島県 鹿児島市 小松原 1-6-7","3"
"モーリーファンタジー鹿児島","wNqY83qgs1OepXVBASJWeQ","鹿児島県 鹿児島市 東開町 7　イオンモール鹿児島　イオン鹿児島店3F","2"
"パスカランドかのや","5k8z44LGfgXvo9y-os1sUA","鹿児島県 鹿屋市 白崎町 4-1　イオンかのやSC3F","2"
"タイトーFステーションニシムタ出水","cNLILpsFb_nI3XFR7zy1gQ","鹿児島県 出水市 六月田町 347","2"
"namcoプラッセだいわ川内","LyiFshMdSjjzZeNzIv-Mlg","鹿児島県 薩摩川内市 矢倉町 4213-1　プラッセだいわ川内店2F","2"
"サープラ国分あそびタウン","2HQCIPtiC8TcVC6q1it3Tg","鹿児島県 霧島市 国分広瀬 2-4-1　フレスポ国分内","2"
"サープラ隼人あそびタウン","tkRBOy3pvH1SrbRYwQ3E0g","鹿児島県 霧島市 隼人町見次 427-1","2"
"パレット串木野","hC_YInikBHamcRkiDQyrAg","鹿児島県 いちき串木野市 東塩田町 1　ニシムタ串木野店2F","2"
"楽市楽座イオンタウン姶良","IZ8PDxAV5LbzAT9zNjZDVA","鹿児島県 姶良市 西餠田 264-1　イオンタウン姶良2F","2"
"モーリーファンタジー姶良","ufk8m9Z2kN54qJqSRFxPmw","鹿児島県 姶良市 西餠田 264-1　イオンタウン姶良　イオン姶良店3F","2"
"サープラ鹿屋あそびタウン","VOHFcBOvOZoY3OOSqN_Z3w","鹿児島県 肝属郡肝付町 富山 1008-5","2"
"ピンポンパンイオン鹿児島中央","utvczJIcYsmpVPkZRBdzOQ","鹿児島県 鹿児島市 中央町 10　イオン鹿児島中央店4F","1"
"タイトーFステーションN’sCITY谷山","lQHUST1ND8lcTvIs4djM3A","鹿児島県 鹿児島市 卸本町 5-35　ニシムタN'sCITY谷山店2F","1"
"楽市楽座オプシアミスミ","ngE56Wp-TiYWAb2RzR_6JQ","鹿児島県 鹿児島市 宇宿 2-3-5　オプシアミスミ2F","1"
"ゲームセンター電撃ベイサイド","tTp8HxhMTX_DgPlYzoRJJA","鹿児島県 鹿児島市 浜町 2-2","1"
"ファミリーランドポニー寿","90xLRl_gS22w786MLesuCg","鹿児島県 鹿屋市 寿 7-494-1　サンキュー寿店2F","1"
"マンガ倉庫鹿屋","a7vVjzfGmCzOof85an8_3Q","鹿児島県 鹿屋市 寿 8-714-2","1"
"ゲオ鹿屋","ajYjbRCvqRZrFWdEx0uJmg","鹿児島県 鹿屋市 札元 1-12-43","1"
"namcoプラッセだいわ出水","7pu6Ej8GDnuSK4e86MBP3Q","鹿児島県 出水市 本町 4-45　プラッセだいわ出水店2F","1"
"ファミリーランドポニー出水","7muAyGTG26CWeeoowk9pKA","鹿児島県 出水市 黄金町 313-1　サンキュー出水店内","1"
"Amusementcity G-STA","NYy3xJ0ulASfYkG20zvLJA","鹿児島県 薩摩川内市 向田本町 49","1"
"ファミリーランドポニー永利","T4XLuxamYLF2N6ce4ZUetQ","鹿児島県 薩摩川内市 永利町 712　タイヨー永利店内","1"
"ファミリーランドポニー伊集院","IDZ72uOfmvWQmrJCjiJdBg","鹿児島県 日置市 伊集院町徳重 274-1　山忠ビル　ソレイユタウン伊集院2F","1"
"A-Zはやと","vIo5QAXOGrM0Kmkc7PNYWQ","鹿児島県 霧島市 隼人町真孝 3677　A-Zはやと店UFOキャッチャーコーナー","1"
"モーリーファンタジー隼人国分","9yMoO3A9Deaf_ez119f1gw","鹿児島県 霧島市 隼人町見次 1229　イオン隼人国分SC　イオン隼人国分店2F","1"
"ふぇすたらんど隼人","gx5Ngy1dAoYaA_bEO0z5dg","鹿児島県 霧島市 隼人町見次 545　サンキュー隼人店内","1"
"電遊パーク志布志","p9aqaNRuxFm_4FRf3Bw4eQ","鹿児島県 志布志市 志布志町安楽 100-1","1"
"タイトーFステーションイオンプラザ大島","SD_ajFXR8niys8nP9JYh4g","鹿児島県 奄美市 名瀬小浜町 23-1　イオンプラザ大島店3Fゲームコーナー","1"
"ふぇすたらんど西加治木","0-4u3Gt6V-6m1Wd7dcFWJg","鹿児島県 姶良市 加治木町木田 159-2　タイヨー西加治木店2F","1"
"ふぇすたらんど重富","eoiGk8gk_7AOYxx6mzUjDg","鹿児島県 姶良市 平松 3675-1　タイヨー重富店内","1"
"ピノキオランド宮之城","wv_lyJjqjwBPxn2BDfeF4w","鹿児島県 薩摩郡さつま町 宮之城屋地 1508　プラッセだいわ宮之城店2F","1"
"namco那覇メインプレイス","FNmaPFcrV3mcXJBPdtB-CA","沖縄県 那覇市 おもろまち 4-4-9　サンエー那覇メインプレイス2F","5"
"ラウンドワンスタジアム沖縄・宜野湾","eoz-T4ykGEkt79e0TI5n2w","沖縄県 宜野湾市 真志喜 3-28-8","4"
"namcoサンエー浦添西海岸パルコシティ","obJOgsJ4gca8O4KbeAQVrQ","沖縄県 浦添市 西洲 3-1-1　サンエー浦添西海岸PARCO CITY 3F","4"
"namcoイオン具志川","jZl-9Ivuyao7Zy8mFF_Gdw","沖縄県 うるま市 前原幸崎原 303　イオン具志川SC2F","4"
"namcoイオンとよみショッピングセンター","h_b78wbzonJrVTP8Srhz6g","沖縄県 豊見城市 根差部 710　イオンタウンとよみ内","3"
"GiGO 北谷","Ub5WzhBVupQ3orro090CnQ","沖縄県 中頭郡北谷町 美浜 9-8　シーサイドスクウェア1F","3"
"モーリーファンタジー那覇","K7vX-4lsApGN-U9jnosI6A","沖縄県 那覇市 金城 5-10-2　イオン那覇SC　イオン那覇店3F","2"
"モーリーファンタジー名護","G1exBfnWRTeqYNf_pego_A","沖縄県 名護市 名護見取川原 4472　イオン名護SC　イオン名護店1F","2"
"namcoイーアス沖縄豊崎","oin9PBETIGucDvVg0KNZjQ","沖縄県 豊見城市 豊崎 3-35　iias沖縄豊崎3F","2"
"HapipiLand南城大里","8L65QTf4kHMVRXO76JWQ3Q","沖縄県 南城市 大里高平高宮城原 97-2　イオンタウン南城大里内","2"
"楽市楽座イオンモール沖縄ライカム","XFSWBGYFX4VUUEanfiKPrA","沖縄県 中頭郡北中城村 ライカム 1　イオンモール沖縄ライカム4F","2"
"namcoイオンタウン読谷SC","jcbhs40CILprY-WFznTNag","沖縄県 中頭郡読谷村 古堅 740　イオンタウン読谷SC内","2"
"ラウンドワン沖縄・南風原","2Tj8nWkak3ej7LBKjRZXsw","沖縄県 島尻郡南風原町 兼城 552","2"
"モーリーファンタジー南風原","i9LFLNGQSgUPmokQo-cm6w","沖縄県 島尻郡南風原町 宮平 264　イオン南風原SC　イオン南風原店2F","2"
"GiGO 那覇国際通り","Uy2ijg_m1uIcLgBEZXauSg","沖縄県 那覇市 久茂地 3-3-20","1"
"ジョイジャングル石垣","3xqyD4WQbv-RtycreK-yFA","沖縄県 石垣市 真栄里 239-18","1"
"モーリーファンタジー浦添","3xft1kLdEsOfmdi-uY1ZuA","沖縄県 浦添市 城間 4-7-1　うらそえSC3F","1"
"リトルパーク西原","l7tH-33PAI27qqhv2tFpTg","沖縄県 浦添市 当山 2-2-3　ゲオ西原店内","1"
"GiGO 沖縄アウトレットモールあしびなー","d76YBO6wF-kuMp6OSljwpA","沖縄県 豊見城市 豊崎 1-188　沖縄アウトレットモールあしびなー2F","1"
"ゲームランドジョイジャングルinとみとん","nufJ5UIbn0Cj6TT29YM_FQ","沖縄県 豊見城市 豊崎 1-411　豊崎ライフスタイルセンターTOMITON2F","1"
"モーリーファンタジー具志川","f2J12X1yI38AlykRTXVExQ","沖縄県 うるま市 前原幸崎原 303　イオン具志川SC　イオン具志川店2F","1"
"MECHAうるま","b0mg4ce-TCUKkdEWlbjeDA","沖縄県 うるま市 塩屋浜原 502-1　MECHAドン・キホーテうるま店内","1"
"沖縄具志川あそびタウン","vp_D4Bl4K2jcDHeHVEPmYQ","沖縄県 うるま市 江洲 450-1　サンエー具志川メインシティ1F","1"
"ゲームランドジョイジャングル宮古南","OvalBphb4QBnuAlFiVN7cw","沖縄県 宮古島市 平良久貝 1072-11","1"
"モーリーファンタジーライカム","FF2oDCFFJ-ZuV-bHCTXpOA","沖縄県 中頭郡 ライカム 1　イオンモール沖縄ライカム　イオンライカム店4F","1"
"ジョイジャングル美浜","DuJdE7b_npU5kXGrH_7YZA","沖縄県 中頭郡北谷町 美浜 15-68　ドラゴンパレス2F","1"
"モーリーファンタジー北谷","hHRjavqRUh4o28H5n_EOYA","沖縄県 中頭郡北谷町 美浜 8-3　イオン北谷SC　イオン北谷店2F","1"
"沖縄西原あそびタウン","MKc6GfWj51TbkJvYJwVRSw","沖縄県 中頭郡西原町 嘉手苅 130　サンエー西原シティ2F","1"
"アミュージアム南風原","qMDbDfL9gebqiPZBvvU9lQ","沖縄県 島尻郡南風原町 宮城 371-1","1"