name,address,loc_id,latitude&longitude,pcb_count
"アミューズアイランド金沢","石川県 金沢市 福久 2-58　イオン金沢店3F","_VO1zsJwtlWHnvsymNsXmg","","","1"
"ファンタジープラザ金沢","石川県 金沢市 西泉 4-11　MEGAドン・キホーテ　ラパーク金沢店2F","TVO4uCV1hxhgRHOuUVfl9w","","","1"
"GiGO アルプラザ金沢","石川県 金沢市 諸江町 30-1　アル・プラザ金沢2F","WRKaPuLi44RCcBvVizd2bA","","","1"
"アミュージアム小松","石川県 小松市 園町 ハ23-1　アル・プラザ小松2F","VxpS3_r4IFVTT5ixj12z1Q","","","1"
"ゲームゾーン小松","石川県 小松市 平面町 ア69　イオン小松店1F","-LPBBOwE8VocOG0Bv0zB4w","","","1"
"モーリーファンタジー新小松","石川県 小松市 清六町 315　イオンモール新小松3F","TVs3R_C9NdtvefGQ6rZFJw","","","1"
"アミューズアイランド加賀の里","石川県 加賀市 上河崎町 47-1　イオン加賀の里店2F","gIWzGL9zmtOmJOSlVuQtyA","","","1"
"ゲームパークMECHA加賀","石川県 加賀市 作見町 ル25-1　アル・プラザ加賀2F","HirgllGvM3s2NYjRC-mRaw","","","1"
"モーリーファンタジーかほく","石川県 かほく市 内日角 タ25　イオンモールかほく　イオンかほく店2F","3852-qxMu4dNCqqHcdfHIg","","","1"
"ゲームゾーン松任","石川県 白山市 平松町 102-1　イオン松任店2F","3ekOqAzgIIjCTY9l8LvQ5w","","","1"
"モーリーファンタジー白山","石川県 白山市 横江町 5001　イオンモール白山　イオンスタイル白山店3F","K7Xp4XDcyTRbChmD23Lq3w","","","1"
"手取フィッシュランドゲームコーナーJOY PARK","石川県 能美市 粟生町 ツ58　手取フィッシュランド内","YX78tN7-Ws-b5-OTWJm54Q","","","1"
"ゲオ金沢御経塚","石川県 野々市市 御経塚 5-62","Yl8JDUMHsUkHyhLtxyHOww","","","1"
"アミュージアム津幡","石川県 河北郡津幡町 北中条 1-1　アル・プラザ津幡2F","p8ageckNW5EVTRn0-1NdPw","","","1"
"プラント津端","石川県 河北郡津幡町 庄 ヌ3","wLESU-sZG55GrWLxe-V4LQ","","","1"
"ゲオ津幡","石川県 河北郡津幡町 横浜へ 24-5","kHY7n1CHnaoC56KaPrOnMA","","","1"
"福井レジャーランド板垣","福井県 福井市 下馬 3-112","ZWyJV2AbZSs5k6Pw9Z3Izg","","","3"
"フクイレジャーランドワイプラザ","福井県 福井市 新保北 1-303　パワーシティフクイワイプラザB棟2F","WLk9eDt9x-cYYdo1xn80iQ","","","3"
"GiGO 福井","福井県 福井市 丸山 1-410","g_igsDbYN_nQ1wSbvORdzw","","","2"
"Let's Waku2 エルパ","福井県 福井市 大和田 2-1212　フェアモール福井　ラブリーパートナーLPA2F","kMwXaX4qC8RE4J7zaHivbA","","","2"
"namcoフェアモール福井大和田","福井県 福井市 大和田 2-1230　フェアモール福井　アピタ福井大和田店2F","EuwfrAwhUjOUSWWCVy6knA","","","2"
"Let's Waku2 ジョイランドベル","福井県 福井市 花堂南 2-16-1　ショッピングシティベル2F","6rc3PUHxIZEgdQ2-UjKUag","","","2"
"テクモピア福井開発","福井県 福井市 西開発 3-205　そよら福井開発店2F","Yd_9QEryGAFoS1qJ2og-Ig","","","2"
"namcoMEGAドン・キホーテUNY福井","福井県 福井市 飯塚町 11-111　MEGAドン・キホーテUNY福井店2F","YeFxpGAiduSu1ig46VGv0g","","","2"
"namcoMEGAドン・キホーテUNY敦賀","福井県 敦賀市 中央町 1-5-5　MEGAドン・キホーテUNY敦賀店2F","imQG3MyuDDXFxgc44VLhDw","","","2"
"ジョイランド敦賀","福井県 敦賀市 木崎 40　土三田12","dtX0wG3vlJ0_sD3GKPfefA","","","2"
"モーリーファンタジー福井","福井県 福井市 松城町 12-7　パリオCITY2F","SBaNag7GI1YfYo5E1ozGxA","","","1"
"オモローランドベル","福井県 福井市 花堂南 2-16-1　ショッピングシティベル2F","EngsdQWB_ZCKSQsDwa0LTA","","","1"
"オモローランド敦賀","福井県 敦賀市 白銀町 11-5　アル・プラザ敦賀6F","Tmc2u0YEtb9lZJtYMeL7aw","","","1"
"タイトーFステーションアル・プラザ鯖江","福井県 鯖江市 下河端町 16-16-1　アル・プラザ鯖江内","Tw-e_MswobmAmu8kR-ixZg","","","1"
"アル・プラザボウル鯖江","福井県 鯖江市 下河端町 16字下町16-1","k_FpEzm8tD_o_2VIrDNXSw","","","1"
"モーリーファンタジー鯖江","福井県 鯖江市 下河端町 16字下町16-1　アル・プラザ鯖江2F","ij9tm-lILDqpp0PpCJ8E8A","","","1"
"GiGO 武生","福井県 越前市 新町 3字13-4　シピィタウン内","vdrljDhJDOOKnaNZEC_GFA","","","1"
"キッズサーカスシピィ","福井県 越前市 新町 7-8　シピィ本館2F","HlHTz88n2iKnrzitWLxiBA","","","1"
"PALO武生","福井県 越前市 横市町 28-14-1　エスカモール武生楽市2F","Q4SOihzBN7EvSASDOFXP0A","","","1"
"オモローランドイーザ","福井県 坂井市 三国町三国東 5-1-20　みくにショッピングワールド・イーザ内","OShid863rMRLt71tkhRW4g","","","1"
"ファンタジーランドアミ","福井県 坂井市 春江町随応寺 16-11　アル・プラザアミ2F","f8g4frdahyYblcn-ONmWmg","","","1"
"ゲームパニック甲府","山梨県 甲府市 国母 5-20-24","7wX9Fw_tKIiJBrIGi8Y0Cw","","","3"
"プラサカプコン甲府","山梨県 中巨摩郡昭和町 西条字北河原 3717","UzSf8ZyfrDUWq0Ymx_ERdQ","","","3"
"Game Q","山梨県 富士吉田市 上吉田 2-5-1　富士山駅ビルQ-STA 4F","Yc3taUIAXKJa96obSb2ZYQ","","","2"
"モーリーファンタジー甲斐敷島","山梨県 甲斐市 中下条 2000-1　ビバモール甲斐敷島内","R0cMmB-_4IQjWssddvSYRA","","","2"
"タイトーFステーションラザウォーク甲斐双葉","山梨県 甲斐市 志田 616-1　ラザウォーク甲斐双葉　アミューズメント棟2F","wTVOCse8TBFn2s3FKKqRzA","","","2"
"ハローズガーデン石和","山梨県 笛吹市 石和町窪中島 154　アピタ石和店2F","dAZOm9WtME7sWqLX4NHXHw","","","2"
"カバロ甲府昭和","山梨県 中巨摩郡昭和町 西条 13-1　イトーヨーカドー甲府昭和店2F","vk-e7zy6pbP5SJZAGGZMfw","","","2"
"イトーヨーカドー甲府昭和","山梨県 中巨摩郡昭和町 西条 13-1　イトーヨーカドー甲府昭和店内","lcyCY_QMWUaN1AjJpSCSkw","","","2"
"楽市楽座イオンモール甲府昭和","山梨県 中巨摩郡昭和町 飯喰 1505-1　イオンモール甲府昭和2F","PlBY0UZ0a25uKvi8D3lipw","","","2"
"モーリーファンタジー甲府昭和","山梨県 中巨摩郡昭和町 飯喰 1505-1　イオンモール甲府昭和　イオン甲府昭和店3F","ZDrJWnaC3q4aioaeK4TfHA","","","2"
"アミュージアム南アルプス","山梨県 南アルプス市 小笠原 1423-1　スーパーセンタートライアル南アルプス店1F","D4gZ5FZBTfQNbiaSaA-2ew","","","1"
"石和健康ランド","山梨県 笛吹市 石和町松本 868","cGJ2C_Z2Wjwa3BB5-ajJsg","","","1"
"モーリーファンタジー石和","山梨県 笛吹市 石和町駅前 16-1　イオン石和店3F","g6F_wTriuFEX03IwuSCnbg","","","1"
"スイーツ・ハートオギノリバーシティ","山梨県 中央市 山之神 1122","gfkkNrIQlvu_ip8doce9Pg","","","1"
"アミュージアム河口湖","山梨県 南都留郡富士河口湖町 船津 2986　河口湖SCベル3F","1X7WwBuuS3a9obaD8i0u2w","","","1"
"ラウンドワンスタジアム長野","長野県 長野市 東和田 827-6","mtkQGduLJYTjzlLD9puRVQ","","","5"
"namcoイオンモール佐久平","長野県 佐久市 佐久平駅南 11-10　イオンモール佐久平2F","1RsheCe3BSTwVdRpAQ-k3A","","","4"
"アピナ長野川中島","長野県 長野市 川中島町御厨 967-1","SM0BfPwPAhxqiiqgJLEC-g","","","3"
"アピナ松本","長野県 松本市 双葉 19-10","qed73OVsGkV6th9FBRftWw","","","3"
"namcoアリオ上田","長野県 上田市 天神 3-5-1　アリオ上田1F","QN9EKcZSRpvwwom-phZkwg","","","3"
"アピナ上田","長野県 上田市 秋和 359-1","6iA3uwN3-S_WBQxJDNlOIA","","","3"
"クレーンパラダイス諏訪","長野県 諏訪市 沖田町 5-26　諏訪ステーションパーク内","fhAPQDUorZtPuUIIQpaQQg","","","3"
"アピナ伊那","長野県 伊那市 西町 5093","OH6diM2JRPH9tAKQLEiE7Q","","","3"
"アピナ塩尻","長野県 塩尻市 広丘野村 1794-1","TAGP6HcIYQ9m3TArdFknZQ","","","3"
"アピナ長野駅前","長野県 長野市 南石堂町 1418","1WvXx816lWyGfApjNfKf1g","","","2"
"アピナ長野村山","長野県 長野市 村山 502-1","_5YOgmO2urPP8OY4VAT_GA","","","2"
"アピナ長野大橋","長野県 長野市 若里 7-9-12","DNlMuFStX6DrakNL_2Pl5A","","","2"
"サープラ長野あそびタウン","長野県 長野市 鶴賀権堂町 1506-3　長電権堂第2ビル1F","VAVi8zT7HVSjSw0vHySEnQ","","","2"
"楽市楽座イオンモール松本","長野県 松本市 中央 4-9-51　イオンモール松本　風庭2F","vJv2AXw1kuBDRlNgwJxwBg","","","2"
"GiGO イオンスタイル上田","長野県 上田市 常田 2-12-18　イオンスタイル上田店内","D7jIwdhp_Ktlf441ppLDkQ","","","2"
"モーリーファンタジー上田","長野県 上田市 常田 2-12-18　イオン上田SC　イオン上田店2F","MO2iGJ8s5tVngYbYC2FB9w","","","2"
"レイクウォーク岡谷店ゲームコーナー","長野県 岡谷市 銀座 1-1-5　レイクウォーク岡谷2F","z2PDZf3VNoecmsvK0NZ4SA","","","2"
"アピナ飯田","長野県 飯田市 座光寺 3728-1","I2xwQDD_qRrM0jcvLAQoWA","","","2"
"アピタ飯田店ゲームコーナー","長野県 飯田市 鼎名古熊 2461　アピタ飯田店2F","mdbWMJ4W3oFBFtY4RSdIew","","","2"
"ASOBLEイオンモール須坂","長野県 須坂市 福島 386-1　イオンモール須坂3F","MCoQEE67TwFVtL4ngORf0A","","","2"
"アピナ佐久インター","長野県 佐久市 岩村田北 1-13-1","Mi8yNR282Jphzz59EMAu6A","","","2"
"ソユーゲームフィールドイオンタウン長野三輪","長野県 長野市 三輪 9-43-24　イオンタウン長野三輪2F","IrTJ5cptD14smEODxuud2A","","","1"
"ゲームピコ若里","長野県 長野市 若里 3-22-1　ケーズタウン若里SC2F","hrxNpUUDp_vJC_w6-eAl6Q","","","1"
"アピナ長野スカイバッティングセンター","長野県 長野市 若里 7-3-8","8QeHIupvkSYkiWUcPGpIpA","","","1"
"ファンタジープラザ長野","長野県 長野市 高田 1758　MEGAドン・キホーテ長野店2F","pm69YfUIQZoUlt-DsmQiVg","","","1"
"モーリーファンタジー松本","長野県 松本市 中央 4-9-51　イオンモール松本　イオンスタイル松本3F","OdoGeHe3m3nj6EBs-LAdrw","","","1"
"モーリーファンタジー南松本","長野県 松本市 双葉 5-20　イオン南松本店2F","9QQ-Mamj3sch4g8t3ziSCw","","","1"
"GiGO 上田","長野県 上田市 上田 1847-1","OvpyhCRbuuC2iAel2RobQw","","","1"
"ゲームゾーン岡谷","長野県 岡谷市 中央町 2-2-1　イルフプラザアミューズメント1F","kJUEnf9RwnrLOOXpLm-jPg","","","1"
"GiGO 岡谷","長野県 岡谷市 塚間町 2-1-21","Kw7mxCIFifPxu3t2DxU9Jw","","","1"
"イオン飯田ゲームコーナー","長野県 飯田市 上郷飯沼 1575　イオン飯田店2F","IIpjZrtK4V7u2nLU6bk67Q","","","1"
"モーリーファンタジー飯田アップルロード","長野県 飯田市 鼎一色 456　イオン飯田アップルロード店2F","f01_e6fG278Mvt73t3t3wg","","","1"
"ゲオ須坂","長野県 須坂市 墨坂 2-6-1","D2Gp57YXxbpvELSISJZ6Ug","","","1"
"モーリーファンタジー須坂","長野県 須坂市 福島 386-1　イオンモール須坂3F","XcweC_pNaEddhOBR8JFW2g","","","1"
"ファンタジープラザ伊那","長野県 伊那市 西町 5182-1　アピタ伊那店3F","oXLh4Y9hhbbjEzcnK1L3yg","","","1"
"タカラ島駒ヶ根","長野県 駒ヶ根市 赤穂 1568　ベルシャイン駒ヶ根店1F","Dmi4JGq35lwpdLh_uQ1M5A","","","1"
"モーリーファンタジー中野","長野県 中野市 一本木 252-1　イオン中野SC　イオン中野店2F","oj-r42bliqPUCDNqBFhLIw","","","1"
"蓼科グランドホテル滝の湯","長野県 茅野市 北山 4028","or7yUhxbiiQQrMu9IAmAag","","","1"
"スイーツ・ハートオギノ茅野","長野県 茅野市 塚原 1-17-1　オギノ茅野SC2F","BrAK5P4Vwx_iAh8bgV9wcQ","","","1"
"信州健康ランド","長野県 塩尻市 広丘吉田 366-1","e9jOja62CR9EsP4TxnaFvQ","","","1"
"モーリーファンタジー佐久平","長野県 佐久市 佐久平駅南 11-10　イオン佐久平2F","AmzvciUb564s3k7ksdfAlA","","","1"
"ベイシア更埴店あそびのくに","長野県 千曲市 桜堂 西沖333-1　ベイシア更埴店内","yVLlc-403qcbd2xCHcPUMg","","","1"
"HapipiLand豊科","長野県 安曇野市 豊科 4272-10　イオン豊科店内","efLlNACIrRjzxmYr2aFVbA","","","1"
"GiGO 豊科","長野県 安曇野市 豊科南穂高 1115　スワンガーデン安曇野内","Ezw192oIdvbY3XTMK6iDpg","","","1"
"namco軽井沢プリンスショッピングプラザ","長野県 北佐久郡軽井沢町 軽井沢字中谷地 1178　軽井沢・プリンスショッピングプラザ　軽井沢プリンスボウル1F","cuIFkhQs6XbpkicpAKg5eg","","","1"
"ファンタジープラザ高森","長野県 下伊那郡高森町 山吹 4515　MEGAドン・キホーテUNY高森店1F","8xa6QLLXok-V_8oeNFjuPw","","","1"
"タイトーステーションアイシティ21松本","長野県 東筑摩郡山形村 字北野尻 7977　アイシティ21　1F","rurVSqGLHo7iwaF6qJoCeQ","","","1"
"namcoイオンモール各務原インター","岐阜県 各務原市 那加萱場町 3-8　イオンモール各務原インター2F","WR1X4yR4w5-fvEuhE_rQfg","","","6"
"岐阜レジャーランド穂積","岐阜県 瑞穂市 稲里 630","1agMaI4AB6Bbll5yz2wxwg","","","5"
"namcoカラフルタウン岐阜","岐阜県 岐阜市 柳津町丸野 3-3-6　カラフルタウン岐阜内","gu6bP01vozqB2c98kQBy1Q","","","3"
"モーリーファンタジーf 岐阜","岐阜県 岐阜市 正木中 1-2-1　マーサ21北館3F","K3hlYBNGk4tCFjWTWD6S1A","","","3"
"MIRAINOイオンモール土岐","岐阜県 土岐市 土岐津町土岐口 中山1372-1　イオンモール土岐2F","S5XD8OEVvMYJ3fWCPzX0SQ","","","3"
"アピナ各務原","岐阜県 各務原市 蘇原花園町 2-9-1","WEm1FjowjMejJWcNJVF-tg","","","3"
"ラウンドワンモレラ岐阜","岐阜県 本巣市 三橋 1100　モレラ岐阜2Fスノープラザ","fW2gQxdnbte1vICi7PDyfA","","","3"
"ACグランド茜部","岐阜県 岐阜市 茜部大川 1-77","jPwNjqwZCslQP_vXF_Gg3w","","","2"
"大垣メトロポリス","岐阜県 大垣市 三塚町字西沼 523-1","mNVlWYaAAr61_shqPII7fQ","","","2"
"namcoイオンモール大垣","岐阜県 大垣市 外野 2-100　イオンモール大垣2F","u9HdqxYsqWqUoxMeRFxi9A","","","2"
"GiGO アクアウォーク大垣","岐阜県 大垣市 林町 6-80-21　アクアウォーク大垣2F","SS2Czmo54CZYP7bZOmz6Hw","","","2"
"(株)清水屋多治見","岐阜県 多治見市 西坂町 5-31-1　多治見インターモール1F","cy1yTiYsufE4_G-pOjHRkg","","","2"
"モーリーファンタジー関","岐阜県 関市 倉知 516　サンサンシティマーゴ　イオン関店1F","WMXVvqksuOvOGPV6tbU9lQ","","","2"
"GiGO マーゴ関","岐阜県 関市 倉知 516　サンサンシティマーゴ　シネマ館2F","wuQMR0eWodVqLDThmfEcBw","","","2"
"アピナ美濃加茂","岐阜県 美濃加茂市 野笹町 2-5-65　MEGAドン・キホーテUNY美濃加茂店2F","o0Q77adzNppGY7cX4z6ijw","","","2"
"モーリーファンタジー各務原","岐阜県 各務原市 那加萱場町 3-8　イオンモール各務原　イオン各務原店3F","WS6fZsnw8n1BmmZdT9OYgA","","","2"
"ゲームピコ鵜沼","岐阜県 各務原市 鵜沼西町 3-309　イオンタウン各務原鵜沼内","HQaVPyhaNgkdhwlq_c2jZg","","","2"
"namcoモレラ岐阜","岐阜県 本巣市 三橋 1100　モレラ岐阜2F","cLbbLhQ53sc0F2px2Bg2vg","","","2"
"アピナ本巣","岐阜県 本巣市 政田 下西浦1986　イオンタウン本巣内","O_eP41jzbXSatMyD4mRvZQ","","","2"
"ザ・ビッグ池田","岐阜県 揖斐郡池田町 八幡字東光田 1972-1　ザ・ビッグエクストラ岐阜池田店内ゲームコーナー","O8S5TQ8_qoD97ZvYWOfQPA","","","2"
"アピナ岐阜北方","岐阜県 本巣郡北方町 曲路東 3-1-1　イオンタウン岐阜北方内","8ZdA99xTXIekFiQA9ZrHtQ","","","2"
"ハローズガーデン御嵩","岐阜県 可児郡御嵩町 上恵土 1052-1　ラスパ御嵩店2F","9M2LNBP2jCbKAudQb3x5Og","","","2"
"G-SQUAREMEGAドン・キホーテUNY岐阜","岐阜県 岐阜市 加納神明町 6-1　MEGAドン・キホーテUNY岐阜店3F","MzVxls40J3vffqtg_5AC3A","","","1"
"ファンタジアン柳津","岐阜県 岐阜市 柳津町上佐波西 3-68","Y7TP85w06aUeOJw0AquyGw","","","1"
"GiGO Vタウン芥見","岐阜県 岐阜市 芥見南山 2-1-8　Vタウン芥見内","jYvzEYg36jHwSMsnYS-PvQ","","","1"
"イオンタウン大垣ゲームコーナー","岐阜県 大垣市 三塚町 丹瀬463-1　イオンタウン大垣 EAST棟1F","IKKWukRbksntFlmm0UBtPA","","","1"
"モーリーファンタジー大垣","岐阜県 大垣市 外野 2-100　イオンモール大垣　イオン大垣店2F","SWGDEoaBOBrBcDER9xcBxw","","","1"
"タイトーFステーションアル・プラザ鶴見","岐阜県 大垣市 鶴見町 字上渡瀬641-2　アル・プラザ鶴見2F","i2OxPUAid3Txi-7Jv2kD6w","","","1"
"GiGO 高山","岐阜県 高山市 上岡本町 7-7","smfm7NGN5T2w5JBHijcVPg","","","1"
"G-SQUAREラクール飛騨高山","岐阜県 高山市 国府町金桶 41　スーパーセンターシマヤラクール飛騨高山店本館2F","BbX9Mjbs3ckYvvThyMuuIg","","","1"
"ルビットランド高山","岐阜県 高山市 岡本町 3-18-2　ルビットタウン高山2F","_XFMWY8kvSwDNVQU58wpzg","","","1"
"ゲオ高山昭和","岐阜県 高山市 昭和町 1-123-1","wREJjJLr-ijOzdwRe5wBVQ","","","1"
"ハローズ多治見","岐阜県 多治見市 住吉町 3-19-1　ピアゴ多治見店内","LQTEiapiCG1vfe43fsjWOA","","","1"
"バローランド中津川","岐阜県 中津川市 淀川町 3-8　ルビットタウン中津川2F","B2Wk8Y9-VeHsfS9lFNk-3w","","","1"
"バローランド羽島","岐阜県 羽島市 江吉良町 2939　スーパーマーケットバロー羽島インター店1F","rdq34iCeUExWM4ex0lUSdg","","","1"
"バロー恵那","岐阜県 恵那市 大井町 180-1　スーパーマーケットバロー恵那店内ゲームコーナー","nUBW9StKB1LFB-5ugG1BEQ","","","1"
"ファンタジープラザ恵那","岐阜県 恵那市 長島町正家 2-2-17　ピアゴ恵那店1F","ZcNQBfBj7j_7daIVgMDdxA","","","1"
"ASCH美濃加茂","岐阜県 美濃加茂市 山手町 2-56-1　METRO SQUARE 2F","s27jO8khcJdqvIhhZwAFOg","","","1"
"MEGAドン・キホーテUNY美濃加茂店マンタ","岐阜県 美濃加茂市 野笹町 2-5-65　MEGAドン・キホーテUNY美濃加茂店2F","GodAYESZJVIvUEwrM9mmtA","","","1"
"モーリーファンタジー土岐","岐阜県 土岐市 土岐津町土岐口 1372-1　イオンモール土岐2F","Z5sPqhWYjHp1gYkBKFTQFQ","","","1"
"スーパーマーケットバロー三起屋店3Fゲームコーナー","岐阜県 土岐市 泉町久尻 42‐11","wxVOP7vhkQcyUn2UvbrCdw","","","1"
"ハローズガーデン各務原","岐阜県 各務原市 鵜沼各務原町 8-7　アピタ各務原店2F","6lXMc__p4IMGNcpsxAHYqQ","","","1"
"パラボランド鵜沼","岐阜県 各務原市 鵜沼西町 2-165　MEGAドン・キホーテ鵜沼店内","V5gJbQ7KtuVLQxkvFhp8Qg","","","1"
"ファンタジックランド可児","岐阜県 可児市 下恵土 5750　可児ショッピングプラザパティオ3F","r3YF1v8Tujv53hZ9Al1OUA","","","1"
"GiGO ドン・キホーテUNY可児","岐阜県 可児市 中恵土字溝向 2120-1　ドン・キホーテUNY可児店1F","XycdoUEtKFEKZIpsNYo2ZA","","","1"
"水明館","岐阜県 下呂市 幸田 1268","9mfKwIUZwV14gjdKw2TLWw","","","1"
"Asobi no すてぇじ！養老","岐阜県 養老郡養老町 宇田字郷勺 561　イオンタウン養老SC内","55cQph4q6ms9OF4hZQLh4g","","","1"
"Asobi no すてぇじ！輪之内","岐阜県 安八郡輪之内町 四郷新開 229　イオンタウン輪之内SC内","aOjktmOwa666SB27aPfXpw","","","1"
"サープラOZ浜松あそびタウン","静岡県 浜松市中央区 宮竹町 322-1","cJte6SmwMdynRQtj7TAWzg","","","4"
"GiGO サントムーン柿田川","静岡県 駿東郡清水町 玉川 61-2　サントムーン柿田川本館2F","tDPJ7aoBHdEBxayj5DNgjQ","","","4"
"SUPER WAVE 静岡","静岡県 静岡市清水区 鳥坂 860　フレスポ静岡2F","PHT_UCfRF8yFopGUqjx9tQ","","","3"
"サープラ静岡あそびタウン","静岡県 静岡市葵区 伝馬町 6-1　けやきプラザ 3F","X0-wfvDMCvfkgBNLqg-Ulw","","","3"
"タイトーFステーション静岡","静岡県 静岡市葵区 呉服町 2-5-4　ふしみや第2ビル","EXc5fyzsxUwqSegqaShX4A","","","3"
"ラウンドワンスタジアム浜松","静岡県 浜松市中央区 天王町字諏訪 1981-17","2TSaEN20zY4V3zgbrgdB6A","","","3"
"タイトーFステーションイオンモール浜松市野","静岡県 浜松市中央区 天王町字諏訪 1981-3　イオンモール浜松市野2F","kcpL5JWPjQI0M5b6ZaPo-w","","","3"
"アピナ浜松","静岡県 浜松市中央区 葵西 2-27-10","KG0rPafZIe3cQjan1W9pPQ","","","3"
"サープラ沼津あそびタウン","静岡県 沼津市 大手町 1-1-5　BiVi沼津3F","3Ut78GX9Hbxg9YQCls1-8A","","","3"
"アミューズメントワールドららぽーと沼津","静岡県 沼津市 東椎路 東荒301-3　ららぽーと沼津3F","pOb3cp0ax2XCkIbcTAQNRg","","","3"
"モーリーファンタジー富士宮","静岡県 富士宮市 浅間町 1-8　イオンモール富士宮　イオン富士宮店2F","QqJai8hBEenkX11cC4zk-w","","","3"
"ラウンドワン富士","静岡県 富士市 八代町 4-15","FFyrJcdRyexXwn513WFnog","","","3"
"サープラ富士あそびタウン","静岡県 富士市 永田町 2-94","RHawD67MXmQfL_8mcHIoWw","","","3"
"モーリーファンタジー清水","静岡県 静岡市清水区 上原 1-6-16　イオン清水店2F","G3ruIjYUvvWpGCydyLBnkw","","","2"
"カプコンマークイズ静岡","静岡県 静岡市葵区 柚木 191　マークイズ静岡3F","VH61ayrgVeWZlVlYKNQ57A","","","2"
"プラザアピア静岡","静岡県 静岡市駿河区 中吉田 15-8　プラザアピア静岡2F","MOlmgM5Q20krfJ3DVROAyQ","","","2"
"ラウンドワン静岡・駿河","静岡県 静岡市駿河区 手越 75","hMvPUTrgPP5NWj1bNbejwA","","","2"
"カバロ静岡","静岡県 静岡市駿河区 曲金 3-1-5　イトーヨーカドー静岡店2F","5YIvCP_Wo57D3S-rHYJkkQ","","","2"
"ポート24浜松","静岡県 浜松市中央区 坪井町 4183-1","AViiQmqRZZoSLsbZKrvH_g","","","2"
"モーリーファンタジー浜松市野","静岡県 浜松市中央区 天王町字諏訪 1981-3　イオンモール浜松市野　イオン浜松市野店2F","7n0TNVRAg0RUextN2F5o7A","","","2"
"プラサカプコン志都呂","静岡県 浜松市中央区 志都呂 2-37-1　イオンモール浜松志都呂3F","Ww-rnao5zP6GvFaRr2C_qA","","","2"
"モーリーファンタジー浜松志都呂","静岡県 浜松市中央区 志都呂 2-37-1　イオンモール浜松志都呂　イオン浜松志都呂店3F","4Yei0Mi_oOCxvnhYqNVWkA","","","2"
"タイトーステーション新浜松ザザシティ","静岡県 浜松市中央区 鍛冶町 15　ザザシティ浜松西館2F","LM_J19uHzMZaiZnkp3wsYQ","","","2"
"楽市楽座サンストリート浜北","静岡県 浜松市浜名区 平口 2861　サンストリート浜北2F","yb8RIeGXGOmavQgnTLmy7g","","","2"
"namcoプレ葉ウォーク浜北","静岡県 浜松市浜名区 貴布祢 1200　プレ葉ウォーク浜北2F","9p1y3chpVlW3fNBerKFBWA","","","2"
"ジョイランドアミューズ原","静岡県 沼津市 原町中 2-14-8","MF4RL_cs5aDZRPRNoA1naA","","","2"
"わいわいランド三島","静岡県 三島市 中田町 9-30　イトーヨーカドー三島店3F","Tpe9ano8T1ZMKFHg9p2zhQ","","","2"
"タイトーFステーションイオンモール富士宮","静岡県 富士宮市 浅間町 1‐8　イオンモール富士宮3F","XabR2zEJCSQrq3sELKqQQg","","","2"
"サープラ島田あそびタウン","静岡県 島田市 中溝町 2531","VkHz75A5iJmLGF55D2GnKA","","","2"
"ハローズガーデン島田","静岡県 島田市 宝来町 8-2　アピタ島田店2F","ZGH7DHEQMHsezXUTLGD1ug","","","2"
"キッズトレイン富士","静岡県 富士市 八幡町 6-3　マックスバリュ富士八幡町店1F","vthWSWZdzYNzgUOX1AD_yQ","","","2"
"モーリーファンタジーf 富士南","静岡県 富士市 鮫島 118-10　イオンタウン富士南2F","pAoxxQ56xzWjFYvDlHIhow","","","2"
"namcoアピタ磐田","静岡県 磐田市 今之浦 3-1-11　アピタ磐田店2F","mHsvw-ltyLUyR4PAQ2wTqg","","","2"
"アピナ磐田","静岡県 磐田市 西貝塚横須賀道北 3690　イオンタウン磐田内","nHPUO-F6j2G8-LnbJfoIgg","","","2"
"namcoららぽーと磐田","静岡県 磐田市 高見丘 1200　ららぽーと磐田2F","Pr_kGKNYrXpbLaclmMZrJQ","","","2"
"サープラ焼津あそびタウン","静岡県 焼津市 八楠 3-18-5","jR7ZA3AhgpaOOyAdGN4Rbw","","","2"
"モーリーファンタジー焼津","静岡県 焼津市 祢宜島 555　イオン焼津SC　イオン焼津店2F","LK1lVNEiK5yZZVzIvPwGfw","","","2"
"アピナ焼津","静岡県 焼津市 道原 585","J4XS18eZYZosPz8KO6Lyaw","","","2"
"GiGO 掛川","静岡県 掛川市 細田 248","RhCAHN7sK8RD4UAtY8erKA","","","2"
"パレット藤枝","静岡県 藤枝市 前島 1-7-10　BiVi藤枝店4F","B1NUMXGx0kPNu1vllgxWKw","","","2"
"タイトーステーションウェルディ長泉","静岡県 駿東郡長泉町 下長窪 1076-1　ウェルディ長泉2F","Tln1UAlWVTs8xi93xm-EHw","","","2"
"アミュージアム清水","静岡県 静岡市清水区 入船町 13-15　エスパルスドリームプラザ3F","ToCaOCsPxW6RPCkPFHbzrw","","","1"
"駿河健康ランド","静岡県 静岡市清水区 興津東町 1234","24kLPJREHNa5fbPGp120-Q","","","1"
"GiGO ベイドリーム清水","静岡県 静岡市清水区 駒越北町 8-1　ベイドリーム清水2F","DsvpnbC9Xcr7wXrO_Yfydw","","","1"
"GiGO 静岡","静岡県 静岡市葵区 七間町 4","vnkxF2KMjrx_1zzy5jtkHw","","","1"
"Cute静岡東急スクエア","静岡県 静岡市葵区 伝馬町 6-1　静岡東急スクエアB1F","U_HON3bsidoAT8maGt7LAA","","","1"
"キッズバネット静岡","静岡県 静岡市葵区 柚木 1026　マークイズ静岡3F","z6zExrcc7NXZANylakVD8w","","","1"
"アップル新北街道","静岡県 静岡市葵区 沓谷 5-13-4","ZWsAHzLixCUK5En4Ci7HEA","","","1"
"コジマ×ビックカメラ静岡","静岡県 静岡市駿河区 国吉田 1-1-57　コジマ×ビックカメラ静岡店内アミューズメントコーナー","A5l2fJNXQtHFxY1wgAv9Gg","","","1"
"モーリーファンタジーイオンセントラルスクエア静岡","静岡県 静岡市駿河区 石田 1-5-1　イオンセントラルスクエア静岡　イオンスタイル静岡店2F","pX7mZrXovJGhrbN2177OSA","","","1"
"モーリーファンタジー浜松西","静岡県 浜松市中央区 入野町 6244-1　イオン浜松西SC　イオン浜松西店3F","Ji3_j1fKoNx7kU42SfPIiA","","","1"
"fun portラフレ初生","静岡県 浜松市中央区 初生町 626-1　ラフレ初生B1F","fzA26z1ZUO-TBq-woZLnYg","","","1"
"ゲームすぽっとMEGAドン・キホーテUNY浜松泉町","静岡県 浜松市中央区 泉 1-6-1　MEGAドン・キホーテUNY浜松泉町店2F","LpT6s_BpT9nuFPr1D6zNfA","","","1"
"プラサカプコンパルパル","静岡県 浜松市中央区 舘山寺町 1891　ゆうえんち浜名湖パルパル内ゲームコーナー","jXCsSBOLAqnDeeitywtwoA","","","1"
"タイトーFステーションプレ葉ウォーク浜北","静岡県 浜松市浜名区 貴布祢 1200　プレ葉ウォーク浜北2F","-8KCkTT0Eu3-18y4Tf49_Q","","","1"
"沼津バッティングスタジアム","静岡県 沼津市 岡一色三竹道 19-2","HrSbB4dgHimyWcyWOWjhPw","","","1"
"キッズトレイン熱海","静岡県 熱海市 中央町 19-39　マックスバリュ熱海店内","Jd9XFKOtZS39upLQcuzvIg","","","1"
"亀の井ホテル熱海","静岡県 熱海市 水口町 2-12-3　ゲームコーナー","XnPhxWpT7i_juUYi0_GOKQ","","","1"
"ホテルニューアカオオーシャン・ウィング","静岡県 熱海市 熱海 1993-250","Vx7WXyC173IVYxObdNNx9w","","","1"
"ジョイランドアミューズみしま","静岡県 三島市 梅名 308-6　2F","qNZ2nf0AO7H26fEyVBUsKg","","","1"
"アップル島田","静岡県 島田市 宝来町 8-5","qMsdAzutuOjEXVB6f6fg9w","","","1"
"ファンタジープラザ富士吉原","静岡県 富士市 国久保 2-1-10　MEGAドン・キホーテUNY富士吉原店2F","rEsOpG6rcNbSsYIgeTRhNw","","","1"
"アップルグランリバー大井川","静岡県 焼津市 下江留 1327","sx05dGBgbUm8FKGVGOwCdA","","","1"
"ファンタジープラザ掛川","静岡県 掛川市 大池 2826　MEGAドン・キホーテUNY掛川店2F","5cE8_9x0htvTIKcPqVG9lw","","","1"
"アピナ大須賀","静岡県 掛川市 西大渕 3359　イオンタウン大須賀内","ZJbF20G2eHlpL9MEIi2cMQ","","","1"
"藤枝グランドボウル","静岡県 藤枝市 下当間 652","hMqlDC89RxEYXWe55m1O3w","","","1"
"てんとう虫パーク藤枝","静岡県 藤枝市 益津 353-3　藤枝ボウル1F","TRHCrKQO9RUF1VzxK92XKw","","","1"
"モーリーファンタジー袋井","静岡県 袋井市 上山梨 4-1-1　イオン袋井店2F","j8qJU656x1S4JXATIZJ8yg","","","1"
"袋井グランドボウル","静岡県 袋井市 堀越 343-1","lp2aIoVYZv_oMTwft1DF9Q","","","1"
"GiGO 袋井","静岡県 袋井市 川井 1142-1","fybuIak5m5Rxz5CSHESp6w","","","1"
"東急ストア下田とうきゅう","静岡県 下田市 東本郷 1-2-1　下田とうきゅう内ゲームコーナー","zRubz6k5MgRdnscjMby8zg","","","1"
"モーリーファンタジー裾野","静岡県 裾野市 佐野 1039　グルメシティ裾野店1F","F7OxJqAYCEjS1QHToWidBg","","","1"
"ゲームすぽっとイオンタウン湖西新居","静岡県 湖西市 新居町新居 250-11　イオンタウン湖西新居内","hrMDdPaVCnKNR9G4oNHH3g","","","1"
"浜岡グランドボウル","静岡県 御前崎市 池新田 5424-1","ui60xn1ohAfBM4sNLAMOSw","","","1"
"ファンタジープラザ大仁","静岡県 伊豆の国市 吉田 字九十分153-1　アピタ大仁店2F","jTqPsNdjo6E6xSJOsoRQGw","","","1"
"マックスバリュ松崎","静岡県 賀茂郡松崎町 江奈 303-1","K--1EENCMSyq5vEHEGs48A","","","1"
"GiGO サントムーンオアシス","静岡県 駿東郡清水町 伏見 52-7　サントムーン柿田川サントムーンオアシス3F","-yeDwBeRFr0SNT4z-dnRPQ","","","1"
"namco名古屋駅前","愛知県 名古屋市中村区 椿町 6-6　ビックカメラ名古屋駅西店B1・6F","dGBPFCUskxBgPVYyY5JuGg","","","8"
"namcoイオンモール大高","愛知県 名古屋市緑区 大高町字奥平子 1-1　イオンモール大高3F","KZJh0Fbc7vnSvIKgh93VdQ","","","8"
"namcoイオンモール長久手2号","愛知県 長久手市 勝入塚 501　イオンモール長久手4F","_hdWTwpCqB634x5JgH2e8w","","","8"
"アピナ名古屋栄","愛知県 名古屋市中区 錦 3-17-15　ドン・キホーテ栄本店B1～B3F","Q_X3pEIII3-m3kW_i38Nxw","","","6"
"ユーズランド東浦","愛知県 知多郡東浦町 大字緒川字旭 13-2　イオンモール東浦2F","l8RKKMo7m7zzVon0E1mOiw","","","6"
"ゲーム・キング・ジョイ","愛知県 名古屋市中区 栄 3-3-32","_HZmOYM6vTr7Ltes0gcchQ","","","5"
"namcoイオンモールナゴヤドーム前","愛知県 名古屋市東区 矢田南 4-102-3　イオンモールナゴヤドーム前3F","7TaVIt3mJucLTC_QqsbLiA","","","5"
"バンダイナムコ Cross Store 名古屋","愛知県 名古屋市西区 二方町 40　mozoワンダーシティ4F　4053区画","puqXF_2m8qXf-HFa12sMMg","","","5"
"タイトーステーションフェドラ大須","愛知県 名古屋市中区 大須 3-30-31　萬松寺駐車場ビル1・2F","sCDewv3uX1El61Xv5vvVxw","","","4"
"ファンタジープラザ名古屋","愛知県 名古屋市北区 玄馬町 234-1　CROSS TOWN　ドン・キホーテ名古屋本店2F","lpod1NXrZ-3eyHzdqKwneA","","","4"
"名古屋レジャーランド内田橋","愛知県 名古屋市南区 内田橋 2-26-22","xhWcqjaoG9OHvb7Zz7MgDg","","","4"
"namcoららぽーと名古屋みなとアクルス","愛知県 名古屋市港区 港明 2-3-2　ららぽーと名古屋みなとアクルス3F","s79vgn-hqBDJjmn8UsA_5g","","","4"
"ゲームパニック大高","愛知県 名古屋市緑区 忠治山 201　名古屋グランドボウルB2F","j2K-unC89HszP8F_031cYQ","","","4"
"namco則武新町","愛知県 名古屋市西区 則武新町 3-1-17　イオンモールNagoya Noritake Garden内","GTa_a3uoNgovPS_aGDRVQA","","","4"
"アピナ豊橋","愛知県 豊橋市 藤沢町 141　ホリデイ・スクエアアミューズメント棟1F","fl4Pn1y7pY2B0gHKSUqgZg","","","4"
"アピナ一宮","愛知県 一宮市 新生 1-1-1　イチ＊ビルB1F","HZh_BD-FRb0uBku8tCkG5Q","","","4"
"アミューズメントワールド メトロポリスららぽーと安城","愛知県 安城市 大東町 9-30　ららぽーと安城内","1DBmXJRg_URKnPyRnJ44nw","","","4"
"イーグルボウル","愛知県 知立市 宝町塩掻 58","LNtLlNtShqRhcAlfrjTqkQ","","","4"
"namcoエアポートウォーク名古屋","愛知県 西春日井郡豊山町 大字豊場字林先 1-8　エアポートウォーク名古屋3F","72mEXfTktD4DTbj1y1DrhQ","","","4"
"ゲームパニック大須","愛知県 名古屋市中区 大須 3-30-93　メガタウンB1F","jk53mkKF2xxohgpltWpEEg","","","3"
"ラウンドワンスタジアム中川1号線","愛知県 名古屋市中川区 法蔵町 2-23","kJ96BZIgAgy3qLH5CIEvXw","","","3"
"コムテックタワー","愛知県 名古屋市中村区 名駅 4-10-20","F7ljdxdhKJx1C3ESSTcUXw","","","3"
"GIGO マーケットスクエアささしま","愛知県 名古屋市中村区 平池町 4-60-14　マーケットスクエアささしま1F","-VKb5bpF1YJYJW5jKvAjtw","","","3"
"ラウンドワン千種","愛知県 名古屋市千種区 新栄 3-20-17　タイホウ千種駅南ビル8F","ZujUSFrVKFgkq1A0AMyMMA","","","3"
"モーリーファンタジーf 新瑞橋","愛知県 名古屋市南区 菊住 1-7-10　イオンモール新瑞橋　イオン新瑞橋店3F","yqtry2mo9dZlIHOxc_BNjw","","","3"
"ポート24八事","愛知県 名古屋市昭和区 広路町北石坂 102-4　1F","ryUH1onBwK6PMVgJEm1w-Q","","","3"
"ラウンドワンスタジアム豊橋","愛知県 豊橋市 大岩町字岩田 27-2","pKV8Q4SNthazlUGAKd1ENg","","","3"
"ゲームランド岡崎","愛知県 岡崎市 戸崎町字外山 38-5　イオンモール岡崎シネマ館3F","niqSaLiggk5aCUH1Fod82Q","","","3"
"GiGO 北岡崎","愛知県 岡崎市 錦町 2-4","LBsjRSAKCdJtOP0xJkQ9Ag","","","3"
"半田メトロポリス","愛知県 半田市 旭町 3-11-1","TXNQWyvy2gin3J0IKpic3A","","","3"
"ラウンドワンスタジアム半田","愛知県 半田市 瑞穂町 6-7-8","auvseEKrmb62d-DqdpXXaA","","","3"
"ラウンドワンスタジアムヨロッカ春日井","愛知県 春日井市 六軒屋町 東丘22　YOROKKA春日井3F","HThnLpGp3ZTqGm_hLXOhoA","","","3"
"豊川メトロポリス","愛知県 豊川市 下長山町上アライ 14-1","2KDJ_WbwTTgLhvmZt2ifuw","","","3"
"MIRAINOイオンモール豊川","愛知県 豊川市 白鳥町兎足 1-16　イオン新豊川3F","L7a18TGqDxWxtuIfjxLV-w","","","3"
"タイトーステーション豊田GAZA","愛知県 豊田市 喜多町 1-140　3F","yWU1szSwe5-RkKFmuOGcCg","","","3"
"namcoアピタ稲沢","愛知県 稲沢市 天池五反田町 1　アピタタウン稲沢店シネマ＆アミューズ館2・3F","5Uiqn-hsGO_eoOHXnZk5Tg","","","3"
"アピナ太田川","愛知県 東海市 大田町 下浜田102-1　ラスパ太田川南館2F","UCeXflnj7ZlvmaLsCGg_PQ","","","3"
"GiGO ギャラリエアピタ知立","愛知県 知立市 長篠町 大山18-1　ギャラリエアピタ知立店1F","KGofCw4f-RPgzIap6abIlA","","","3"
"ソユーゲームフィールド赤池","愛知県 日進市 赤池町 箕ノ手1　プライムツリー赤池3F","nE2yscc-S6s-nR2PflPnww","","","3"
"ラウンドワンスタジアム名古屋西春","愛知県 北名古屋市 宇福寺神明 15","4jQbSFy9ko3cDfx8mjIeow","","","3"
"namcoららぽーと愛知東郷","愛知県 愛知郡東郷町 東郷中央土地区画事業 62街区1、3　ららぽーと愛知東郷3F","FZD4tswOtnW6Fiy3cAiPwQ","","","3"
"タイトーステーション大須","愛知県 名古屋市中区 大須 3-20-7","z1t4wnaqPtalmgV0_yevhA","","","2"
"コムテックスクウェア","愛知県 名古屋市中区 金山 1-16-8","cQRctRLqvj0NWvr-r5EluQ","","","2"
"チャレンジランド1号","愛知県 名古屋市中川区 中島新町 2-1102　第2鬼頭マンション1F","CuehIaek8clngu2FHs4cTw","","","2"
"アズパークファミリータウン","愛知県 名古屋市中川区 新家 1-2421　SCアズパーク2F","tNmdVCj04AERWNAfiEt01g","","","2"
"中川メトロポリス","愛知県 名古屋市中川区 江松 3-110","eFJh-bEKeYh9u6U7UIQbCg","","","2"
"タイトーステーション名古屋名駅","愛知県 名古屋市中村区 名駅 4-10-22","eAX51BpDwMJ3WDdQV7Z_HQ","","","2"
"カラフルパークNICOPA千種","愛知県 名古屋市千種区 千種 2-16-13　イオンタウン千種2F","EWvRL-0Nwl3449Yqab_7ug","","","2"
"モーリーファンタジー名古屋東","愛知県 名古屋市名東区 猪子石原 2-1701　イオン名古屋東店1F","b39QGdGzS3aGR8qLQ8POJw","","","2"
"モーリーファンタジー守山","愛知県 名古屋市守山区 笹ヶ根 3-1228　イオン守山SC　イオン守山店2F","uQ-B3_oYpOLHQScZUnEgNw","","","2"
"楽市楽座イオンモール名古屋茶屋","愛知県 名古屋市港区 西茶屋 2-11　イオンモール名古屋茶屋3F","nfwsJIpJE0sMC9YtDg1mcw","","","2"
"namcoイオンモール熱田","愛知県 名古屋市熱田区 六野 1-2-11　イオンモール熱田4F","eO6mJzXIuALgNH5KA7WxyA","","","2"
"GiGO 金山","愛知県 名古屋市熱田区 金山 1-19-2","3-ORBrPCdQ-h4VpI8Mycsg","","","2"
"モーリーファンタジー大高","愛知県 名古屋市緑区 南大高 2-450　イオンモール大高　イオン大高店3F","gte1gFan28q0zxzZJgE6lw","","","2"
"プラサカプコン徳重","愛知県 名古屋市緑区 鳴海町 字徳重18-44　ヒルズウォーク徳重ガーデンズ　ガーデンズ棟2F","K2mljTuYK1p_b7UccDHAiQ","","","2"
"カラフルパークイオンタウン有松","愛知県 名古屋市緑区 鳴海町字有松裏 200　イオンタウン有松1F","1vwriufMTc6Vai3YocvXBQ","","","2"
"ラウンドワン鳴海","愛知県 名古屋市緑区 鳴海町字杜若 28","J-9x32E0AllCyaFN4QI7FA","","","2"
"モーリーファンタジー豊橋南","愛知県 豊橋市 野依町字落合 1-12　豊橋南SC　イオン豊橋南店2F","v6ciNQjAuoZf4cI92zmCyw","","","2"
"GiGO 豊橋飯村","愛知県 豊橋市 飯村町西山 25-121","2XbCctfme1gFxSAgJpaLMw","","","2"
"モーリーファンタジーイオン岡崎","愛知県 岡崎市 戸崎町字ばら山 1-1　イオンモール岡崎　イオンスタイル岡崎店3F","y3yoJSAnLuVRfUaKOpfPeA","","","2"
"にこぱウイングタウン","愛知県 岡崎市 羽根町小豆坂 3　ウイングタウン2F","PScQe-s9h6ARmo1qJoCJTA","","","2"
"namcoテラスウォーク一宮","愛知県 一宮市 両郷町 1-6　テラスウォーク一宮2F","vLanJ1wR4OL2bSyyo1JGIA","","","2"
"GiGO イオンモール木曽川","愛知県 一宮市 木曽川町黒田字南八ツケ池 25-1　イオンモール木曽川3F","JoCFevmo5J1ozbnMLqa6AQ","","","2"
"モーリーファンタジー木曽川","愛知県 一宮市 木曽川町黒田字南八ツケ池 25-1　イオンモール木曽川　イオン木曽川店2F","GUCpTx9cyUkS0KTxyAgy6w","","","2"
"GiGO 尾西","愛知県 一宮市 篭屋 3-9-7　アソビックスびさい1F","uK9YXuilCH5wCvHvAXAEaw","","","2"
"モーリーファンタジー瀬戸みずの","愛知県 瀬戸市 みずの坂 2-253　イオン瀬戸みずの店2F","CCXk-wVYbNEnTcPAKX_9GQ","","","2"
"モーリーファンタジー豊川","愛知県 豊川市 開運通 2-31　イオン豊川店2F","DhaoiSTDDcANxlKnpFSGjQ","","","2"
"アミュージアム津島","愛知県 津島市 新開 351　ヨシヅヤ津島本店シネマ館2F","yjtpo4Wf4s21QqZr80BUKg","","","2"
"ゲームランド津島北","愛知県 津島市 片岡町 60　ヨシヅヤ津島北テラス店内ゲームコーナー","n5mQKLzaD6PeJCV68wsGKw","","","2"
"M'sPARK豊田","愛知県 豊田市 寿町 3-21・22　トヨタグランドビル","eqdGKTa5ep0JrNzZU8uHrA","","","2"
"モーリーファンタジー豊田","愛知県 豊田市 広路町 1-1　イオンスタイル豊田3F","3BlwtZ1zuecjoQRZRXUYkQ","","","2"
"モーリーファンタジーt-FACE","愛知県 豊田市 西町 6‐85‐1　豊田市駅西口市街地再開発ビルA館","ekyLLnychDR5VqJuoPBoig","","","2"
"ハローズガーデン安城南","愛知県 安城市 桜井町貝戸尻 60　アピタ安城南店2F","J-5rEZAzm86BHDIayP9sBw","","","2"
"安城メトロポリス","愛知県 安城市 浜富町 6-8","voxcgXrCQKrVGA2EeiUJkQ","","","2"
"ファンタジーウエストタウン西尾","愛知県 西尾市 高畠町 3-23-9　ヴェルサウォーク西尾3F","FZEaroN-JySsQRXTWXBPQw","","","2"
"アピナ蒲郡","愛知県 蒲郡市 鹿島町浅井新田 1-26　クラスポ蒲郡2F","99nrz_B8who_0FDROB0YQw","","","2"
"アミューズファクトリー常滑","愛知県 常滑市 りんくう町 2-20-3　イオンモール常滑2F","xnp8nJaqYvWWMo8dwEzeDw","","","2"
"ハローズガーデンワンダーフォレスト江南西","愛知県 江南市 松竹町上野 205　VIA MALLアピタ江南西店2F","7_yVJwfqDL_rpxG9Z2bl6w","","","2"
"アミューズメントワールド メトロポリス小牧","愛知県 小牧市 間々片山 181-1","xtFV-Iy3I_je8Z46EfUO4Q","","","2"
"namcoリーフウォーク稲沢","愛知県 稲沢市 下津穂所 1-1-1　リーフウォーク稲沢　ツリー棟2F","5D5UO_t4vXH4jM1CrVJKpQ","","","2"
"タイトーステーションパールシティ稲沢","愛知県 稲沢市 井之口大坪町 80-1　パールシティ稲沢2F","K1VeJlbP07QDSnHHUfdvFQ","","","2"
"プラサカプコン稲沢","愛知県 稲沢市 長野 7-1-2　リーフウォーク稲沢　モール棟2F　区画No.201","zl_Tyz36m7t6BcHpKMAJ2w","","","2"
"namcoリソラ大府","愛知県 大府市 柊山町 1-98　リソラ大府ショッピングテラス2F","cCwagXEqYUpqdc2-U7Wuag","","","2"
"わいわいランド知多","愛知県 知多市 新知東町 1-10-1イトーヨーカドー知多店2F","anF3b-TIaqGj5XHeiKT34Q","","","2"
"わいわいランド尾張旭","愛知県 尾張旭市 南原山町石原 116-4　イトーヨーカドー尾張旭店2F","UYxre4Deh8NVnwY0HhlT9A","","","2"
"namcoヨシヅヤ清洲","愛知県 清須市 西市場 5-5-3　ヨシヅヤ清洲店3F","TRTsT_WE-RdeXb8BFULvmA","","","2"
"楽市楽座022楽市街道名古屋","愛知県 北名古屋市 中之郷字神明 45-1","xOTLqtgkZ_EJmpjwdug8OA","","","2"
"タイトーFステーション弥富","愛知県 弥富市 五明町蒲原 1371-4　イオンタウン弥富内","jPgjkd6E1yVB3lebwVzGfw","","","2"
"モーリーファンタジー三好","愛知県 みよし市 三好町青木 91　アイ・モール三好　イオン三好店2F","6C2xcGJy39giyJ1Q23VoUA","","","2"
"ゲームピコ甚目寺","愛知県 あま市 甚目寺五位田 134　ヨシヅヤ甚目寺店","Zb4SjhsA0G8njyLTvCKTfA","","","2"
"namcoイオンモール長久手1号","愛知県 長久手市 勝入塚 501　イオンモール長久手3F","7Oj95QOFHTWcam0n75fT0A","","","2"
"GiGO 長久手","愛知県 長久手市 武蔵塚 705","2WN0sxkV7WgyK-1oGTRy4g","","","2"
"楽市楽座イオンモール扶桑","愛知県 丹羽郡扶桑町 南山名字高塚 5-1　イオンモール扶桑2F","6Dun6oZZAza6Tr373KgjLg","","","2"
"モーリーファンタジー東浦","愛知県 知多郡東浦町 大字緒川字旭 13-2　イオンモール東浦1F　キッズリパブリック内","oYRGDGnqjjPmW05denmiKQ","","","2"
"ポート24幸田","愛知県 額田郡幸田町 高力字沖原 15　カメリアガーデン幸田内","dAPkzhiuW-QbcFE0N7b-0g","","","2"
"ファンタジックランド太平通り","愛知県 名古屋市中川区 宮脇町 2-11　ヨシヅヤ太平通り店3F","D7RBdb-dXST-isEw5CFJVQ","","","1"
"バローガーデン戸田","愛知県 名古屋市中川区 戸田明正 2-110　ルビットタウン戸田バロー戸田店2F","Gf4yCk-VEIppi5JfEixfiQ","","","1"
"アピタ名古屋北店スタジアム","愛知県 名古屋市北区 辻町 9-1　アピタ名古屋北店内","dZYoMQg4SzCtU-R3LczRMw","","","1"
"ファンタジープラザ千代田橋","愛知県 名古屋市千種区 千代田橋 2-1-1　アピタ千代田橋店3F","tv8fDrxir_gN-TD63YbUZg","","","1"
"湯～とぴあ宝","愛知県 名古屋市南区 前浜通 1-9","Xaahv841hn0zqdhmqRcpvQ","","","1"
"カラフルパーク名古屋南","愛知県 名古屋市南区 豊田 4-9-47　アピタ名古屋南店3F","Jf1R8CVY76ZgItczbpuNPw","","","1"
"ラクスパガーデン名古屋","愛知県 名古屋市名東区 平和が丘 1-65-2","WTuL5LGTyV3rHwkV7Svzdw","","","1"
"NICOPA新守山","愛知県 名古屋市守山区 新守山 2830　アピタ新守山店2F","tFu1tKfFZ1CdJ7WOzZYtng","","","1"
"モーリーファンタジーイオンモールナゴヤドーム前","愛知県 名古屋市東区 矢田南 4-102-3　イオンモールナゴヤドーム前　イオンスタイルナゴヤドーム前店3F","kVmmCBxJVE12bfifa5EkZA","","","1"
"ファンタジープラザ港","愛知県 名古屋市港区 当知 2-1501　ポートウォークみなと2F","kkDdVKVxFfdco3ZarptTUQ","","","1"
"ゲームピコ南陽","愛知県 名古屋市港区 春田野 1-330　イオン南陽店3F","2FoS3YWLcrqFURw2-qeSRA","","","1"
"モーリーファンタジー名古屋茶屋","愛知県 名古屋市港区 西茶屋 2-11　イオンモール名古屋茶屋　イオン名古屋茶屋店3F","Ka1-XrScR8G5HWIO50Z9FQ","","","1"
"モーリーファンタジー熱田","愛知県 名古屋市熱田区 六野 1-2-11　イオンモール熱田　イオン熱田店2F","dem8Jggz6dOmh6jzUNSaYQ","","","1"
"名古屋グランドボウル","愛知県 名古屋市緑区 大高町字忠治山 12-1","xAFVwE_emg06fxt4HB18nw","","","1"
"NICOPAなるぱーく","愛知県 名古屋市緑区 浦里 3-232　なるぱーく1F","bXsy5hgG7cMKzleUMkLfYQ","","","1"
"ソユーブレーメンタウン鳴海","愛知県 名古屋市緑区 鳴海町 伝治山3-9　アピタ鳴海店2F","jhHnziapGqel7syniGujKw","","","1"
"モーリーファンタジーワンダーシティ","愛知県 名古屋市西区 二方町 40　mozoワンダーシティ　イオンワンダーシティ店3F","DMm3yyEHeh7g4PqDbVkaIg","","","1"
"あそびの広場名西","愛知県 名古屋市西区 名西 2-33-8　ヨシヅヤ名古屋名西2F","Gou89eKEZQ4jX_ff68y2fQ","","","1"
"GiGO イオンタウン名西","愛知県 名古屋市西区 香呑町 6-49-1　イオンタウン名西2F　区画No.213","y-mqxxL5I_UcVx-KMrweew","","","1"
"アーチ北山バッティングセンター","愛知県 豊橋市 北山町字西ノ原 40-20","nXdGn9gnCbEdsQblMQCoGw","","","1"
"アピタ向山店スタジアム","愛知県 豊橋市 向山町 字中畑1-1　アピタ向山店2F","pLMek_j6_dRJutiy9906dw","","","1"
"NICOPAコムタウン","愛知県 岡崎市 上六名町 宮前1　コムタウン1F","61u3yrMebPBQtdsKU6yB3g","","","1"
"NICOPA岡崎","愛知県 岡崎市 上和田町字南天白 5-1　エルエルタウン2F","_bq6SG95AQiNhR_Yzd3shg","","","1"
"GiGO 岡崎","愛知県 岡崎市 上地 3-50-4","JJUKFKxqqu8AKFeYiXrzbg","","","1"
"西友岡崎店ゲームコーナー","愛知県 岡崎市 戸崎町越舞 2-1　西友岡崎店2F","cGKft5sS8GPcVO7Q_M3vdw","","","1"
"岡崎グランドボウル","愛知県 岡崎市 日名北町 1-1","g8bgax6VjAnSbbbAN_AXMg","","","1"
"G-SQUAREアピタ岡崎北","愛知県 岡崎市 日名北町 4-46　アピタ岡崎北店2F","PXYcMxar-w75s6U5eoPlzA","","","1"
"モーリーファンタジーメガドンキ大和","愛知県 一宮市 大和町毛受字一本松 19　メガドンキ大和店2F","ooDG-wHK-iDzzH_LwCRd7g","","","1"
"アピタ木曽川店ナイル","愛知県 一宮市 木曽川町黒田八ノ通 51-4　アピタ木曽川店2F","nhCQLvOLtu04n7duHR7Phw","","","1"
"モーリーファンタジービバホーム一宮","愛知県 一宮市 羽衣 2-5-2","0Kq9xgVpOFSkBcd_45SSBg","","","1"
"ファンタジープラザ瀬戸","愛知県 瀬戸市 幸町 33　アピタ瀬戸店2F","pval5bVeATPSc8s95Vtkdw","","","1"
"GiGO 東名ボール","愛知県 瀬戸市 西原町 2-114","wRuKibqJ0YXdLIc6xgsZ0g","","","1"
"モーリーファンタジー半田","愛知県 半田市 有楽町 8-7　イオン半田店2F","m0wXpOV77KSOevRidc6r-A","","","1"
"半田グランドボウル","愛知県 半田市 東洋町 2-49-1","wwA0KLNzjTD1OrEt8mYaVw","","","1"
"ゲームピコ半田","愛知県 半田市 青山 1-1-1","-tUbmLc588yX-scM-no4GA","","","1"
"ファンタジープラザ高蔵寺","愛知県 春日井市 中央台 2-5　アピタ高蔵寺店2F","A_3xBTe1t1wU3Fb-RlnQeg","","","1"
"GiGO 春日井","愛知県 春日井市 岩野町 4180","FGp4SEhB9nT2NkBaS_X5wA","","","1"
"モーリーファンタジー新豊川","愛知県 豊川市 白鳥町兎足 1-16　イオン新豊川3F","8diIpYzdVWfRU0J00Wvtwg","","","1"
"ジャムジャムガーデン津島","愛知県 津島市 津島字北新開 351　ヨシヅヤ津島本店3F","JZ8Lf4SeTMHM-OUQeS9QBw","","","1"
"アピタ刈谷店シルクロード","愛知県 刈谷市 南桜町 2-56-1　アピタ刈谷店3F","WeSRNd9WXL4NqeqDQtfu4w","","","1"
"GiGO イオンタウン刈谷","愛知県 刈谷市 東境町京和 1　イオンタウン刈谷内","rYUoXzLtE2SOu7CX14RJfw","","","1"
"アミューズメントプラザマルシン","愛知県 刈谷市 池田町 4-609","0Dm-DivhDrM259mDKT92_A","","","1"
"M'sPARK刈谷","愛知県 刈谷市 稲場町 3-206","sGJo2Mn_qYmmXOU6jzdQUw","","","1"
"ファンタジープラザ豊田元町","愛知県 豊田市 土橋町 2-65　MEGAドン・キホーテUNY豊田元町店2F","ksOsZ4VidC4NLkg8v1_9LQ","","","1"
"あそびばViViD豊田","愛知県 豊田市 東山町 1-5-1　イオン高橋店3F","49o3SWUUKLHRCiQnj1wyJA","","","1"
"GiGO 豊田","愛知県 豊田市 深田町 1-65-1","utvRw5zMR8QOEKzMOGQA5g","","","1"
"GiGO 安城","愛知県 安城市 百石町 2-35-13","sMdP3MbrPQMXa3-zM6Y5DA","","","1"
"ムー大陸西尾","愛知県 西尾市 下町 御城下23-1　おしろタウンシャオ2F","72NOC6-v39VHo5s05esCYQ","","","1"
"スィートガレージ","愛知県 蒲郡市 海陽町 2-2　フェスティバルマーケット2F","TUvs1ipcJcXYr8kj9LhktA","","","1"
"ゲームすぽっとアピタ蒲郡","愛知県 蒲郡市 港町 17-10　アピタ蒲郡店2F","2vTNAsZWgxXuaCED-ewXsg","","","1"
"モーリーファンタジー常滑","愛知県 常滑市 りんくう町 2-20-3　イオンモール常滑　イオンスタイル常滑2F","JWTLxoy7s9V2BeazrbGPJQ","","","1"
"ファンタジープラザ桃花台","愛知県 小牧市 古雅 1-1　MEGAドン・キホーテUNY桃花台店3F","c1RZWd9mwsFhBkUkd_UUPg","","","1"
"G-SQUAREMEGAドン・キホーテUNY小牧","愛知県 小牧市 堀の内 3-15　MEGAドン・キホーテUNY小牧店2F","bLNMZk01XOmMgm0TmudiCQ","","","1"
"ピーターパンと仲間たち小牧","愛知県 小牧市 東 1-126　イオン小牧2F","sWbZ7P7TfZSdqofnOx7FAg","","","1"
"稲沢グランドボウル","愛知県 稲沢市 井之口大坪町 80-1","hel2N-y9u1pnvn0OZ3nmJA","","","1"
"ファミリーアミューズメント新城","愛知県 新城市 宮ノ後 68-3　ピアゴ新城店2F","7JBpCHHEqdOxXd5f3gIKsg","","","1"
"アミューズメントプラザワイド","愛知県 東海市 名和町二番割上 16-2","zlilUZsLgDtlrXdC6g71wA","","","1"
"アピタ東海荒尾店プラネット","愛知県 東海市 荒尾町山王前 20　アピタ東海荒尾店2F","Uyvp6L8f_FOiAPHt--Emyg","","","1"
"ファンタジックランド知立","愛知県 知立市 上重原町 己ノ池53-1　ドミースーパーセンター知立店1F","Hlr7Cz7TbylBy22VN8dVpg","","","1"
"ファンタジックランド高浜","愛知県 高浜市 神明町 8-20-1　Tぽーと2F","2nfzcDkk9U71AuXx04t_iQ","","","1"
"ファンタジープラザ岩倉","愛知県 岩倉市 旭町 1-25　アピタ岩倉店2F","8K0eUkRAx7tZd5I9FNJ0ZA","","","1"
"ヨシヅヤ佐屋","愛知県 愛西市 須依町前田面 95-1","OtvI84p-x-lBLHtR3ilxhA","","","1"
"ヨシヅヤ師勝","愛知県 北名古屋市 鹿田 1929","yGlybOwTfH91jkNgA_uL7w","","","1"
"ベイシア三好","愛知県 みよし市 根浦町 4-6-27　ベイシア三好店内","In4tjBse5s0nVle5eh-F3w","","","1"
"モーリーファンタジー長久手","愛知県 長久手市 勝入塚 501　イオンモール長久手　イオンスタイル長久手3F","YoXnIo2XFOeDUQY_r-Q3Xw","","","1"
"G-SQUAREアピタ長久手","愛知県 長久手市 戸田谷 901-1　アピタ長久手店2F","5y7eiFnSl4HcOKON79ESHA","","","1"
"モーリーファンタジー扶桑","愛知県 丹羽郡扶桑町 南山名字高塚 5-1　イオンモール扶桑　イオン扶桑店2F","EN7fENPtHfoChCo0J1a6ww","","","1"
"ViViD蟹江","愛知県 海部郡蟹江町 桜 1-212　ヨシヅヤJR蟹江駅前店2F","g4cZZhcqk4i-0X8VVzm13w","","","1"
"パルス武豊","愛知県 知多郡武豊町 西田崎 19-1　ピアゴ武豊店2F","ERkWcftImgTFN3dZIuGsAw","","","1"
"G-EXPRESSアピタ阿久比","愛知県 知多郡阿久比町 椋岡 字徳吉1-12　アピタ阿久比店2F","Gus708WlFosufJQgM78ldg","","","1"
"ラウンドワン津・高茶屋","三重県 津市 高茶屋小森町 277-8","KFHPVXAmVC0crqK3fWMMaw","","","3"
"namcoイオンモール鈴鹿","三重県 鈴鹿市 庄野羽山 4-1-2　イオンモール鈴鹿2F","0RnKRulw_rsU2F5MHZ7lxg","","","3"
"ラウンドワンスタジアムみえ・川越IC","三重県 三重郡川越町 南福崎 851-1","s_0VkPZWNDpl7L8WxAu22g","","","3"
"モーリーファンタジー津城山","三重県 津市 久居小野辺町 1130-7　イオンタウン津城山　マックスバリュ津城山店2F","PwGX8WrrXfH5s9dX44rWWw","","","2"
"ゲームパークMECHA久居","三重県 津市 久居明神町 風早2660　イオン久居店2F","FYhpkacUQAHONON0U8uATg","","","2"
"PALOイオンモール津南","三重県 津市 高茶屋小森町 145　イオンモール津南3F","v7egYpiLlVfy9h86vBjWhA","","","2"
"GiGO トナリエ四日市","三重県 四日市市 安島 1-3-31　トナリエ四日市5F","-M9L7cqFfHMWf9nqYcA0ZA","","","2"
"NICOPAイオンモール四日市北","三重県 四日市市 富州原町 2-40　イオンモール四日市北2F","5xWZgOp29YBUC55zO37qlw","","","2"
"カヨーゲームランド","三重県 四日市市 日永 4-2-41　日永カヨーSC2F","9xoRkCSXi5TsT4JHR1y1fA","","","2"
"アピナ四日市","三重県 四日市市 泊小柳町 4-34","wpt7HVJFEH183x0u6gY6iQ","","","2"
"モーリーファンタジー四日市泊","三重県 四日市市 泊小柳町 4-5　イオンタウン四日市泊2F","SRGazLnduywWUkXQ6GNSzg","","","2"
"モーリーファンタジー伊勢ララパーク","三重県 伊勢市 小木町曽祢 538　イオンタウン伊勢ララパーク2F","hrKUfCRAcqrROgLcbxlfqA","","","2"
"NICOPAイオン伊勢","三重県 伊勢市 楠部町 乙160-2　イオン伊勢店2F","ZOKFb7YDMdQx5xWPpjf9-Q","","","2"
"バンダイバッティングドームみくも","三重県 松阪市 久米町 1216　バンダイワールド内","sUSROJed_yCxkWoUXv55dg","","","2"
"GiGO アドバンスモール松阪","三重県 松阪市 田村町 235-1　アドバンスモール松阪内","bm5a1HTDzK97nXXTJ1dGUQ","","","2"
"アピナ松阪","三重県 松阪市 船江町 1392-27　イオンタウン松阪船江A棟2F","TW79e_dBFTGzOa2V-rnCsw","","","2"
"GiGO クレーンゲームオアシスイオンモール桑名","三重県 桑名市 新西方 1-22　イオンモール桑名3番街1F","5Jd27U6lFNcLoZCoPFFwBg","","","2"
"ナガシマスパーランド","三重県 桑名市 長島町浦安 333","WZEy6-hnkuE1ZOnYqmEr3Q","","","2"
"ハローズガーデン鈴鹿","三重県 鈴鹿市 南玉垣町 3628　MEGAドン・キホーテUNY鈴鹿店2F","34fT30TPaexSUqQ6bXj5rw","","","2"
"モーリーファンタジーイオン鈴鹿","三重県 鈴鹿市 庄野羽山 4-1-2　イオンモール鈴鹿　イオン鈴鹿店2F","I9rNntk3IQ4u0y_sY36aJA","","","2"
"アピナ鈴鹿","三重県 鈴鹿市 庄野羽山 4-20-1　イオンタウン鈴鹿2F","-T2FTXvSftEc9HIQac2dwA","","","2"
"アミパラ鈴鹿","三重県 鈴鹿市 西條町字東澤 430-1","98mZOKMJ_0SPLJ8-0FmtEw","","","2"
"ドリームキャンディー","三重県 伊賀市 小田町 711","prtvJ6EfeECaoZXtHzkokg","","","2"
"楽市楽座イオンモール東員","三重県 員弁郡東員町 長深字築田 510-1　イオンモール東員3F","rUXsTELXxHdAOToBAhqhog","","","2"
"アソビックスゲームワールド","三重県 三重郡朝日町 小向 181　アソビックスあさひ内","aiQau96VCgw1cfZMiTevFA","","","2"
"タイトーステーションイオンモール明和","三重県 多気郡明和町 中村 1223　イオンモール明和2F","M4VbNDxG_feoOCl8PKrwcg","","","2"
"GiGO 久居","三重県 津市 久居明神町風早 2534-1　久居インターガーデン内","potC0Rk1lFPXoC4pDCm1ww","","","1"
"UP・DOスポーツスタジアム津","三重県 津市 神戸 203-13","NB4O_qlvpY6Mnr5Z8XKrhg","","","1"
"モーリーファンタジー津南","三重県 津市 高茶屋小森町 145　イオンモール津南　イオンスタイル津南3F","GJpvfAkDR5LUH1Om7iauWg","","","1"
"モーリーファンタジー四日市北","三重県 四日市市 富州原町 2-40　イオンモール四日市北　イオン四日市北店2F","xSlb8UUirDmTote884dCFQ","","","1"
"モーリーファンタジー四日市尾平","三重県 四日市市 尾平町 字天王川原1805　イオン四日市尾平SC　イオン四日市尾平店3F","p_NsX9rngDAZiPWY8mtVsQ","","","1"
"GiGO 生桑","三重県 四日市市 生桑町字川原崎 299-1","fA52hitDDSF7YNZJLh9ILw","","","1"
"GiGO 伊勢","三重県 伊勢市 中須町 666","A_FPPchUh5wgGZQir--j5A","","","1"
"ファンタジープラザ松阪三雲","三重県 松阪市 市場庄町 1266-1　アピタ松阪三雲店内","nTU5b4lT8o77c2VwQR8vNw","","","1"
"NICOPA桑名","三重県 桑名市 中央町 3-21　アピタ桑名店2F","T-xBEvHrva6OEpDNbKkKxA","","","1"
"GiGO 桑名","三重県 桑名市 江場 1578","LWsRMf4KzP0_zSdMsCP3Sg","","","1"
"鈴鹿グランドボウル","三重県 鈴鹿市 三日市町赤土田 1053","0giDQHc3dRhI8QMy05FAEw","","","1"
"NICOPAそよら鈴鹿白子","三重県 鈴鹿市 白子駅前 3-1　そよら鈴鹿白子2F","zKpzT8NPQJiwIqhLY7Ifyw","","","1"
"ファンタジープラザ名張","三重県 名張市 下比奈知 3100-1　MEGAドン・キホーテUNY名張店2F","3bXugxs9o02etFXr1j3lDg","","","1"
"モーリーファンタジー名張","三重県 名張市 元町 376　イオン名張店3F","mLBJAgQg1u4aS50-Fzcg0w","","","1"
"GiGO 名張","三重県 名張市 希央台3番町 15","XBBi5FBbsA9JN5wPdoJW2A","","","1"
"戸田家","三重県 鳥羽市 鳥羽 1-24-26　戸田家内ゲームコーナー","tYXeev0YmYfmTab_N_pltw","","","1"
"ゲームピコ大安","三重県 いなべ市 大安町高柳 1945　イオン大安店2F","MTUwo-0HTbFHmv6j_sxXIQ","","","1"
"モーリーファンタジー阿児","三重県 志摩市 阿児町鵜方 3215　阿児SC　イオン阿児店2F","eemupdztoWvxR9cK42OPjQ","","","1"
"モーリーファンタジー伊賀上野","三重県 伊賀市 上野茅町 2519　イオン伊賀上野店2F","OtvFsxrzDVopWxr0kx-5Yg","","","1"
"アピタ伊賀上野","三重県 伊賀市 服部町 1788","_NS2Zsmn03mBvr4F-T30NA","","","1"
"モーリーファンタジー東員","三重県 員弁郡東員町 長深字築田 510-1　イオンモール東員　イオン東員店3F","qgWKEklTAfDIPZqlFXvQ4w","","","1"
"マックスバリュ多気","三重県 多気郡多気町 仁田 750　マックスバリュ多気店内ゲームコーナー","p3qzGO79W60OPgC4PNpg6A","","","1"
"モーリーファンタジー明和","三重県 多気郡明和町 中村 1223　イオンモール明和　イオン明和店2F","v_jIyB4M9N7EiNUwA9Qu-Q","","","1"
"滋賀レジャーランド大津","滋賀県 大津市 におの浜 3-1-43","ma-2Lzmty6Hxy2QrJfPMTA","","","4"
"ピエリ守山アミューズパーク","滋賀県 守山市 今浜町 2620-5　琵琶湖クルージングモール　ピエリ守山1F","7AaO10L1JbhdQXN712g_og","","","4"
"ラウンドワンスタジアム浜大津アーカス","滋賀県 大津市 浜町 2-1　浜大津アーカス内","x5uzPBNvllFb0wu8FGJbqw","","","3"
"namcoビバシティ彦根","滋賀県 彦根市 竹ケ鼻町 43-1　ビバシティ彦根2F","dY6V_8zonTZg3J1kjlsVSw","","","3"
"ゲームランド草津","滋賀県 草津市 新浜町 300　イオンモール草津3F","PwRR7fvv5tLCMwCjRRNrMg","","","3"
"モーリーファンタジー大津一里山","滋賀県 大津市 一里山 7-1-1　フォレオ大津一里山2F","8MEN2hcf8-RGCBewhMEhWQ","","","2"
"エースレーン堅田","滋賀県 大津市 今堅田 2-40-10　ACT堅田2F","8yaKrOHEZTaVxAvBSU3C9w","","","2"
"ASOBLEオーミー大津テラス","滋賀県 大津市 打出浜 14-30　Oh！Me大津テラス5F　502","Lk-NP8EH3IoTVMMF58i49g","","","2"
"タイトーFステーションイオン近江八幡","滋賀県 近江八幡市 鷹飼町南 3-7　イオン近江八幡SC2番街　イオン近江八幡店1F","KtAFGVY8_cbLzlaHlstbQg","","","2"
"アミパラ草津","滋賀県 草津市 木川町 72","qT_0oMV8D8s6Ukq985V-AQ","","","2"
"GiGO エイスクエア草津","滋賀県 草津市 西渋川 1-23-23　草津駅前SC　A-SQUARE SARA南棟2F","5KpeP7SDk4S3AX0ZnLdKGA","","","2"
"アクション草津","滋賀県 草津市 野路 3-1-11　ACT草津2号館","g_9HNy3c2xEmMvZJuYGeCQ","","","2"
"ふぇすたらんど守山","滋賀県 守山市 播磨田町 185-1　モリーブ2F","kVnOcn59DGSnH3oY721JjQ","","","2"
"namcoアルプラザ水口","滋賀県 甲賀市 水口町名坂 419-1　アル・プラザ水口別館2F","PcOwNhZGJn1cRsE-43Iqbg","","","2"
"GiGO アル・プラザ八日市","滋賀県 東近江市 八日市浜野町 3-1　ショッピングプラザアピア4F","09UBqMzg3cvruP6uMMS9qQ","","","2"
"アピナキッズパーク大津京","滋賀県 大津市 二本松 1-1　BRANCH大津京A棟","mhR5RhwJmWGPx7dwHdwoWA","","","1"
"スキップパーク堅田","滋賀県 大津市 本堅田 5-20-10　アル･プラザ堅田3F","67lXkkAmRabKdT-OI846xQ","","","1"
"イオンタウン彦根ゲームコーナー","滋賀県 彦根市 古沢町 255-1　イオンタウン彦根内","t6_V-G8GVqZ8es2XNjxGPw","","","1"
"モーリーファンタジーベイシア彦根","滋賀県 彦根市 馬場 2-1-1　ベイシア彦根店1F","up6YUMZqij3JaEiaVPDMFw","","","1"
"スペースプラネット長浜","滋賀県 長浜市 八幡東町 9-1　西友長浜楽市店3F","avMWkKmgOIqrE0BwUc9yyg","","","1"
"ユーイング アル・プラザ長浜","滋賀県 長浜市 小堀町 450　アル･プラザ長浜2F","BmoHurDnijBZP9Y7qsMDOw","","","1"
"モーリーファンタジー長浜","滋賀県 長浜市 山階町 271-1　イオン長浜SC　イオン長浜店2F","nANsShRdglk9aNXe6fQTiA","","","1"
"エースレーン近江八幡","滋賀県 近江八幡市 出町 736　ACT近江八番2番館1F","wGSl06IUY9mH72JbAlogzA","","","1"
"モーリーファンタジーイオン近江八幡","滋賀県 近江八幡市 鷹飼町南 3-7　イオン近江八幡SC　イオン近江八幡店3F","a0--C4s8Qs70iDSXzOW4JQ","","","1"
"モーリーファンタジー草津","滋賀県 草津市 新浜町 300　イオンモール草津　イオン草津店3F","uSm5MJR2QVg8l-S9g2AvWQ","","","1"
"エースレーン守山","滋賀県 守山市 播磨田町 231-4　ACT守山3番館2F","1VCqd5zyYCNSj372whb-0w","","","1"
"プラザパルAP栗東","滋賀県 栗東市 綣 2-3-22　アル・プラザ栗東2F","jKGS0GvD0E3Vsu_2SWJt_Q","","","1"
"クレーン倉庫あそびば水口","滋賀県 甲賀市 水口町北泉 1-131","BlcJYL6zrkpSn5siIa1YQQ","","","1"
"イオンタウン野洲ゲームコーナー","滋賀県 野洲市 乙窪 480-1　イオンタウン野洲内","ExVrMTWGsFOnUGZS4hfWYA","","","1"
"ユーイング アル・プラザ野洲","滋賀県 野洲市 小篠原 1000　アル･プラザ野洲内","HnVl93lWWng-HzFAD4t9rA","","","1"
"GiGO 甲西","滋賀県 湖南市 夏見二ツ橋 356-1","jZESgt4UajgAlbwlc4ynQw","","","1"
"イオンタウン湖南ゲームコーナー","滋賀県 湖南市 岩根 4580　イオンタウン湖南内","am_LzZrjiX7yjn0fa-W6JA","","","1"
"GiGO 平和堂あどがわ","滋賀県 高島市 安曇川町西万木 55　平和堂あどがわ店内","X-AUHSDv9D_cVDS5C2wjTw","","","1"
"バンダイナムコ Cross Store 京都","京都府 京都市南区 西九条鳥居口町 1　イオンモールKYOTO　Sakura館4F","YGFnfpv6GKnsaLGg3h91Fw","","","9"
"ラウンドワン京都河原町","京都府 京都市中京区 河原町通三条下る山崎町 250","bY9a4pST8rybbdVCYuuXCQ","","","5"
"サープラ京都あそびタウン","京都府 京都市中京区 西ノ京栂尾町 107　BiVi二条2F","RbVHDJdkwkb3c9xd025VBA","","","3"
"アミューズメントCUE京都円町","京都府 京都市中京区 西ノ京西円町 40","tzBn7ti9d4K_ZpLvYd6P1w","","","3"
"ラウンドワンスタジアム京都伏見","京都府 京都市伏見区 下鳥羽平塚町 131","wxIFO4huSpNdlLwuPEkJVA","","","3"
"あそVIVAゲームセンター","京都府 福知山市 堀上高田 2146-1　あそVIVA1F","nGZQjG4WFx9d0M73aGxRJg","","","3"
"namcoアルプラザ城陽","京都府 城陽市 富野荒見田 112　アル・プラザ城陽4F","niK6LNci_LyN9Wzv7r6h2g","","","3"
"モーリーファンタジー高の原","京都府 木津川市 相楽台 1-1-1　イオンモール高の原　イオン高の原店4F","J7e7o1XHru6N212sCFodcg","","","3"
"GiGO MOMOテラス京都伏見","京都府 京都市伏見区 桃山町山ノ下 32　MOMOテラス別館2F","xvtHs7GOakdC9YeV9RNO_w","","","2"
"パルケ上賀茂","京都府 京都市北区 上賀茂西河原町 1-1","rZRp1x0XI4W1dW5d3TY8mw","","","2"
"楽市楽座イオンモール京都桂川","京都府 京都市南区 久世高田町 376-1　イオンモール京都桂川3F　3051区画","QTW-xiQEHy--wHc6A7BSNA","","","2"
"モーリーファンタジー京都桂川","京都府 京都市南区 久世高田町 376-1　イオンモール京都桂川　イオンスタイル京都桂川3F","kxMO-RYoXnUh190y2MzUkQ","","","2"
"プレイランド京都","京都府 京都市右京区 山ノ内池尻町 1-1　京都ファミリー3F","LV5MmiMErz-rqAlDg-blAg","","","2"
"プラサカプコン京都","京都府 京都市右京区 西院追分町 25-1　イオンモール京都五条3F","KKWDXFcZkgkbWw5phqwN7Q","","","2"
"モーリーファンタジー京都五条","京都府 京都市右京区 西院追分町 25-1　イオンモール京都五条　イオン京都五条店2F","0mLsc-fbAl-CejGV8dNlCw","","","2"
"モーリーファンタジー洛北阪急スクエア","京都府 京都市左京区 高野西開町 36　洛北阪急スクエア2F　2180","WPp0IHNMvJABOmc106qlGw","","","2"
"namcoらぽーる","京都府 舞鶴市 南浜町 27-5　らぽーる3F","aYSYChaHdgntdFBUzfl_qA","","","2"
"namcoアルプラザ宇治東","京都府 宇治市 莵道平町 28-1　アル・プラザ宇治東3F","CQllSRq7Vmm-6Bn06xrXEQ","","","2"
"namcoミップル","京都府 宮津市 浜町 3012　宮津シーサイドマートMipple5F","jyAXOAM93uqLd54ulTfo5w","","","2"
"アミューズメントパークあそびばイオン亀岡","京都府 亀岡市 古世町 西中坪101　イオン亀岡店3F","OptzuRGtSlUamV6UD9PP2g","","","2"
"ファインワールド亀岡","京都府 亀岡市 古世町 西内坪101　イオン亀岡店3F","t1QiyXHIvYivjIflwHP1kw","","","2"
"レインボーランド長岡","京都府 長岡京市 開田 4-7-1　イズミヤ長岡店2F","SwsR-ZDJ46jr9LooyPr_qw","","","2"
"タイトーステーションイオンモール高の原","京都府 木津川市 相楽台 1-1-1　イオンモール高の原4F","S5iTiYyd6HRuYM6PZmmSig","","","2"
"アミパラ久御山","京都府 久世郡久御山町 森 大内337　イオンタウン久御山内","kE9wqLXYZ72SNCMOD716sA","","","2"
"モーリーファンタジー久御山","京都府 久世郡久御山町 森南大内 156-1　イオンモール久御山　イオン久御山店2F","nou_E9jQmqKxKOoCy2Kotg","","","2"
"GiGO アル・プラザ醍醐","京都府 京都市伏見区 醍醐高畑町 1-37　アル･プラザ醍醐3F","eR4q_5MEsFn_ZdjKfPkatg","","","1"
"モーリーファンタジー桂南","京都府 京都市南区 久世上久世町 485　ダイエー桂南店2F","hPf9fE3hXieCy0PNcDPPyA","","","1"
"モーリーファンタジー洛南","京都府 京都市南区 吉祥院御池町 31　イオン洛南SC　イオン洛南店2F","8kqpVlvLwkBlzUL5Izt2Yg","","","1"
"モーリーファンタジー福知山","京都府 福知山市 岩井 79-8　イオン福知山店2F","bBSge_WfKsi0alu1Z4yj1Q","","","1"
"キッズワールドさとうバザールタウン舞鶴","京都府 舞鶴市 伊佐津 200-5　さとうバザールタウン舞鶴内","JveGw03in0shmTZ93jWKqg","","","1"
"モーリーファンタジー綾部","京都府 綾部市 綾中町 花ノ木30　さとうバザールタウン綾部アスパ館2F","cPw7MI6FC2GN-PtF4Yiz-g","","","1"
"タカラ島亀岡","京都府 亀岡市 篠町野条上又 11-1　アル・プラザ亀岡3F","Y91-6czmSVEP67C-TyETQA","","","1"
"NICOPA八幡","京都府 八幡市 八幡一ノ坪 23-1　イズミヤ八幡店1F","71ydreKMl-wy9wMmF4DC4Q","","","1"
"GiGO アル・プラザ京田辺","京都府 京田辺市 田辺中央 5-2-1　アル・プラザ京田辺3F","KwfTUfdbQ3dfEo0Y122nGA","","","1"
"タカラ島峰山","京都府 京丹後市 峰山町新町 1606-1　SCマイン4F","qdC0FYJ4ffvR-LdHg2fq3Q","","","1"
"アミュージアム木津川","京都府 木津川市 州見台 1-1-1-1　ガーデンモール木津川2F","3bIeYhLIjVqSs6TXR6d3aQ","","","1"
"namco梅田","大阪府 大阪市北区 小松原町 3-3　OSビル1～3F","LCI0iXEtSn8q48CMTp31cA","","","10"
"ラウンドワンスタジアム千日前","大阪府 大阪市中央区 難波 1-3-1","MVUXKbrszIHDDo0Ac5hR3A","","","9"
"GiGO 大阪道頓堀本店","大阪府 大阪市中央区 道頓堀 1-8-22","9yLtPLYvhFWoCk_Y9X1UzA","","","8"
"namcoららぽーと堺2F","大阪府 堺市美原区 黒山 22-1　ららぽーと堺2F","doz2G_IoOm8GK3StKmGNPw","","","8"
"namcoららぽーと門真","大阪府 門真市 松生町 204-3　ららぽーと門真3F","kml_j3RZog__CnXjweil9g","","","8"
"GiGO あべのキューズモール","大阪府 大阪市阿倍野区 阿倍野筋 1-6-1　あべのキューズモール3F　Q-332","TG1RAkJqffxIonjRFfwGWA","","","7"
"ラウンドワン梅田","大阪府 大阪市北区 小松原町 4-16","taxoTRMPY-gM6NmIRmu4bA","","","6"
"namcoイオンモール鶴見緑地","大阪府 大阪市鶴見区 鶴見 4-17-1　イオンモール鶴見緑地4F","g10xy42ESGkrvvEpJDeFFw","","","6"
"GiGO あべのアポロ3F","大阪府 大阪市阿倍野区 阿倍野筋 1-5-31　アポロビル3F","nui6xmZI1X5GWsvYBqLiGA","","","5"
"タイトーステーションアリオ八尾","大阪府 八尾市 光町 2-3　イトーヨーカドーアリオ八尾店3F","qq8e7_KoZ4N1m5kvnoo9Lw","","","5"
"ヨドバシカメラマルチメディア梅田","大阪府 大阪市北区 大深町 1-1　ヨドバシカメラマルチメディア梅田店5F　ヨドバシキャッチャー","6nYb1lmhHBDcMWnxP0BZfQ","","","4"
"GiGO 今福","大阪府 大阪市城東区 今福東 1-9-34","lfniabigtUGQPWjLr8EMzw","","","4"
"namcoなんばパークス","大阪府 大阪市浪速区 難波中 2-10-70　なんばパークス6F","fhUBjEW6SAqTKY9WIOnA0A","","","4"
"ラウンドワンスタジアム堺中央環状","大阪府 堺市東区 石原町 2-241","TqqhKc5g7x8_TcAJjmt1-A","","","4"
"namcoアリオ鳳","大阪府 堺市西区 鳳南町 3-199-12　アリオ鳳3F　3280","b-YjbsZA1ghKsuP2XkemDA","","","4"
"バンダイナムコ Cross Store イオンモール大日","大阪府 守口市 大日東町 1-18　イオンモール大日4F","z-BtUMqyz6QDyrUtpo3erg","","","4"
"namcoくずはモール","大阪府 枚方市 楠葉花園町 10-85　KUZUHA MALL南館2F","qaHZwTKoFamEEjPOdokSUw","","","4"
"あそVIVA阪急茨木","大阪府 茨木市 永代町 6-2　スポーツプラザ茨木2F","p94C8E_nLnhaMdWLHnkZsg","","","4"
"namcoセブンパーク天美","大阪府 松原市 天美東 3-500　セブンパーク天美3F","a84DIm4PurU1JAWtNh8Q5Q","","","4"
"GiGO 布施","大阪府 東大阪市 長堂 1-1-1　ロンモール布施内","ALdFrzpnQgaKh8YaRJZS-A","","","4"
"アピナ交野","大阪府 交野市 私部西 1-33-20　MEGAドン・キホーテ交野店B1F","Pldg9b9Se-SUAh7IxiOxUw","","","4"
"タイトーステーション難波","大阪府 大阪市中央区 難波千日前 15-12","ogPrm7VAsOIdNvKw1M6Syw","","","3"
"モーリーファンタジーLINKS UMEDA","大阪府 大阪市北区 大深町 4-8　LINKS UMEDA内","XtDZQdSfuKTpJfrngp-fnw","","","3"
"ラウンドワンスタジアム城東放出","大阪府 大阪市城東区 今福南 3-4-38","-lFZW6r-HaLkGBgHB33OCw","","","3"
"namco大阪日本橋","大阪府 大阪市浪速区 難波中 2-1-17　コスモビル1～3F","XuQh9gkh3pkL170fhZUthg","","","3"
"ラウンドワンスタジアム堺駅前","大阪府 堺市堺区 戎島町 4-44-3","vDye4MmzU10qmBz4NdY_5Q","","","3"
"GiGO 新三国アルゴ７","大阪府 豊中市 神州町 1-15","1EfhnCSo134xvfPbovm2Rw","","","3"
"エンターテイメントフィールドららぽーとEXPOCITY","大阪府 吹田市 千里万博公園 2-1　ららぽーとEXPO CITY3F","dN1F14rkPc3MuSlDxd3iDA","","","3"
"ラウンドワンスタジアム高槻","大阪府 高槻市 辻子 3-6-4","CHwoPsffWJOSX4qcmaRVyg","","","3"
"namco枚方モール","大阪府 枚方市 岡東町 19-14　枚方モール4F","JJOqi5h26ODIY0lG-Te-IA","","","3"
"GiGO 枚方","大阪府 枚方市 須山町 83-1　サンシャインプラザ枚方内","gutn3npzhmDSkvOu4aMyKQ","","","3"
"Feedy Diner＆Arcade 茨木","大阪府 茨木市 松ケ本町 8-30-5　イオンモール茨木4F","nPwBiLH62jgu1Y-3tdGVSA","","","3"
"YAZ寝屋川","大阪府 寝屋川市 石津中町 25-26","x6fFczbRzrMnfLhz5gT0xg","","","3"
"アミパラ大東","大阪府 大東市 南新田 2-3-5","V39qvmc2SJPrPh28_TkEGg","","","3"
"ラウンドワンららぽーと和泉","大阪府 和泉市 あゆみ野 4-4-7　ららぽーと和泉4F　42100番","Y7a1A4xUJEnIcK0wkgYoQw","","","3"
"サープラ大阪道頓堀あそびタウン","大阪府 大阪市中央区 道頓堀 1-7-21　中座くいだおれビル2F","Oof4VTbAXpEgePrY4xRNAQ","","","2"
"ATCあそびマーレ","大阪府 大阪市住之江区 南港北 2-1-10　ITM棟5F","L7dJgrx2CjkQrGA8-aMYmw","","","2"
"namcoマグスミノエ","大阪府 大阪市住之江区 泉 1-1-82　マグスミノエ1F","N2XkauGg7dELBn1-LxIDlA","","","2"
"GiGO 東梅田","大阪府 大阪市北区 堂山町 9-28　スプラウトビル1F","T5vuSDX1gnJMuykosNxuKg","","","2"
"GiGO 大阪第4ビル","大阪府 大阪市北区 梅田 1-11-4　駅前第4ビルB1F","uA83rC9I7s-hjuo3n-gGug","","","2"
"バンダイナムコ Cross Store 大阪梅田","大阪府 大阪市北区 角田町 5-15　HEP FIVE 8F","tI6qqEp9rCtXT90QUDjVug","","","2"
"モーリーファンタジー喜連瓜破駅前","大阪府 大阪市平野区 瓜破 2-1-13　イオン喜連瓜破SC　イオン喜連瓜破駅前店3F","mMzcW8KBjEehsvYiDGAPLw","","","2"
"ラウンドワン東淀川","大阪府 大阪市東淀川区 菅原 7-14-29","453J7048vAECAghuRBOJmA","","","2"
"ソユーウェスタンシティ","大阪府 大阪市此花区 島屋 6-2-82　ユニバーサル・シティウォーク大阪3F","dCpS21GqnQBRiHoGeySrSg","","","2"
"タイトーステーション大阪日本橋","大阪府 大阪市浪速区 日本橋 4-9-14","AGzomhjWnkNK63BQaH8UzQ","","","2"
"GiGO 難波アビオン","大阪府 大阪市浪速区 難波中 2-3-15　MMOビルB1～3F","5BB8wDEw9o1OHziRDnANvQ","","","2"
"MECHA天保山","大阪府 大阪市港区 海岸通 1-1-10　天保山マーケットプレイス内","xu-Ec03L7CzY_5dextDnAg","","","2"
"モーリーファンタジー野田阪神","大阪府 大阪市福島区 海老江 1-1-23　ウイステ　イオン野田阪神店4F","2hSr-MfukwISLY-7vJQqBg","","","2"
"楽市楽座イオンモール大阪ドーム","大阪府 大阪市西区 千代崎 3-13-1　イオンモール大阪ドームシティ4F","J2isnxHeuteUsLNuxLPnNQ","","","2"
"モーリーファンタジー大阪ドームシティ","大阪府 大阪市西区 千代崎 3-13-1　イオンモール大阪ドームシティ　イオン大阪ドームシティ店3F","PwW050ZanciWDskR6Dnfug","","","2"
"NICOPAベルファ都島","大阪府 大阪市都島区 友渕町 2-13-34　ベルファ都島SC3F","bVG5pq6kYg8-4fV2xSoEPA","","","2"
"カプコミクスあべのHOOP","大阪府 大阪市阿倍野区 阿倍野筋 1-2-30　HOOP3F","nmPKai2zV4djhKCM3ITCow","","","2"
"モーリーファンタジー鶴見緑地","大阪府 大阪市鶴見区 鶴見 4-17-1　イオンモール鶴見緑地　イオン鶴見緑地店3F","-4T3Qwp61Q0sXwU1V97oBw","","","2"
"モーリーファンタジー堺北花田","大阪府 堺市北区 東浅香山町 4-1-12　イオンモール堺北花田　イオン堺北花田店2F","BNraLyYLQ9RNfPKzpDwcUw","","","2"
"ソユーゲームフィールド堺鉄砲町","大阪府 堺市堺区 鉄砲町 1　イオンモール堺鉄砲町3F","QmB0AlrlJ1QgM_cEIVC72A","","","2"
"楽市楽座ビバモール美原南インター","大阪府 堺市美原区 黒山 1008　ビバモール美原南インター2F","oGAsyolOY_UXxjGenJiywg","","","2"
"ふぇすたらんどおおとり","大阪府 堺市西区 鳳東町 7-733　おおとりウイングス　イオンスタイルおおとり店2F","c26VXrJFLXakh5N6A7d8oQ","","","2"
"ラウンドワン岸和田","大阪府 岸和田市 八阪町 2-11-1","sF4kSwSodCtGUuNMhUYdjw","","","2"
"ラウンドワン豊中","大阪府 豊中市 名神口 1-1-1","jGnjVTBlAUSWmzp-umVA3Q","","","2"
"関大前フタバボウル","大阪府 吹田市 千里山東 1-7-18","XEs_KHA71r6fYxhqZs5Rng","","","2"
"泉大津フタバボウル","大阪府 泉大津市 松之浜町 1-2-53","yW41TxaPyGk0rhnWe-XFRg","","","2"
"タイトーFステーションイオンフードスタイル摂津富田","大阪府 高槻市 大畑町 13-1　イオンフードスタイル摂津富田店2F","L6yKWBxveFzCNcV2p5A6Rw","","","2"
"モーリーファンタジー高槻","大阪府 高槻市 萩之庄 3-47-2　イオン高槻店3F","NM2E82uSkUWyQsdQHeUTvQ","","","2"
"モーリーファンタジー貝塚","大阪府 貝塚市 地蔵堂 74-2　イオン貝塚店2F","v18BOKLliuq3QuwW1wVzaw","","","2"
"ラウンドワン守口","大阪府 守口市 佐太東町 2-6-14　ジャガーグリーン2F","3yQ5-VfmF89U09jSCUxtCw","","","2"
"モーリーファンタジー大日","大阪府 守口市 大日東町 1-18　イオンモール大日　イオン大日店2F","EVsDaTGtThPF4zFLjFP3xQ","","","2"
"モーリーファンタジー茨木","大阪府 茨木市 松ケ本町 8-30-5　イオンモール茨木　イオンスタイル茨木3F","14C3dbdabyz9w8QXH6jGew","","","2"
"イトーヨーカドーアリオ八尾店コロコロベースブラザーズ","大阪府 八尾市 光町 2-3　イトーヨーカドーアリオ八尾店内","Vvw7APZ7bokGGe5I-VgDFg","","","2"
"ゲームフェイス八尾","大阪府 八尾市 天王寺屋 2-68","jvHzGXoj0B2TF_W-Yr25cQ","","","2"
"タイトーFステーションりんくうシークル","大阪府 泉佐野市 りんくう往来南 3","Uto2YdLAH7jP3D9Vhwq74Q","","","2"
"GiGO いこらも～る泉佐野","大阪府 泉佐野市 下瓦屋 2-2-77　いこらも～る泉佐野1F","YIUaIUjaChzAEJIQxA5VFQ","","","2"
"GiGO イオンモール日根野","大阪府 泉佐野市 日根野 2496-1　イオンモール日根野2F","UWN9mf-WPIiHLXYxIPNzBg","","","2"
"GiGO アル・プラザ香里園","大阪府 寝屋川市 日新町 5-5　アル・プラザ香里園3F","8w3DXCjz9lqxljt_TbOMbQ","","","2"
"アミパラ光明池","大阪府 和泉市 室堂町 824-36　コムボックス光明池2F","yVtkEc2vzb6TUaySopZr2g","","","2"
"モーリーファンタジー和泉府中","大阪府 和泉市 肥子町 2-2-1　イオン和泉府中店4F","dkru88YavZzfYvDM6l-t9g","","","2"
"ソユーゲームフィールドみのおキューズモール","大阪府 箕面市 西宿 1-15-30　みのおキューズモールCENTER棟2F","ORr3JJgR4qLtaHj-hf6J8Q","","","2"
"モーリーファンタジーそよら古川橋","大阪府 門真市 末広町 41-2　イオンそよら古川橋内","SI9nDI3Zc7K3gJOo8D5eJA","","","2"
"プラサカプコン藤井寺","大阪府 藤井寺市 岡 2-10-11　イオン藤井寺SC2F","xl39-WUJlfUJJqClP53IzQ","","","2"
"トップラン東大阪","大阪府 東大阪市 東鴻池町 1-6-30　イオンタウン東大阪店2F","dthIlMt0IQJQvbmYviN9xA","","","2"
"GiGO フレスポ東大阪","大阪府 東大阪市 稲田新町 3-9-64　フレスポ東大阪2F","qAOoHRSJKLV7LU1qY7u67A","","","2"
"ラウンドワン東大阪","大阪府 東大阪市 若江南町 1-2-12","r7GRSAqg4lGK55-Ek46meg","","","2"
"モーリーファンタジーりんくう泉南","大阪府 泉南市 りんくう南浜 3-12　イオンモールりんくう泉南　イオンりんくう泉南店2F","u5atmFFpjLP31OayABy0jw","","","2"
"楽市楽座イオンモール四條畷","大阪府 四條畷市 砂 4-3-2　イオンモール四條畷3F","cydEWAWcB5iWCldMCIZbSw","","","2"
"モーリーファンタジー四條畷","大阪府 四條畷市 砂 4-3-2　イオンモール四條畷　イオンスタイル四條畷3F","9ZJiUfjh8KLHzMaipssScw","","","2"
"ファミリーランド南港ポートタウンSC","大阪府 大阪市住之江区 南港中 2-1-109　南港ポートタウンSC2F","68so9RBXJIwfrh8coRTA3g","","","1"
"PiNO SPAあびこ駅前","大阪府 大阪市住吉区 我孫子東 2-8-34　イオンタウンあびこ駅前3F","Lh4QitFMJnZWkgWvD1pS7w","","","1"
"GiGO Arcade Cafe KITTE大阪","大阪府 大阪市北区 梅田 3-2-2　JPタワー大阪6F","dSwHWG5jxF0xQVGyoScROA","","","1"
"わくわくカーニバル今福","大阪府 大阪市城東区 今福東 1-10-5　今福ファミリータウンB1F","LGyZRnpy_7bsxlMgPS3skQ","","","1"
"GiGO かみしんプラザ","大阪府 大阪市東淀川区 大隅 1-6-12　かみしんプラザ2F","feD6-rBzuqnOwty_TJJiAw","","","1"
"スパワールド","大阪府 大阪市浪速区 恵美須東 3-4-24","iR1t_2a070sBvVMYvzA08w","","","1"
"LABI1なんば","大阪府 大阪市浪速区 難波中 2-11-3","Fe8WLGsH1-xIDGH9-Z-98A","","","1"
"ゲームポイントシャトーEX","大阪府 大阪市都島区 東野田町 3-9-3　グランシャトービル1・2F","-x28HPgenhZKihyQAozJkw","","","1"
"レインボーランド泉北","大阪府 堺市中区 小阪 270　イズミヤ泉北店2F","D_rSnmvkE0FMLL6GUiz3Pw","","","1"
"ファミリーアミューズメント中もず","大阪府 堺市北区 中百舌鳥町 3-428-2　ホームセンターコーナン中もず店2F","Hau-3bsQ058K04tx5GFG_w","","","1"
"NICOPAアクロスモール泉北","大阪府 堺市南区 原山台 5-9-8　アクロスモール泉北1F","-S21Z7pS4CzfrUiZRi9xeQ","","","1"
"モーリーファンタジー堺鉄砲町","大阪府 堺市堺区 鉄砲町 1-1　イオンモール堺鉄砲町　イオンスタイル堺鉄砲町3F","-opPsYeS1BIB_b3FvpWkdw","","","1"
"ハローズガーデン津久野","大阪府 堺市西区 下田町 20-1　イトーヨーカドー津久野店2F","_ZuHrXZ966Iyipgt78hzJg","","","1"
"キッズサーカスベスピア堺インター","大阪府 堺市西区 太平寺 711-1　ベスピア堺インター2F","-ZesHwVk8gJX1clrYnQ5BQ","","","1"
"ハローズガーデン鳳","大阪府 堺市西区 鳳南町 3-199-12　イトーヨーカドーアリオ鳳店3F","N6d5OyMfNWA4Vl1Xh91NkQ","","","1"
"アミュージアム岸和田","大阪府 岸和田市 下松町 1-3-1　ウィンディ岸和田店内","tog-D_lqzgu5w30Eaa_3xA","","","1"
"GiGO ラパーク岸和田","大阪府 岸和田市 春木若松町 21-1　ラパーク岸和田店2F","eiECoLPpGUQ8O1-oX5ScDQ","","","1"
"トム・ソーヤのなかまたち。岸和田","大阪府 岸和田市 港緑町 2-1　岸和田カンカンベイサイドモールEAST棟2F","xsoM2ZWu9dFXtnTDZSX5Qw","","","1"
"NICOPA池田駅前","大阪府 池田市 満寿美町 2-2","rUQkGoAtT1sMLX-t1r8ETg","","","1"
"NICOPA南千里","大阪府 吹田市 千里山西 6-56-1","r-np6IvETai_99i26tZ6ow","","","1"
"NICOPA千里丘","大阪府 吹田市 山田南 1-1　イズミヤ千里丘店2F","tguWdNnEGQspaxJ5u-djPg","","","1"
"モーリーファンタジー吹田","大阪府 吹田市 朝日町 2-101　イオン吹田店4F","yBn1mKJKCujA67XWpCKitA","","","1"
"NICOPA和泉府中","大阪府 泉大津市 東豊中町 1-5-10　カナートモール和泉府中店2F","new9mqUpd2SR0dF06gzz9A","","","1"
"DCMダイキ貝塚","大阪府 貝塚市 石才 217　DCMダイキ貝塚店内ゲームコーナー","GN8kD31fXS7BMLJdsslmDQ","","","1"
"モーリーファンタジーニトリモール枚方","大阪府 枚方市 北山 1-2-1　ニトリモール枚方2F","wxGwBEFZbGbOu8-Bac-0cA","","","1"
"アミュージアム枚方","大阪府 枚方市 岡本町 7-1　枚方ビオルネ3F","E4eK_gcnKeWJ9S0vcIyEDQ","","","1"
"GiGO アル・プラザ枚方","大阪府 枚方市 津田元町 1-4-1　アル･プラザ枚方3F","6P5nhOWwplAh-nehwvmP0A","","","1"
"GiGO アル・プラザ茨木","大阪府 茨木市 上郡 2-12-8　アル・プラザ茨木3F","LvMcPjWiMPf9QqATh_BYIg","","","1"
"ピカキッズ八尾","大阪府 八尾市 光町 2-3　イトーヨーカドーアリオ八尾店3F","RFIasdGpF6wNhf0ImmR7nw","","","1"
"LINOAS PlayLot","大阪府 八尾市 光町 2-60　リノアス5F","BkJ547X6fTk4Quu07Vl2WA","","","1"
"レインボーランド八尾","大阪府 八尾市 沼 1-1　イズミヤ八尾店内","KYF4rGuVMCqfzs49BxzKnA","","","1"
"モーリーファンタジー日根野","大阪府 泉佐野市 日根野 2496-1　イオンモール日根野　イオン日根野店2F","4UmWoSMNEz7o3l5UZHyfgA","","","1"
"モーリーファンタジー金剛東","大阪府 富田林市 向陽台 3-1-1　イオン金剛東店4F","MSE3GqKQNQ-4OQ6bX0vvjA","","","1"
"GiGO ビバモール寝屋川","大阪府 寝屋川市 寝屋南 2-22-2　ビバモール寝屋川　モール棟2F","FNeD9fYqxpPHxYXQEakb2Q","","","1"
"モンキートリック","大阪府 寝屋川市 香里南之町 32-5　YNレジデンス香里2F","VwnYvgSVG-UR4-FFq8aZ_A","","","1"
"てんとう虫パーク BIG STAGE 河内長野","大阪府 河内長野市 原町 4-2-3","9huZ3UFBhgFVK_-cOEn8ew","","","1"
"わくわくアミーゴ河内長野","大阪府 河内長野市 本町 24-1　ノバティながの北館4F","2PUVIT4dBUIXmlYrPHZQzA","","","1"
"BOWL ARROW 松原","大阪府 松原市 大堀 1-1-9　ボウルアロー松原店","BcY-6_jRBjlX8_-T1aw1Dg","","","1"
"タイトーFステーション住道","大阪府 大東市 赤井 1-4-3　ポップタウン住道オペラパーク南館3F","gO95kQCJIQR28SRK6Ygrag","","","1"
"namcoららぽーと和泉","大阪府 和泉市 あゆみ野 4-4-7　ららぽーと和泉2F","19yFYMubWoN-UvN92ZoOaw","","","1"
"モーリーファンタジーエコール・いずみ","大阪府 和泉市 いぶき野 5-1-11","v_4n9S5Gm9hFEvsG-vvxPg","","","1"
"ゲーム・ザ・ゴリラ","大阪府 和泉市 伏屋町 4-10-51","ZMA91uLVOmXmkrNPW_IC3w","","","1"
"GiGO 和泉","大阪府 和泉市 肥子町 2-4-41","fzoOmvZEXl43vvxvttoacQ","","","1"
"ふぇすたらんど東大阪","大阪府 東大阪市 西岩田 3-2-3　山陽マルナカ東大阪店2F","_gscaos23SJqdyOF1ZkK1A","","","1"
"GiGO イオン鴻池","大阪府 東大阪市 鴻池町 1-1-72　イオン鴻池店2F","MiC15x5j66hkO7wWeQm35Q","","","1"
"ふぇすたらんど金剛","大阪府 大阪狭山市 半田 1-22　そよら金剛内","np-MBcs1c7xLSZq6UHHjeQ","","","1"
"わくわくアミーゴオークワ尾崎","大阪府 阪南市 下出 167-1　オークワわくわくシティ尾崎店2F","lz1wL2A38LQXZHUIl2GkmQ","","","1"
"namcoイオンモール神戸南","兵庫県 神戸市兵庫区 中之島 2-1-1　イオンモール神戸南3F","U1MIuosup77g1ffPE0Oh0A","","","8"
"アピナ姫路","兵庫県 姫路市 東郷町 1454-3　姫路リオス2F","OoQZ3l2xFyy7cdHaLUPxpQ","","","5"
"GiGO 神戸umieモザイク","兵庫県 神戸市中央区 東川崎町 1-6-1　神戸モザイク3F","HDcbRZTNlZu2QAN4Ltu6Mg","","","4"
"GiGO 神戸umieサウスモール","兵庫県 神戸市中央区 東川崎町 1-7-2　umie SOUTH MALL 4F","3gTLzFpMa1ssSP-xCnlJoQ","","","4"
"GiGO 三宮北口","兵庫県 神戸市中央区 北長狭通 1-8-1　コスモビル2F","bi1AfFo-XTrAT-2yc78hng","","","3"
"ラウンドワン三宮駅前","兵庫県 神戸市中央区 小野柄通 6-1-17","TUn5h-mmq5OVNUjN0d3M-w","","","3"
"G-pala 花北","兵庫県 姫路市 増位新町 1-6　ヴィーナスタウン花北2F","5CGjduH69nK99yIKnlSY-g","","","3"
"GiGO 姫路駅前","兵庫県 姫路市 駅前町 254　姫路OSビルB1F","SntAV8PvUXJbmAdwZE2cjg","","","3"
"GiGO つかしん","兵庫県 尼崎市 塚口本町 4-8-1　つかしんにしまち2F","lggedNv2RSjdQUcewDQYCg","","","3"
"NICOPA伊丹昆陽","兵庫県 伊丹市 池尻 4-1-1　イオンモール伊丹昆陽4F","eKz_wqwcYIl1zApmgS_wdQ","","","3"
"アミパラ加古川","兵庫県 加古川市 尾上町今福 71-2","6ajP4KZNxfZ8c95cv1J1bw","","","3"
"GiGO 三宮南口","兵庫県 神戸市中央区 三宮町 1-7-17　三慶ビル","pEEBSOHv__In4VlY94d51A","","","2"
"タイトーFステーション三宮西館","兵庫県 神戸市中央区 三宮町 2-11-1　センタープラザ西館3F","ZMaLfVUyoNX54hkh4CRy9A","","","2"
"アルゴ","兵庫県 神戸市中央区 下山手通 1-1-8","I2cuaeHkGExVtOWE9iFeUw","","","2"
"タイトーFステーションダイエー湊川","兵庫県 神戸市兵庫区 荒田町 2-18-20　ダイエー湊川店3F","bq0I0OnkXFhJ1iheUyv8_A","","","2"
"楽市楽座イオンモール神戸北","兵庫県 神戸市北区 上津台 8-1-1　イオンモール神戸北3F","0G7y1Ha7HPPbvuStUcdHZg","","","2"
"アミパラ垂水","兵庫県 神戸市垂水区 名谷町字室山 1400-18","kaitpjdXRTkENQ2Rsns2uw","","","2"
"モーリーファンタジージェームス山","兵庫県 神戸市垂水区 青山台 7-7-1　イオンジェームス山店1F","Ifh5imdjYFTjJuqYzT8vrg","","","2"
"メガパレス遊スペースアローズ","兵庫県 神戸市西区 丸塚 2-9-18　ホームランスタジアムメガパレス2F","-Mx1COw66CAbhYG-g8KtuA","","","2"
"NICOPA神戸玉津","兵庫県 神戸市西区 森友 3-7-3　イズミヤ神戸玉津店2F","jKDsB3QvduMqZ1D1p76QEw","","","2"
"アミパラ伊川谷","兵庫県 神戸市西区 池上 3-2-3","a3V6gFMRTuSVu97GjH2PMg","","","2"
"モーリーファンタジー西神中央","兵庫県 神戸市西区 糀台 5-3-4　ダイエー西神中央店3F","85WoF27r0DEm2EaJBDhJbA","","","2"
"モーリーファンタジー姫路大津","兵庫県 姫路市 大津区大津町 2-5　イオンモール姫路大津　イオン姫路大津店2F","TSrQBc5IjdZvCdXE15ZNLA","","","2"
"ふぇすたらんど広畑","兵庫県 姫路市 広畑区吾妻町 3-29-2　マルナカ広畑店2F","B6q50K_M69nQhHS1-_iEfg","","","2"
"アミパライオンタウン姫路","兵庫県 姫路市 延末 435-3　イオンタウン姫路1F","Kanf5QRq2gaw-8t9We0fow","","","2"
"ゆめパーク姫路","兵庫県 姫路市 神子岡前 3-12‐17　ゆめタウン姫路4F","zswGS2CaEOXoJ-cKLn4WNg","","","2"
"ラウンドワン姫路飾磨","兵庫県 姫路市 飾磨区中島 1-254","xswXcjaarG16hdpeqe4QoQ","","","2"
"GiGO イオンモール姫路リバーシティー","兵庫県 姫路市 飾磨区細江 2560　イオンモール姫路リバーシティー店内","-PrY4cSW9s1jdSPQVscYVA","","","2"
"タイトーFステーション姫路","兵庫県 姫路市 駅前町 269","w1Yz33HMFc81gjS8rTEUoA","","","2"
"タイトーステーション尼崎つかしん","兵庫県 尼崎市 塚口本町 4-8-1　つかしんひがしまち北館3F","ZXOxO6k4CQLEKgWFV6XGNA","","","2"
"モーリーファンタジー尼崎","兵庫県 尼崎市 次屋 3-13-18　イオン尼崎店2F","1MSEFIUZPh1TxSKvJTKHCg","","","2"
"GiGO あまがさきキューズモール","兵庫県 尼崎市 潮江 1-3-1　あまがさきキューズモール4F","cSHvBXsMa2EecFVaLcmE_A","","","2"
"モーリーファンタジー明石","兵庫県 明石市 大久保町ゆりのき通 3-3-1　イオン明石SC3番街3F","PmNUO7b-3dJW7mFIdJ4inA","","","2"
"タイトーFステーションアスピア明石","兵庫県 明石市 東仲ノ町 6-1　アスピア明石南館3F","odmITe31LAK0xPy-YLaBQg","","","2"
"タロフォフォ","兵庫県 西宮市 田中町 5-21","aQfVZ1GQSeAYMuwrTW_nSA","","","2"
"GiGO ららぽーと甲子園","兵庫県 西宮市 甲子園八番町 1-100　ららぽーと甲子園　ウッズウォークモール2F","Q1sAaF11AAThJQdz487t5A","","","2"
"GiGO コロワ甲子園","兵庫県 西宮市 甲子園高潮町 3-3　Corowa甲子園3F","BUFHlmbqjNJMT2kI-NCjpw","","","2"
"モーリーファンタジー洲本","兵庫県 洲本市 塩屋 1-1-8　イオン洲本SC　イオン洲本店2F","ajMjnRg3QIpMdAzjfyYJFw","","","2"
"モーリーファンタジー伊丹昆陽","兵庫県 伊丹市 池尻 4-1-1　イオンモール伊丹昆陽　イオン伊丹昆陽店3F","e1uMK4qwqC-XbooIERhc3w","","","2"
"テクモピア伊丹","兵庫県 伊丹市 藤ノ木 1-1-1　イオンモール伊丹3F","zBNDXTlEjbjmdzOB2HIvjA","","","2"
"モーリーファンタジー伊丹","兵庫県 伊丹市 藤ノ木 1-1-1　イオンモール伊丹　イオン伊丹店3F","5hcEWLChl4IpxWQ2XE3gZg","","","2"
"namco豊岡","兵庫県 豊岡市 中陰字大工 617　3F","P6IFzxR-h2tbDd7qleYm1w","","","2"
"ジョイプラザ豊岡","兵庫県 豊岡市 加広町 7-32　コープデイズ豊岡2F","JK-UFGSS7YLH8Nx3m2N1Ug","","","2"
"ハローズガーデン加古川","兵庫県 加古川市 別府町緑町 2　イトーヨーカドー加古川店3F","2oZLXoLTUs1eLVQ0YZgMmA","","","2"
"namcoニッケパークタウン加古川","兵庫県 加古川市 加古川町寺家町 173-1　ニッケパークタウン加古川店2F","0hFWTWOiiP0kdCdF_0Xjcg","","","2"
"ラウンドワン加古川","兵庫県 加古川市 尾上町安田 325-6","LU7xbmCJUpZoZNjsLxcm2Q","","","2"
"タイトーFステーション加古川","兵庫県 加古川市 平岡町新在家 615-1　イオン加古川店3F","3DqeEhy3Bvc6l8bqi5hkPA","","","2"
"namcoイオン赤穂","兵庫県 赤穂市 中広字別所 55-3　イオン赤穂店2F","Jlj7yK1G_1nByVWlN5cL-A","","","2"
"モーリーファンタジー三木","兵庫県 三木市 大村 字砂163　イオン三木店3F","2PiLZ1XOgUXmnAJJUUypHw","","","2"
"モーリーファンタジー三木青山","兵庫県 三木市 志染町青山 3-9　イオン三木青山店2F","37eUdAEaIYNIhIYwvQpf2g","","","2"
"モーリーファンタジー高砂","兵庫県 高砂市 緑丘 2-1-40　アスパ高砂　イオン高砂店2F","IueX2M8dH06NI9D-vs7eoA","","","2"
"プラザパル三田","兵庫県 三田市 けやき台 1-6-2　イオン三田ウッディタウン1番街3F","4Vsr1hJ2g7RmwneLi6_sfA","","","2"
"ハローズガーデン新三田","兵庫県 三田市 けやき台 1-6-4　イオン三田ウッディタウン店2番街1F","SycLABwKXm7o81FRLQSDew","","","2"
"モーリーファンタジーf 加西北条","兵庫県 加西市 北条町北条 308-1　イオンモール加西北条　イオン加西北条店2F","BcBPxA4CWa07GG1uHpRnQA","","","2"
"モーリーファンタジー猪名川","兵庫県 川辺郡猪名川町 白金 2-1　イオンモール猪名川　イオン猪名川店3F","0gK0OdyMDAcNdxMJ27bUkQ","","","2"
"ハローズガーデン猪名川","兵庫県 川辺郡猪名川町 白金 2-1　イオンモール猪名川店3F","2aSpOzspn9TX8UJE01axJQ","","","2"
"神戸ハーバーランド温泉 万葉倶楽部","兵庫県 神戸市中央区 東川崎町 1-8-1　プロメナ神戸10F","rVopdtaE-vqq5xBOWKJk0Q","","","1"
"遊スペースマジカル","兵庫県 神戸市中央区 琴ノ緒町 5-2-3","nc6fPgsQjV75DuRSkzX7JQ","","","1"
"タイトーFステーションHAT神戸","兵庫県 神戸市中央区 脇浜海岸通 2-2-2　ブルメールHAT神戸2F","gMZzVHPaUHSGfvAwPpOXiQ","","","1"
"モーリーファンタジー神戸北","兵庫県 神戸市北区 上津台 8-1-1　イオンモール神戸北　イオン神戸北店3F","saUUivUTaPW5cWSC0KSoFw","","","1"
"お宝発見北神戸","兵庫県 神戸市北区 八多町中 1150","OD_BFowWdSRVvfc2rWPXhg","","","1"
"わくわくカーニバル","兵庫県 神戸市北区 日の峰 2-6-1　コアキタマチSC3F","H4JukavavQ4WzZzs_8wodg","","","1"
"有馬グランドホテルゲームコーナー","兵庫県 神戸市北区 有馬町 1304-1","uQrc0fNdsZc6GBcCE1li4Q","","","1"
"モーリーファンタジー藤原台","兵庫県 神戸市北区 藤原台中町 1-2-2　イオン藤原台店4F","CiqrFemwnZENLWuAJ44H3w","","","1"
"お宝発見舞多聞","兵庫県 神戸市垂水区 舞多聞東 2-1-45　ブルメールガーデンシティ舞多聞2F","28qUITE7S3kWBQoZFQhl5A","","","1"
"モーリーファンタジー舞子","兵庫県 神戸市垂水区 舞子台 6-20-17　ダイエー舞子店2F","5ntEnH4iv4RXMVlvMFYOGg","","","1"
"アミュスタKOBE","兵庫県 神戸市東灘区 向洋町中 2-9-1　ROKKO iPARK 9F","NVsoMtRE0rdlgX-LJytvzg","","","1"
"カインズ深江浜","兵庫県 神戸市東灘区 深江浜町 59-5　カインズ深江浜店内ゲームコーナー","NhcrZKFa_XJxKU4DUQfhrg","","","1"
"GiGO フェニックスプラザ摩耶","兵庫県 神戸市灘区 味泥町 6-1　フェニックスプラザ1F","2STKse6El5MNaebPuzM3mw","","","1"
"カインズ神戸西神南","兵庫県 神戸市西区 井吹台西町 1-1　カインズ神戸西神南店内ゲームコーナー","IpdXopVrG3z0uLZx7wrcKg","","","1"
"ふぇすたらんど神戸学園","兵庫県 神戸市西区 学園西町 1-4　イオンフードスタイル神戸学園店2F","TbuQ6ux071S8L4cEI0hSnA","","","1"
"モーリーファンタジー長田南","兵庫県 神戸市長田区 東尻池新町 1-20　イオン長田南SC2F","g2MEBnM3eIW_-VIKGX4Dvg","","","1"
"モーリーファンタジー名谷","兵庫県 神戸市須磨区 中落合 2-2-2　ダイエー名谷店3F","Aaw_M901OXAjDo8lpdsnTg","","","1"
"モーリーファンタジー板宿","兵庫県 神戸市須磨区 前池町 3-2-1　ダイエー板宿店4F","4ZCOABSQ5U9dLKHJ2pLW9w","","","1"
"NICOPA姫路広畑","兵庫県 姫路市 広畑区夢前町 1-1-1","uLyAodcL7gNHt6qvBCIeRA","","","1"
"テックランドムサシ姫路","兵庫県 姫路市 広畑区夢前町 3-1-7　ホームセンタームサシ姫路店2F","SOwswHgBGEjcnBmua496Ig","","","1"
"姫路セントラルパークサイバーステーション","兵庫県 姫路市 豊富町神谷 1436-1　姫路セントラルパーク内","bky-W9ELGanQ3BcTEqf6Pg","","","1"
"モーリーファンタジー姫路リバーシティー","兵庫県 姫路市 飾磨区細江 520　イオンモール姫路リバーシティー　イオン姫路リバーシティー店1F","L7clk2J-6Wj9VMNpuLXk8g","","","1"
"ラウンドワンJR尼崎駅前","兵庫県 尼崎市 潮江 1-4-5　プラストいきいき館4F","WIDBwzqiRAPOFG3QHeStYQ","","","1"
"きゃらんどスーパーシティ明石","兵庫県 明石市 二見町西二見駅前 1-18　イトーヨーカドー明石店3F","jZnC2EJ0tJHl139S6SeGeQ","","","1"
"WAY書店TSUTAYA西明石","兵庫県 明石市 藤江 中谷928","ME966EXpFSX8FmlY2e6oWQ","","","1"
"GiGO 明石","兵庫県 明石市 魚住町清水 2464-1　ドライブインながさわ内","rNwtCDVue4KXJ-Il_oQTxQ","","","1"
"ふぇすたらんど土山","兵庫県 明石市 魚住町清水字舞々 2208-1　イオン土山店3F","ydHCYprBcA_-lk0LsWoRcw","","","1"
"モーリーファンタジー西宮","兵庫県 西宮市 林田町 2-24　イオン西宮店2F","R66nTElUWz-dzE86abq7GA","","","1"
"夢海游 淡路島","兵庫県 洲本市 山手 1-1-50　本館1Fゲームコーナー","8cpzKAe4nrNNunPnisfWyg","","","1"
"ラウンドワン伊丹","兵庫県 伊丹市 昆陽 7-29","KOlZofSMIbSVO6sRsVUxWQ","","","1"
"NICOPA昆陽","兵庫県 伊丹市 池尻 1-1　イズミヤ昆陽店3F","D79XQnptupj5j9ae9F4EVQ","","","1"
"キッズパーク さとう豊岡アイティ","兵庫県 豊岡市 大手町 4-5　さとう豊岡店アイティ4F","FpRvfMsY7Dmeb2KdwS1JLA","","","1"
"遊スペーススプラ","兵庫県 加古川市 尾上町安田 351-1　ホームランスタジアムメガコート2F","c5vpZdYSEmCdGCmTNLtuOQ","","","1"
"モーリーファンタジー宝塚中山","兵庫県 宝塚市 売布東の町 21-22　ダイエー宝塚中山店2F","u4W3LLO_b29HlP70RBsCkA","","","1"
"ネスタリゾート神戸","兵庫県 三木市 細川町垂穂 894-60","6l4KF3okPfN0Ol6z4XvJ6Q","","","1"
"アミューズスペースミール","兵庫県 三田市 対中町 5-21","U6T01Y4tLcCMo24JTtaOwQ","","","1"
"VIVO氷上","兵庫県 丹波市 氷上町本郷 300　ゆめタウン氷上2F","boAlVjGPcVrAh2Qt4XdV-A","","","1"
"モーリーファンタジー南淡路","兵庫県 南あわじ市 賀集八幡 北字東内378-1　イオン南淡路店1F","pvsTN8_wa3IoCUbPQ8_nng","","","1"
"モーリーファンタジー和田山","兵庫県 朝来市 和田山町枚田岡 774　イオン和田山SC　イオン和田山店2F","r4aLUPZ_WBrIjQtdUmAj-A","","","1"
"淡路ワールドパークONOKORO","兵庫県 淡路市 塩田新島 8-5　淡路ワールドパークONOKORO内ゲームコーナー","qsfsdg01IbiOuhGHrlZOVQ","","","1"
"GiGO イオン淡路","兵庫県 淡路市 志筑新島 10-2　イオン淡路店内","0eoR27eDwQ1ykTa_exHptQ","","","1"
"モーリーファンタジー山崎","兵庫県 宍粟市 山崎町中井 7-4　サキランドSC　イオン山崎店3F","aoV3znriSlgpVMkiLnK0lg","","","1"
"モーリーファンタジー社","兵庫県 加東市 社 1126-1　イオン社店2F","Du4XV8XFWB2-CJXuh4NCxw","","","1"
"社スポーツレーン","兵庫県 加東市 社 1189-1","1xwHd-EH6yRCyKXVR7LpFQ","","","1"
"ファンキーポリス土山","兵庫県 加古郡稲美町 六分一 1181","KE3vGsAU1w5dXLzTj4Ev_Q","","","1"
"ゲームアイビス太子","兵庫県 揖保郡太子町 太田 2149","VGUFhDJD_9Vqs6rzTaqKIA","","","1"
"ゲームピコ篠山","兵庫県 篠山市 杉 265-1　バザールタウン篠山NEWS館2F","P1bomUKt7qz_pO6lEVAFLg","","","1"
"ラウンドワンスタジアム奈良ミ・ナーラ","奈良県 奈良市 二条大路南 1-3-1　ミ・ナーラ5F","9yUTB1_pofBLF-qshTdG7g","","","4"
"namcoトナリエ大和高田","奈良県 大和高田市 幸町 3-18　トナリエ大和高田3F","8XUbGqkNv0X8vabTCBF_nA","","","3"
"エンターテイメントフィールド奈良橿原","奈良県 橿原市 曲川町 7-20-1　イオンモール橿原2F","tdyh2eY5i1Urq2ZBB5fhYw","","","3"
"楽市楽座イオンモール大和郡山","奈良県 大和郡山市 下三橋町 741　イオンモール大和郡山3F","G9VH6BXYXC-IkEzOkvKOCQ","","","2"
"モーリーファンタジー大和郡山","奈良県 大和郡山市 下三橋町 741　イオンモール大和郡山　イオン大和郡山店3F","jFWbzafcxQDqftY2B48vOA","","","2"
"ハローズガーデン大和郡山","奈良県 大和郡山市 田中町 517　アピタ大和郡山店2F","NvxTlNybAEHxv62o6qZauQ","","","2"
"モーリーファンタジー天理","奈良県 天理市 東井戸堂町 381　イオンタウン天理　ザ・ビッグエクストラ天理店1F","w47LGTohmNJxnb9YUWEFgg","","","2"
"アミパラ橿原","奈良県 橿原市 十市町 1222-1　ツインゲート橿原1F","6T7Ozj3xyknt9aneTc4Fdg","","","2"
"ソユーゲームフィールド奈良橿原","奈良県 橿原市 曲川町 7-20-1　イオンモール橿原3F","ioDu4RJS9OjlgIxPBNczUg","","","2"
"モーリーファンタジー桜井","奈良県 桜井市 上之庄 278-1　イオン桜井SC　イオン桜井店2F","6M9DEpf-ZUrYnEfnxsOMng","","","2"
"アミューズメントパークイオン奈良登美ヶ丘","奈良県 生駒市 鹿畑町 3027　イオンモール奈良登美ヶ丘3F","1ZxDgeSIQff32gM_gfpZEA","","","2"
"ラスパ西大和店ゲームコーナー","奈良県 北葛城郡上牧町 ささゆり台 1-1　ラスパ西大和2F","uMat1q_9EdLs598Ngslbkw","","","2"
"NICOPA広陵","奈良県 北葛城郡広陵町 安部 450-1　イズミヤ広陵店内","iGTl8jVG6MDDCrwg0hHfXg","","","2"
"アミューズメントCUE奈良三条","奈良県 奈良市 三条町 478-1","QkQUXrfKCB3Uu81qTufJuA","","","1"
"ゲオ奈良押熊","奈良県 奈良市 押熊町 404","6cx0u8MG9ztsldnJ9qqm6Q","","","1"
"キッズサーカス奈良柏木","奈良県 奈良市 柏木町 456-1","-RwMDM4CKPyHAwT4aJbi8A","","","1"
"アミューズメントCUE奈良大和高田","奈良県 大和高田市 東中 2-11-16","YBspbi5DwNbuhCVvJRqCOA","","","1"
"結屋大和郡山","奈良県 大和郡山市 筒井町 531-1　フォレオタウン筒井","p5St0cKAhXPIyJuBPK2MwQ","","","1"
"ゲームフェイス奈良健康ランド","奈良県 天理市 嘉幡町 600-1　奈良健康ランド1F","zNj-HzqCuwdl7IkBF3meZw","","","1"
"モーリーファンタジー橿原","奈良県 橿原市 曲川町 7-20-1　イオンモール橿原　イオン橿原店2F","v1HRxA-t02tVIIj1KS_bxg","","","1"
"ハローズオークワ御所","奈良県 御所市 室 1185-2　スーパーセンターオークワ御所店内ゲームコーナー","-VxiStO1Gnz5VzKZVxGMUw","","","1"
"モーリーファンタジー登美ヶ丘","奈良県 生駒市 鹿畑町 3027　イオンモール奈良登美ヶ丘　イオン登美ヶ丘店2F","RV0iQPbcJT8xjvx4Zj2Vlw","","","1"
"ユーズランド和歌山","和歌山県 和歌山市 ふじと台 23　イオンモール和歌山2F","_4QIg4wKtYX3JiRvvg8zEw","","","5"
"ラウンドワンスタジアム和歌山","和歌山県 和歌山市 小雑賀 739-3","4VNESAgg2ze3gSKRohVKWw","","","3"
"namcoパームシティ和歌山","和歌山県 和歌山市 中野 31-1　パームシティ和歌山店2F","NEMXqXnV5h28Woz7jOvn7w","","","2"
"NICOPA和歌山","和歌山県 和歌山市 新生町 7-20　イズミヤ和歌山店2F","LqCV3w1bn2BDGfm7Fz2nUw","","","2"
"namcoオークワパビリオンシティ田辺","和歌山県 田辺市 稲成町新江原 3165　パビリオンシティ田辺C館2F","65wbOgDKcRFjz0ERufQp8A","","","2"
"モーリーファンタジー新宮","和歌山県 新宮市 橋本 2-14-23　イオン新宮SC　イオン新宮店2F","pPzuo84ennpD5ILblpWQig","","","2"
"モーリーファンタジー和歌山","和歌山県 和歌山市 ふじと台 23　イオンモール和歌山　イオンスタイル和歌山店3F","eKTVgWJ_9tej4HSnZyHX_w","","","1"
"ピタゴラス和歌山","和歌山県 和歌山市 土入 73-1","37jenbdchd9NKhFGndyfVQ","","","1"
"ゲオ和歌山国体道路","和歌山県 和歌山市 新生町 12-12　1F","vuglQJNm0-SfBkUPcIS7fw","","","1"
"にこぱガーデンパーク和歌山","和歌山県 和歌山市 松江 字向鵜ノ島1469-1　ガーデンパーク和歌山2F","RolyxixWu94Q9Pi7t8WxrQ","","","1"
"ゲームゾーン和歌山","和歌山県 和歌山市 美園町 5-61　和歌山ミオ本館4F","va97IBVSWp3PL_LzKL_Uow","","","1"
"TSUTAYA WAY橋本","和歌山県 橋本市 妻 2-2-25","uowIskGJtgoNewojixRSfQ","","","1"
"タイトーFステーションオークワロマンシティ御坊","和歌山県 御坊市 湯川町財部 181　オークワロマンシティ御坊店3F","Pc92ZtoPg0q__CUY0AMbng","","","1"
"PALO田辺","和歌山県 田辺市 宝来町 24-26　グルメシティ田辺SC3F","BlpitsWKPhcu9UWKiQIVyA","","","1"
"WAY書店TSUTAYA田辺東山","和歌山県 田辺市 東山 1-12-19","tQOzKHhIUSyegcssK2WkcQ","","","1"
"タイトーFステーションオークワ南紀","和歌山県 新宮市 佐野 3-11-19　スーパーセンターオークワ南紀店1F","ocAy2YuzkXMU1nx2-CguhA","","","1"
"ゲオ新宮","和歌山県 新宮市 新宮 3615-4","seTikAB8l3dS2288hH6v-g","","","1"
"namcoイオンモール鳥取北","鳥取県 鳥取市 晩稲 348　イオンモール鳥取北2F","OTtl8Or1CHnpZpVOAntFyQ","","","4"
"アピナ鳥取","鳥取県 鳥取市 南隈 541　トリニティモールAゾーン2F","UfGNEiANyquO_nGG3iYtsQ","","","3"
"PALO鳥取","鳥取県 鳥取市 天神町 1　イオン鳥取店2F","k7y4lDI8CE0ZRYloYQgkNg","","","2"
"モーリーファンタジー鳥取北","鳥取県 鳥取市 晩稲 348　イオンモール鳥取北　イオン鳥取北店2F","ijqf_leHGdUNgtZKcuJiRg","","","2"
"アミパラがいな","鳥取県 米子市 日ノ出町 1-8-13","os3vWpHgugYrgvv37g6ADg","","","2"
"アピナ米子","鳥取県 米子市 米原 2-1320-1　MEGAドン・キホーテ米子店3F","VyPwNkBewr1b4DEYrYRm2Q","","","2"
"モーリーファンタジー日吉津","鳥取県 西伯郡日吉津村 日吉津 1160-1　イオンモール日吉津東館　イオン日吉津店2F","PD1EqkKqx3HAT7-L8e-jxA","","","2"
"アミパラ日吉津","鳥取県 西伯郡日吉津村 日吉津 1160-1　イオンモール日吉津西館2F","-HJOY45Niaxz7RCDktoHdg","","","2"
"GiGO 鳥取","鳥取県 鳥取市 安長 416","zcStNPdGPho8Lj_HnEdXkg","","","1"
"GiGO 米子","鳥取県 米子市 両三柳 2778-2","3_Gj2BajW3Prsyi4tk9wOA","","","1"
"モーリーファンタジー米子駅前","鳥取県 米子市 末広町 311　イオン米子駅前店3F","_6OxYaZahW27ughqY71jww","","","1"
"モーリーファンタジー天満屋米子しんまち","鳥取県 米子市 西福原 2-1-10　天満屋3F","SevEQuTQcUrygjPGJZ4btw","","","1"
"メリーランド倉吉","鳥取県 倉吉市 山根 557-1　パープルタウン2F","JliO3WNMOcyYeUMgJJlBYQ","","","1"
"you me CIRCUS 出雲","島根県 出雲市 大塚町 650-1　ゆめタウン出雲東館3F","x7aXBIGWLLvuV0FMcPedtg","","","3"
"PALO松江","島根県 松江市 東朝日町 151　イオン松江SC　イオン松江店3F","QMzwb3vgUDEO3vgrjV2QHg","","","2"
"アミパラ松江","島根県 松江市 東朝日町 203-1","XU-9NhPi1KASN583CkTHIA","","","2"
"アピナ浜田","島根県 浜田市 周布町 イ61-1","NbdXXQA2WKrhBwVDpOlSAw","","","2"
"モーリーファンタジー出雲","島根県 出雲市 渡橋町 1066　イオン出雲店2F","WpxfxHiLQNIavbWWsATb-w","","","2"
"ピノッキースパティオ益田","島根県 益田市 高津 7-21-12　ゆめタウン益田2F","DCnbeAr5LDUndDMP5Zz-6g","","","2"
"モーリーファンタジー江津","島根県 江津市 嘉久志町 2306-30　ショッピングタウングリーンモール2F","KtwQow12imgLpvthxZz8Ow","","","2"
"GiGO 松江","島根県 松江市 嫁島町 12-15","oaGJimiIdPF28uuaUugEwQ","","","1"
"モーリーファンタジー松江","島根県 松江市 東朝日町 151　イオン松江SC内","SIm-N33N5bvxnumVFz9JPg","","","1"
"ピノッキースパティオ浜田","島根県 浜田市 港町 227-1　ゆめタウン浜田3F","Axxd8T-tOVuugUFUH0bU1w","","","1"
"ゆめパークゆめタウン斐川","島根県 出雲市 斐川町上直江 1301-1　ゆめタウン斐川内","L8qdhCJeYQZt1YxLkKJczA","","","1"
"イオンタウン大田ゲームコーナー","島根県 大田市 長久町土江 97　イオンタウン大田内","tfLqZSvrburdzKTsj1pqqg","","","1"
"GiGO イオンモール岡山","岡山県 岡山市北区 下石井 1-2-1　イオンモール岡山6F","yKB8FMxcZGFPZs5QtgrZ8A","","","8"
"ユーズランド倉敷","岡山県 倉敷市 水江 1　イオンモール倉敷2F","6zfxKovNVthvnosimI8w9w","","","7"
"アミパラ岡山","岡山県 岡山市北区 青江 1-13-8","Zd8VCcI5EJCntk48EbZM1g","","","4"
"アミパラテクノランド","岡山県 岡山市北区 大和町 1-7-12","DawC43P4Q8oEstQL4-Kfmw","","","3"
"ラウンドワンスタジアム岡山妹尾","岡山県 岡山市南区 妹尾 3413-1","zWbsujVB3SP82RZAxvr1Kg","","","3"
"GiGO 倉敷","岡山県 倉敷市 西中新田 535-2","QtNwCZw3DdPOLH7JoLbExw","","","3"
"アミパラ倉敷","岡山県 倉敷市 西中新田 624-1　アミパラボウル1F","2PHgIg7a9QiT5o8-PsfIYg","","","3"
"ゆめタウン平島","岡山県 岡山市 東平島 163　ゆめタウン平島2F","Wapp6HNHsgeGRS4tGWV8Yg","","","2"
"GiGO 岡山藤崎","岡山県 岡山市中区 藤崎 599-12","ED-x3WSmxlp84meTmaDU8w","","","2"
"モーリーファンタジーf 岡山","岡山県 岡山市北区 下石井 1-2-1　イオンモール岡山　イオン岡山駅前店4F","zdB6Q7_AGCHkB0UKkXb1Jg","","","2"
"ふぇすたらんど築港","岡山県 岡山市南区 築港元町 14-1","QnWE2qz1Qm3PpzcTOOCeIg","","","2"
"ふぇすたらんど中島","岡山県 倉敷市 中島 2780-1　マルナカ中島店内","oPlg2sbxaTfLwxL_DGKIig","","","2"
"namcoアリオ倉敷","岡山県 倉敷市 寿町 12-2　アリオ倉敷2F","GVB0h_ymiD_r8U1MhOyBqg","","","2"
"ふぇすたらんど倉敷マスカット","岡山県 倉敷市 松島 1163-2　マルナカマスカット店別館3F","ntK_Yk58wZDGNpTDwU-sTA","","","2"
"モーリーファンタジー水島","岡山県 倉敷市 水島高砂町 3-11　イオンタウン水島SC　マックスバリュイオンタウン水島店1F","R0T8jhDAEYO8RqO99D0G7g","","","2"
"モーリーファンタジー倉敷","岡山県 倉敷市 水江 1　イオンモール倉敷　イオン倉敷店1F","dqSvAKGkSi3HTu-P6gEk5Q","","","2"
"タイトーFステーションマルナカ新倉敷","岡山県 倉敷市 玉島爪崎 981-1","ZouGoJC16xGHeTrxYsosew","","","2"
"アミパラ津山","岡山県 津山市 河辺 1000-1　イオンモール津山2F","pOviS87Prno_MT9Jyc0UGQ","","","2"
"モーリーファンタジー津山","岡山県 津山市 河辺 1000-1　イオンモール津山　イオン津山店2F","uRfxa2cavuO25zaQ9tlEzw","","","2"
"ピノッキーランドゆめタウン井原","岡山県 井原市 下出部町 2-11-2　ゆめタウン井原3F","BAjp38z6m_lFGbVLHl8q3w","","","2"
"アミューズメントパークMG リブ総社","岡山県 総社市 門田 187　天満屋ハピータウンリブ総社店3F","43RjJWhPRODk1BQjDUkQOA","","","2"
"プラント鏡野","岡山県 苫田郡鏡野町 布原 136　PLANT-5鏡野店内","xQ43ug44c1LTZ3DO1qVMHA","","","2"
"GiGO 天満屋ハピータウン原尾島","岡山県 岡山市中区 原尾島 1-6-20　天満屋ハピータウン原尾島店3F","B8ulhDNt04ZP6yd3TeWLfw","","","1"
"アミパラ東岡山","岡山県 岡山市中区 高屋 308-1　フレスポ高屋2F","07cf6Y4ZNjV-Sc2xxDvkPg","","","1"
"ふぇすたらんど高屋","岡山県 岡山市中区 高屋 36-1　マルナカ高屋店2F","T-tmRFh7mxhlbmurdolblw","","","1"
"GiGO 天満屋ハピータウン岡北","岡山県 岡山市北区 中井町 2-2-7　天満屋ハピータウン岡北店3F","VHmABA0bT-5K6-fH3tVTlw","","","1"
"岡山ヤングボウル","岡山県 岡山市北区 北長瀬表町 3-3-20","yfMauXIcBrn_SMvCU0S2kA","","","1"
"キッズスマイルエブリイOkanaka津高","岡山県 岡山市北区 横井上 83-3　エブリイOkanaka津高4F","kTpQSrsW25khFlbO9LXIrQ","","","1"
"GiGO 天満屋ハピータウン岡南","岡山県 岡山市南区 築港新町 1-18-5　天満屋ハピータウン岡南店3F","HOn6EhXsV4uMypwZ2ocF1Q","","","1"
"ふぇすたらんど平島","岡山県 岡山市東区 東平島 1609　マルナカ中島店内","KDNqy2_uJkcIfHoFam5FbQ","","","1"
"瀬戸大橋温泉 やま幸","岡山県 倉敷市 下庄 140-1","I6-ySLAXW_RP5iv9qKzXhw","","","1"
"GiGO トピア天満屋ハピータウン児島","岡山県 倉敷市 児島駅前 2-35　トピア天満屋ハピータウン児島店3F","8vudrXFk-ge16DGIT_9tuw","","","1"
"ピノッキースパティオ倉敷","岡山県 倉敷市 笹沖 1274-1　ゆめタウン倉敷3F","nqAIV0iki__yA16DnTvwdw","","","1"
"GiGO ショッピングモールメルカ","岡山県 玉野市 宇野 1-38-1　ショッピングモールメルカ玉野店3F","oZCLhRG7DjdgbB3VSlnBMQ","","","1"
"GiGO ポルカ天満屋ハピータウン高梁","岡山県 高梁市 中原町 1084-1　ポルカ天満屋ハピータウン高梁店2F","oHi0QWRmvq6kuJtu5nUwWQ","","","1"
"さんさんらんど新見","岡山県 新見市 正田字橋ノ本 433-6　サンパーク新見店内1F","7TPkMVt4PmgBGopPuZDRDQ","","","1"
"ハッピーランド山陽","岡山県 赤磐市 下市 133　マルナカ山陽店2Fゲームコーナー","cHV2IyM3l0SxUi7r2h-FjQ","","","1"
"ハッピーランド鴨方","岡山県 浅口市 鴨方町六条院中 2128-1　天満屋ハピータウン鴨方店3F","shvyeutiwepkO7PbP1PiEA","","","1"
"アピナ広島八丁堀西","広島県 広島市中区 八丁堀 16-10　ドン・キホーテ広島八丁堀西店6・7F","tqtXQDgtey5bIdSMbTx-0A","","","5"
"namcoイオンモール広島府中","広島県 安芸郡府中町 大須 2-1-1　イオンモール広島府中3F","eEJPWYFMvxEN_SwIMWgksQ","","","5"
"ラウンドワン広島","広島県 広島市中区 立町 3-11","05BgWC8_iCLCyI0oBh_iNQ","","","4"
"namcoゆめタウン広島","広島県 広島市南区 皆実町 2-8-17　ゆめタウン広島3F","Wj5NTlKdUoi1bhvDoCA98w","","","4"
"GiGO 尾道","広島県 尾道市 新浜 1-2-13","pq0UJ_Tk5ypgxof5nq6DIA","","","4"
"namcoゆめタウン廿日市","広島県 廿日市市 下平良東 2-2-1　ゆめタウン廿日市3F","8TcSxze5rjY-z1L7-vS43g","","","4"
"ビバーチャ","広島県 広島市中区 南竹屋町 10-17","EoiosiZb6MOwl57bX42ZbA","","","3"
"GiGO 広島本通","広島県 広島市中区 本通 9-30　ランドマークビルB1・1F","7kC2jhEhyb8dJL3ZoqZZaw","","","3"
"プラサカプコン広島","広島県 広島市佐伯区 石内東 4-1-1　ジ・アウトレット広島1F","oB3TF16Sfy5AqXC77anvEQ","","","3"
"GiGO 中筋","広島県 広島市安佐南区 中筋 4-11-7　フタバ図書MEGA祇園中筋店2F　レンタルコーナー奥","rjdEzvfqqnSta3fqtxhFbg","","","3"
"モーリーファンタジーf 広島祇園","広島県 広島市安佐南区 祇園 3-2-1　イオンモール広島祇園3F","jCuXxnE6qBXUzY5D7Syb3w","","","3"
"ピノッキースパティオ呉","広島県 呉市 宝町 5-10　ゆめタウン呉3F","sAKbBcIXr2yd5elG4w-FzQ","","","3"
"あみぱらんど福山","広島県 福山市 三吉町南 2-8-24","0JF627lKzRljq1CDlVlYFg","","","3"
"アミパラここじゃ","広島県 東広島市 西条町下見 6-10-19","vMSJWICCeH0hDokFxKFQ5w","","","3"
"GiGO 海田","広島県 安芸郡海田町 南大正町 3-35","FkOq794-dQWj-3zukTVASg","","","3"
"namcoフジグラン広島","広島県 広島市中区 宝町 2-1　フジグラン広島3F","pSwE20YodEuDlhAj4D7Dqg","","","2"
"タイトーステーション広島本通","広島県 広島市中区 本通 3-5　せらかぐ本通ビル","JRMqlEd_DzbVUtTDs5sFAw","","","2"
"タイトーステーション広島紙屋町","広島県 広島市中区 紙屋町 2-2-21","cQGAGO_mbM4gUa2lIstiWA","","","2"
"ふぇすたらんど五日市","広島県 広島市佐伯区 八幡 1-24-17　サンリブ五日市2F","aFPjrpdcDlhrPG9LvAJfxA","","","2"
"モーリーファンタジー楽々園","広島県 広島市佐伯区 楽々園 4-444-15　イオンタウン楽々園2F","uXiTcu4sx6I0WZLIPfJ1Zw","","","2"
"タイトーステーションゆめタウンみゆき","広島県 広島市南区 宇品西 6-7-14　ゆめタウンみゆき2F","h0DPRmb1DrRkJxmBukcogQ","","","2"
"タイトーステーションビックカメラ広島駅前","広島県 広島市南区 松原町 5-1　ビックカメラ広島店ビルB2F","98x7OXTTZ38SqWwGJlLvrQ","","","2"
"namcoフジグラン高陽","広島県 広島市安佐北区 亀崎 1-1-6　フジグラン高陽3F","zHzYj1J27ZZ-X-g3iM6-OA","","","2"
"ふぇすたらんど可部","広島県 広島市安佐北区 可部 7-4-13　山陽マルナカ可部店2F","Q7opp5ftHr7W2hJbjJNKOQ","","","2"
"タイトーステーションフジグラン緑井","広島県 広島市安佐南区 緑井 1-5-2　フジグラン緑井3F","BXBc5ejPuo9rsU13PnBdAA","","","2"
"アミパラフォレオ広島東","広島県 広島市東区 温品 1-3-2　フォレオ広島東1F","fyLbhPQdnSUE5viIzpao0g","","","2"
"GiGO LECT広島","広島県 広島市西区 扇 2-1-45　LECT 2F","nlcAOW39k6fqF18DK5Tftw","","","2"
"GiGO アルパーク北棟","広島県 広島市西区 草津南 4-7-1　アルパーク北棟2F","rGidToOvzpywKhwJBBCZ-w","","","2"
"アピナ広島アルパーク","広島県 広島市西区 草津新町 2-27-14　アルパーク東棟3F","uzvOXh7G_kmsFVB7QwMH5Q","","","2"
"アミパラ広島","広島県 広島市西区 西観音町 3-17","ikPCRl_Le62XPNO8OCsyQg","","","2"
"namcoフジグラン三原","広島県 三原市 円一町 1-1-7　フジグラン三原2F","olbOa17rFIe1JBr8k7RuLA","","","2"
"モーリーファンタジー三原","広島県 三原市 城町 2-13-1　イオン三原SC　イオン三原店2F","xCqVaYA3yArssbFb4Chgig","","","2"
"namcoフジグラン尾道","広島県 尾道市 東尾道 19-7　フジグラン尾道3F","k6HDHLs3OYPmqexqG01KdQ","","","2"
"アミパラ東尾道","広島県 尾道市 高須町 5688","x0KwM389Cd9sgjf2Zvvg8Q","","","2"
"福山メトロポリス","広島県 福山市 一文字町 24-1","gYHC-fg6iOGVqmq_cAQkXw","","","2"
"ピノッキースパティオ福山","広島県 福山市 入船町 3-1‐60　ゆめタウン福山2F","VTtnNYkSTX45we_gY36dWQ","","","2"
"ラウンドワン福山","広島県 福山市 明神町 1-9-28","LoNJo_p29uuPiX22okMdMg","","","2"
"アミパラ神辺","広島県 福山市 神辺町新道上 1-2-1　フジグラン神辺向かい","dv6Y8KZU9FWrWA75uxoj_A","","","2"
"タイトーステーションフジグラン神辺","広島県 福山市 神辺町新道上 2-10-26　フジグラン神辺3F","qX7SB2nETrprBzgZ9d2QeA","","","2"
"アピナゆめタウン学園","広島県 東広島市 西条下見 6-2-32　ゆめタウン学園店2F","uVXKJE-QFVYF_pEpZBL04A","","","2"
"アピナ東広島","広島県 東広島市 西条町助実 1229　ゆめモール西条1F","9uSuq-I-GyNLG25Rku-4yQ","","","2"
"タイトーFステーションゆめタウン東広島","広島県 東広島市 西条町土与丸 1-5-7　ゆめタウン東広島4F","0KkyZghU5MT5lygeBoov5Q","","","2"
"namcoフジグラン東広島","広島県 東広島市 西条町御薗宇 4405　フジグラン東広島内","7hEVDNyBMlm3yWf1mD6VCA","","","2"
"namcoフジグランナタリー","広島県 廿日市市 阿品 3-1-1　フジグランナタリー2F","Fni3nSVZ9vr5-RAwuaO1UQ","","","2"
"フジグラン安芸店子供の国","広島県 安芸郡坂町 北新地 2-3-30　フジグラン安芸2F","otwXF7sERVkXIgne5fZ6Fw","","","2"
"モーリーファンタジー広島府中","広島県 安芸郡府中町 大須 2-1-1　イオンモール広島府中　イオン広島府中店2F","DZC_GACI8PWHDlTUCjbk2w","","","2"
"namco広島紙屋町","広島県 広島市中区 大手町 2-3-3　大手町ナルミヤビル1F","uCFR-jCkHNPDpH6omPZWtA","","","1"
"プリフェスタサンモール","広島県 広島市中区 紙屋町 2-2-18　サンモール3F","DDSjb6f4TA0li9xUnZyn9Q","","","1"
"モーリーファンタジー宇品","広島県 広島市南区 宇品東 6-1-15　イオン宇品SC　イオン宇品店2F","J4aQqI7A7LutlsgZakq1kg","","","1"
"楽市楽座広島","広島県 広島市南区 段原南 1-3-52　広島段原SC7F","n7oCpwa9RrwhBPZRTe7TYQ","","","1"
"ピーターパンと仲間たちマックスバリュ高陽","広島県 広島市安佐北区 口田 4-6-32　マックスバリュ高陽店3F","ArbNsuClhGr0MaNxqgbWCA","","","1"
"ブラックジャックアクア","広島県 広島市安佐南区 大町東 4-12-11","8DFB-NbAxaKZi5dYhYsIcA","","","1"
"モーリーファンタジー広島祇園","広島県 広島市安佐南区 祇園 3-2-1　イオンモール広島祇園　イオン広島祇園店3F","p9nJ7noWG92JPj_IGbckLQ","","","1"
"ファンタジア","広島県 広島市安佐南区 緑井 6-21-1　フィエラ・ディ・プローバ7F","HN5PSYQOustZHtksHEfi4w","","","1"
"モーリーファンタジーアルパーク","広島県 広島市西区 井口明神 1-16-1　アルパーク西棟4F","7NNs8FctKo2t-tnGg1NZVQ","","","1"
"GiGO 広","広島県 呉市 広中町 1-9　フタバ図書ソフトピア広店2F","ajtA6qERC4DQAOFlBB6fVA","","","1"
"ふぇすたらんど広","広島県 呉市 広本町 2-17-1　イオン広店4F","FwtbZQM_DF-ewJICjt0tlg","","","1"
"お宝買取団三原","広島県 三原市 宮浦 4-9-5","p9C77ApTPGIiWHEXwlsJMg","","","1"
"ハッピーランドさんすて福山","広島県 福山市 三之丸町 30-1　さんすて福山1F","uBd4uEJaCuHWrYS9pCQzQQ","","","1"
"ピノッキースパティオ蔵王","広島県 福山市 南蔵王町 5-9-18　ゆめタウン蔵王3F","QZpO42nnzPKo2QuTJyl2sw","","","1"
"ファンタジープラザ松永","広島県 福山市 柳津町 1-5-7　MEGAドン・キホーテ福山松永店2F","LCGDGY2AFlnBkJHiou3jnA","","","1"
"GiGO 福山","広島県 福山市 瀬戸町山北 300","BkO2sMhMdc3qSCbMNOQL9Q","","","1"
"アミューズメントパークMG府中天満屋","広島県 府中市 府川町 186-1　府中天満屋2F","zolI3_GszemMSe7po87nGA","","","1"
"スマイルステーション三次","広島県 三次市 十日市東 4-1-30　サングリーン1F","u0_LiBv-jqFYWSskt6ml0g","","","1"
"ピノッキースパティオ大竹本館","広島県 大竹市 晴海 1-6-1　ゆめタウン大竹2F","E1ZRjz6X3H6cas9HdmzjjQ","","","1"
"お宝買取団東広島","広島県 東広島市 西条御条町 6-20　4F","1CdA9eANB8wFZ0Gjj_boKQ","","","1"
"ブラックジャック東広島","広島県 東広島市 西条町御薗宇 6120","xz43OIZFcybNZ6HBRUbDrQ","","","1"
"ピノッキーランドゆめタウン黒瀬","広島県 東広島市 黒瀬町楢原 100-1　ゆめタウン黒瀬2F","UCJPgsCvUUx6WOq_dK4SDg","","","1"
"クレヨンしんちゃんオラのあそべるゆめぱ～く廿日市","広島県 廿日市市 下平良 2-2-1　ゆめタウン廿日市3F","7yxdLoRb5TvPCYGrHwfbKw","","","1"
"ピノッキースパティオ吉田","広島県 安芸高田市 吉田町吉田 594-1　ゆめタウン吉田2F","PjPQGUWGQ6inX_SF0VFQ6g","","","1"
"プラザパル江田島","広島県 江田島市 大柿町飛渡瀬 180　ゆめタウン江田島2F","JHtP6RKAFky5Kf8cRNJU2A","","","1"
"ふぇすたらんど府中","広島県 安芸郡府中町 大須 4-2-10　サンリブ府中3F","bCt08zxY8HOKeB1FWNaStQ","","","1"
"ゆめシティゆめパーク","山口県 下関市 伊倉新町 3-1-1　ゆめシティ3F","-BBhyysvJ3zty8kkDSELFw","","","3"
"アミパラ下関駅南","山口県 下関市 東大和町 1-3-15","oHY1Kd7ZLOI1o_YJpDJBdg","","","3"
"サープラ山口あそびタウン","山口県 山口市 湯田温泉 6-8-3","x5269yQ2lqOoE7hNxnnlQg","","","3"
"PALO防府","山口県 防府市 中央町 1-3　イオン防府店3F","KCT8vUkh1nQRUYWlA2Sq9Q","","","3"
"namcoおのだサンパーク","山口県 山陽小野田市 中川 6-4-1　おのだサンパーク2F","1aaBjWxabgE6_aNqW_ptsQ","","","3"
"サープラ下関長府あそびタウン","山口県 下関市 ゆめタウン 1-1　ゆめタウン長府2F","4ovfOOphwuzPDLoQty8G9Q","","","2"
"アミパラ下関長府","山口県 下関市 長府才川 1-42-48","Y4SmKkjylIq9ud_4o71Gdg","","","2"
"namcoフジグラン宇部","山口県 宇部市 明神町 3-1-1　フジグラン宇部2F","h6sZxJ3e_S1uBgK7lMKYZw","","","2"
"フレスパランドカッタの湯","山口県 宇部市 海南町 1675","RWB83Aiyt99pl4CGiNdK1Q","","","2"
"ピノッキースパティオ宇部","山口県 宇部市 黒石北 3-4-1　ゆめタウン宇部2F","DdVFVUx30z4YR2WbNaGN7Q","","","2"
"ソユーファミリーゲームフィールド防府","山口県 防府市 鐘紡町 7-1　イオンタウン防府1F","d47HlNP1hE2xenuKBZGAmw","","","2"
"アミュージアム周南","山口県 下松市 中央町 21-3　ザ・モール周南3F","OtxqRZf6mdxkZ6C1QEuRmA","","","2"
"ふぇすたらんど下松","山口県 下松市 南花岡 6-8-1　サンリブ下松2F","y3E-e5iXhWpnGOjbfZ-E2g","","","2"
"フジグラン岩国店アミューズメントパーク","山口県 岩国市 麻里布町 2-9-8　フジグラン岩国5F","fTdNrBPTOKHfNBkiGA4puw","","","2"
"モーリーファンタジー光","山口県 光市 浅江 木園1756-1　イオン光店2F","a6g3lUB09uKQTIEJGWdpvQ","","","2"
"ふぁんたじーらんどてくもぴあ柳井","山口県 柳井市 駅南 1-11　MrMax柳井店A棟","GHjKriXTFAqjIe18mGtFCg","","","2"
"アミパラ周南久米","山口県 周南市 久米 2834　イオンタウン周南久米内","0Zd-rEDboIDrE62DGEllsA","","","2"
"ゲームスポットSPEED","山口県 周南市 久米 3219","dGpr4RPrK0lWWIH2DzGAiQ","","","2"
"アピナ徳山","山口県 周南市 青山町 1-18　ゆめタウン徳山2F","Q4pP9jQZuciK5lPfhFvKRw","","","2"
"アミュージアム新下関","山口県 下関市 石原 300　コスパ新下関ブックスビル1F","MhKYRK7OxfSI2Z4KdH_6nA","","","1"
"モーリーファンタジー下関","山口県 下関市 竹崎町 4-4-7　シーモール下関4F","xJRbtCoCym2-Dpfd8wAtSQ","","","1"
"GAME・パフェ下関","山口県 下関市 竹崎町 4-4-8　シーモール下関4F","Xmm_zKIP2YZW-kKj09Vwcw","","","1"
"コジマ×ビックカメラ宇部空港","山口県 宇部市 東見初町 1-76　コジマ×ビックカメラ宇部空港店内ゲームコーナー","ZuTxCP3_YqNL4Yy3VEK1pQ","","","1"
"GiGO イオンタウン小郡","山口県 山口市 小郡前田町 3-6","Z_lqRnDWwvFiygVvS94JpQ","","","1"
"てくもぴあ阿知須","山口県 山口市 阿知須 4825-1　サンパークあじす2F","3rOR14meCLNq1tyVnNpkUg","","","1"
"タイトーFステーション山口メルクス","山口県 山口市 黒川 82-1　ハイパーモールメルクス山口内","EEoi04B15SwATkmzpQWSMw","","","1"
"ふぇすたらんど萩","山口県 萩市 唐樋町 2-4　サンリブ萩2F","cWANyqyqxAX46uQNOK2KTA","","","1"
"ピノッキースパティオ防府","山口県 防府市 八王子 2-8-8　ゆめタウン防府3F","_7Q8jV5rPKjQ5XNYAnls4Q","","","1"
"ピノッキースパティオ南岩国","山口県 岩国市 南岩国町 1-20-30　ゆめタウン南岩国2F","LkOJjFp6t5J61jVe37dKUA","","","1"
"フラーボスパティオ","山口県 柳井市 南町 4-5-3　ゆめタウン柳井2F","qdh6VDbQC8KcHCCCtAEmuw","","","1"
"アミパラ新南陽","山口県 周南市 古市 1-4-1　イオンタウン周南内","jsFoee-pzhKdGHFImfAgBQ","","","1"
"パスカランド新南陽","山口県 周南市 清水 2-2-1　ゆめタウン新南陽内","aKMACjzBOavs1qLPvqjhiw","","","1"
"namcoゆめタウン徳島","徳島県 板野郡藍住町 奥野東中須 88-1　ゆめタウン徳島2F","pWlVfTndDoEQKQth4shlAA","","","5"
"ラウンドワン徳島・万代","徳島県 徳島市 万代町 4-19-1","VyY015uSjzC5ofUW-bACdQ","","","2"
"GiGO スエヒロボウル徳島","徳島県 徳島市 南末広町 4-95-2　スエヒロボウル内","DqWIYWlFEQNthMa6QbjAgQ","","","2"
"アミューズメントパフェパレパレ田宮","徳島県 徳島市 南田宮 2-2-46","BiXsAGj5fRXx__8by00DpA","","","2"
"アミューズメントパークMG 徳島","徳島県 徳島市 西新浜町 1-45　マルナカ徳島店2F","5azndAsQ_emdkBUeinJ4kg","","","2"
"ナムコランド鳴門","徳島県 鳴門市 撫養町大桑島 字濘岩浜4-1　パワーシティ鳴門別棟","D8H08uJJTkh3_ohCfr-wIQ","","","2"
"ふぇすたらんど脇町","徳島県 美馬市 脇町字拝原 1711-1　マルナカ脇町店2F","7PdxaLmpwXmHMHXzLlBlvg","","","2"
"namcoフジグラン石井","徳島県 名西郡石井町 高川原字天神 544-1　フジグラン石井2F","JWXu8DWrUgXYLJrT4ln3DA","","","2"
"タイトーステーションフジグラン北島","徳島県 板野郡北島町 鯛浜 字西ノ須174　フジグラン北島内","0LXRRwgC0e2u_zz1RHjIWA","","","2"
"わくわくらんど徳島","徳島県 徳島市 南島田町 3-55　ショッピングプラザタクトA館1F","oJyuKbntSAsPNUe7Vn7nEA","","","1"
"モーリーファンタジー徳島","徳島県 徳島市 南末広町 4-1　 イオンモール徳島　イオンスタイル徳島4F","YnSwIPJ2gyOjt-pop81vkQ","","","1"
"アポロゲームセンター沖洲","徳島県 徳島市 南沖洲 1-93-1","-lC4cG97udq98nmbUqRpYA","","","1"
"フジグラン阿南","徳島県 阿南市 領家町土倉 10　フジグラン阿南内ゲームコーナー","NtY6HIo0q5dcralNXY136Q","","","1"
"ゆめタウン高松店ゆめランド","香川県 高松市 三条町字中所 608-1　ゆめタウン高松2F","4U6Y2yCz9KrIoQQy07H_Qg","","","3"
"アミパラ高松","香川県 高松市 伏石町 2168-2","tCoL-yzFjq37YtJm2fXGfg","","","3"
"ラウンドワンスタジアム高松","香川県 高松市 松島町 2-7-43","Oy4aNxLtBklgf_hfb_1dDg","","","3"
"namcoフジグラン十川","香川県 高松市 十川西町 651-1　フジグラン十川別棟","hvPtHuF7cMlygn4xp66uRA","","","2"
"まるゲ","香川県 高松市 南新町 8-12","4EWMLoWVg8-lcoDGk3ahrg","","","2"
"モーリーファンタジー高松東","香川県 高松市 福岡町 3-8-5　イオン高松東店3F","fAIxIFFyZI5WCceSH0wfiQ","","","2"
"モーリーファンタジー高松","香川県 高松市 香西本町 1-1　イオンモール高松　イオン高松店3F","fhCITICgbjHwHhRmQFxlrQ","","","2"
"ピノッキースパティオ丸亀","香川県 丸亀市 新田町 150　ゆめタウン丸亀3F","j4W5ds20vXUMJjL3qAoAIA","","","2"
"アミパラ丸亀","香川県 丸亀市 飯野町西分字川縁甲 584-1　ハローズ棟内","v0V2cyongIoS1pzzxOF0Dw","","","2"
"マックスプラザ善通寺","香川県 善通寺市 中村町 1798-2","iMylaDMn3av4SuRKML61rA","","","2"
"アピナ善通寺","香川県 善通寺市 金蔵寺町川添 1903　メガセンタートライアル善通寺店内","AYJp1XbVSPFNbIdXbLnQAQ","","","2"
"タイトーFステーションゆめタウン三豊","香川県 三豊市 豊中町本山甲 22　ゆめタウン三豊2F","FV4dI7b1h3gMHzdTbO4qNw","","","2"
"イオンタウン宇多津ゲームコーナー","香川県 綾歌郡宇多津町 浜二番丁 16　イオンタウン宇多津2F","SfFK0VTl4JQ5RXt7kYc30g","","","2"
"Feedy Diner＆Arcade 綾川","香川県 綾歌郡綾川町 萱原 822-1　イオンモール綾川3F","YMzbZjwaWu_qXB-mZmgdqw","","","2"
"モーリーファンタジー綾川","香川県 綾歌郡綾川町 萱原 822-1　イオンモール綾川　イオン綾川店3F","y1UK9rhImbKO2LN0GOEUsA","","","2"
"アミュージアム高松","香川県 高松市 伏石町 2144-9","j6Fzj21GMtSVKh61-6nyfA","","","1"
"GiGO 高松","香川県 高松市 勅使町 535","6Y6dZrX7P886Y8cpk8ElgA","","","1"
"アミューズメントパークMG レインボー","香川県 高松市 多肥下町 1552-17　パワーシティレインボー2F","PNw_Xq2Mrfv9uCQYSctB-w","","","1"
"アミューズメントシティMG 屋島","香川県 高松市 屋島西町字百石 1912-1　パワーシティ屋島A棟3F","qx7BCDNptji5XZAXIpyQVw","","","1"
"チッキッズ瓦町FLAG","香川県 高松市 常磐町 1-3-1　瓦町FLAG5F","r92MVxH2WKsWkQrgo1LlqQ","","","1"
"ふぇすたらんど栗林南","香川県 高松市 西ハゼ町 清水18　マルナカ栗林南店2F","fJdj2gBwLuSLIQq2Z0WflA","","","1"
"GiGO イオンモール高松","香川県 高松市 香西本町 1-1　イオンモール高松2F　227-2","Y-8TzmRX6lD93IMU7oClXg","","","1"
"タイトーステーション丸亀","香川県 丸亀市 川西町南 1280-1　フジグラン丸亀バッハ棟2F","fQoRQn8H-BXv2Do_38qzlw","","","1"
"GiGO 丸亀","香川県 丸亀市 蓬莱町 56-1","jEsxWCl6WZEY8jh0njdFsA","","","1"
"ふぇすたらんど豊浜","香川県 観音寺市 豊浜町姫浜 1158-1　マルナカ豊浜店内","URMtL_vaog32OrZuw9KYRA","","","1"
"アミューズメントパークMG 志度","香川県 さぬき市 志度 2431-1　フジ志度店別棟","HAnb0-9ZZbGsEUqmn4AODw","","","1"
"ふぇすたらんど白鳥","香川県 東かがわ市 白鳥 字城泉144-1　マルナカ白鳥店内","tSTbhhETfd52sxwJ-fyRRQ","","","1"
"アミューズメントパークMG 土庄","香川県 小豆郡 土庄町 半ノ池甲1360-10　マルナカ新土庄店内","0Awz1j81XFrhsG9QtP88TA","","","1"
"ふぇすたらんど三木","香川県 木田郡三木町 氷上 482-2　マルナカ三木店2F","hUiAAbYU-3bjwceXqf_WtQ","","","1"
"ふぇすたらんど宇多津","香川県 綾歌郡宇多津町 宇多津町 2419-1　マルナカSC宇多津店内","hjf-R7hzWwls852g0PVC3g","","","1"
"スマイルパーク多度津","香川県 仲多度郡多度津町 北鴨 2-10-1　イオンタウン多度津内","B96NC939bLzgxQX93yWaCg","","","1"
"namcoパルティ・フジ西条玉津","愛媛県 西条市 玉津 564-1　フジ西条玉津店2F","U4WYsL9oBUuOHG6lf8za2A","","","4"
"アミューズメントパークMG 大街道","愛媛県 松山市 大街道 1-4-17","63SXqaJzyV37PzMkxI-AsQ","","","3"
"アミューズメントパークMGキスケ","愛媛県 松山市 宮田町 4　キスケボックス内1F","thqiYQA14Ci5jNqZjYYoig","","","3"
"namcoフジグラン松山","愛媛県 松山市 宮西 1-2-1　フジグラン松山4F","Vr9Nr79Omg7ru7gqJbasJQ","","","3"
"宮西スタジアムII","愛媛県 松山市 宮西 2-4-41","2x9YCxUn1fDRkjxgKr3jhQ","","","3"
"namcoフジグラン北宇和島","愛媛県 宇和島市 伊吹町甲 912-2　フジグラン北宇和島別棟","C_NnzRGTGZ-PaQIM_4i4rg","","","3"
"プラサカプコン新居浜","愛媛県 新居浜市 前田町 8-8　イオンモール新居浜2F","a4IUv5Zp_8Wgw48hhw3IOQ","","","3"
"モーリーファンタジー松山","愛媛県 松山市 天山町 1-13-5　イオン松山店3F","70xp8O1kS-s_BuuGiN4QxQ","","","2"
"モーリーファンタジー南松山","愛媛県 松山市 朝生田町 5-1-25　ジョー・プラ2F","R6US-FslfvPfvoPAdet-9Q","","","2"
"ラウンドワン松山","愛媛県 松山市 東長戸 1-3-10","WQcOxHi38pHjAjFeTtHdJw","","","2"
"GiGO 松山","愛媛県 松山市 枝松 5-7-32","mPBonQiZgCugZDHyZIhjdw","","","2"
"アミパラ松山","愛媛県 松山市 生石町 655-1","RIYB1PSmiyc2EdE6rMMNxA","","","2"
"バンバン衣山","愛媛県 松山市 衣山 1-248-1","zQWW6XRhtxkU7vU78L_yDA","","","2"
"楽市楽座イオンモール今治","愛媛県 今治市 にぎわい広場 1-1　イオンモール今治新都市2F","shgxw89z-Q9jncYNSQNXmw","","","2"
"GiGO そよら今治馬越","愛媛県 今治市 馬越町 4-8-1　そよら今治馬越3F　300-1区画","JZLt-waP8S5l-VTAEU9oxw","","","2"
"namcoフジグラン北浜","愛媛県 八幡浜市 北浜 1-4-33　フジグラン北浜2F","e-KbnmK7E_BUZPKgwn7vxQ","","","2"
"ふぇすたらんど新居浜","愛媛県 新居浜市 上泉町 12-1　マルナカ新居浜本店2F","9LXhyhmwK2kQbIrEK9yZtQ","","","2"
"モーリーファンタジー新居浜","愛媛県 新居浜市 前田町 8-8　イオンモール新居浜　イオン新居浜店2F","U-dI_YUjAtmqtlkRxbJojg","","","2"
"アミューズメントパークMG 伊予三島","愛媛県 四国中央市 中之庄町 75-1","0jhhdR1Gp0XTwsRXns6tSw","","","2"
"クールス・モール","愛媛県 東温市 見奈良 1125　クールス・モール2Fゲームコーナー","MtTNhfYAbJaIUfFgVOKw0A","","","2"
"namcoフジグラン重信","愛媛県 東温市 野田 3-1-13　フジグラン重信2F","MnzTlljC7C70Qq_rPSjdKg","","","2"
"ソユーフォレストハンター松前","愛媛県 伊予郡松前町 筒井 850　エミフルMASAKI　エミアミューズ1F","FTZC2qTLmGnN5NUGpwJODA","","","2"
"namcoエミフルMASAKI","愛媛県 伊予郡松前町 筒井 850　エミフルMASAKI別棟2F","mPlqtdRq8gxcsEmUTcLAzg","","","2"
"namcoフジ砥部","愛媛県 伊予郡砥部町 重光 239　フジ砥部店2F","UeD5qb13om8fL_imQPASaA","","","2"
"プレイドーム松山","愛媛県 松山市 余戸南 4-9-40　1F","iXeyzPJDs9oAUmlp7nCtgw","","","1"
"ビッグバンアミぷり","愛媛県 松山市 大街道 1-4-10","7wF84RoirQHStQ6QDvuFFQ","","","1"
"アミューズメントパークMG 朝生田","愛媛県 松山市 朝生田町 773-1　第一自動車教習所ビル1F","8ueiNUgJfyqJac0Sajs48w","","","1"
"ポップンパーク東石井","愛媛県 松山市 東石井 6-16-39　マルナカ東石井店内","wDECWUgeJLaTACeroqc2XA","","","1"
"タイトーステーション衣山","愛媛県 松山市 衣山 1-188　パルティ・フジ衣山内","yBRB2zj92mRWtVmhYmHmzQ","","","1"
"ゲオ今治鳥生","愛媛県 今治市 南鳥生町 3-1-19","PrkTqAjCenbWPIMKJwVQ8g","","","1"
"タイトーFステーション今治ワールドプラザ","愛媛県 今治市 東村 1-14-2　今治ワールドプラザ内","EiRv9M_vOaGqO4sSSphR_A","","","1"
"アミューズメントパークMG 宇和島","愛媛県 宇和島市 保田甲 841-2　マルナカ宇和島店内","ggmNNuG7pLRAmEXk3fzCfg","","","1"
"アミューズメントパークMG 東予周布","愛媛県 西条市 周布 715-1　フジ東予店別館","ZUr1KErLP6CsUnwxmaE6nQ","","","1"
"アミューズメントパークMG 西条","愛媛県 西条市 新田 235　フジグラン西条別棟","LKYfGe0GdkWwEVLoZZ_Iag","","","1"
"フジ南宇和","愛媛県 南宇和郡愛南町 城辺乙 544　フジ南宇和店内ゲームコーナー","DFjm9w2SgGv6tvbrACMfnA","","","1"
"プラサカプコン高知","高知県 高知市 秦南町 1-4-8　イオンモール高知2F","oAo0_-qytDBZRZN32Yf4AA","","","3"
"ラウンドワン高知","高知県 高知市 南宝永町 4-12","diQaKpWw-QAx4pxNrKAzeQ","","","2"
"namcoフジグラン葛島","高知県 高知市 小倉町 3-30　フジグラン葛島2F","jb6VWtybpH33vOPchCaFBg","","","2"
"サニーアクシス南国アクシスキッズ","高知県 南国市 大そね乙 1009　サニーアクシス南国店内","-vbPzqMHeWadi3jcVBrCdw","","","2"
"アミパラ高知","高知県 南国市 篠原 194-1","nlbiff_jeeFSpKaFWMWl0g","","","2"
"namcoフジグラン四万十","高知県 四万十市 具同 2222　フジグラン四万十2F","5SR_Xg4EtwBkN6zrsncEnA","","","2"
"ウェアハウス四万十","高知県 四万十市 右山五月町 8-13　ゲオ四万十店内","N6bmy90PDPW9DTIEwibrdw","","","2"
"タイトーFステーション野市","高知県 香南市 野市町西野 2007-1","lkoGvkWUJYng5eW2NTe6HA","","","2"
"アミュージアム高知","高知県 高知市 介良字長丁乙 317-1","CXAjyB3Z2AGhGn7wgUvWYA","","","1"
"GiGO フジグラン高知","高知県 高知市 朝倉東町 52-15　フジグラン高知3F","7wUwdSK6s1oj9J1-EOLulw","","","1"
"モーリーファンタジー高知","高知県 高知市 秦南町 1-4-8　イオンモール高知　イオン高知店2F","ngR3UDAD3oS6GyC_mMEObA","","","1"
"アミューズメントパークMG 須崎神田","高知県 須崎市 神田 2500-1　マルナカ須崎店内","MjHSin-3vIeTxtBN3nkvCA","","","1"
"アミューズメントパークMG 四万十","高知県 四万十市 具同 211　マルナカ四万十店内","KovhFJUoxMcriQYIphqrwg","","","1"
"チッキッズサニーアクシスいの","高知県 吾川郡 いの町 205　サニーアクシスいの店2F","4DtjA1rtHC92bQqtB2l4bA","","","1"
"namco博多バスターミナル","福岡県 福岡市博多区 博多駅中央街 2-1　博多バスターミナルビル7F","wPjgAc2Lg4hO-loyy7zffg","","","9"
"ラウンドワン福岡天神","福岡県 福岡市中央区 天神 2-6-12","SEGllzAlIIEMSWUAg9siUQ","","","5"
"namcoららぽーと福岡","福岡県 福岡市博多区 那珂 6-23-1　ららぽーと福岡内4F","_u_9HQhYBYbb3Mkf8L1iaA","","","5"
"タイトーステーションセントシティ小倉","福岡県 北九州市小倉北区 京町 3-1-1　セントシティ小倉内","9_9fZnMNNNDBncfhUgslyA","","","4"
"G-stage小倉","福岡県 北九州市小倉北区 浅野 2-14-5　あるあるCity2F","iiYL2VjRW3PvBU3uaHKchg","","","4"
"G-pala 小倉","福岡県 北九州市小倉南区 上葛原 1-14-1","OfdJoCFcDPz_K096Sa0u9A","","","4"
"namcoマークイズ福岡ももち","福岡県 福岡市中央区 地行浜 2-2-1　マークイズ福岡ももち4F","B8AhvCZW3jWQy__A2j9G2w","","","4"
"ラウンドワンスタジアム博多・半道橋","福岡県 福岡市博多区 半道橋 2-2-8","DIqIpVqbZ4QiPv9gwtM-cQ","","","4"
"namcoゆめタウン久留米","福岡県 久留米市 新合川 1-2-1　ゆめタウン久留米2F","pDpfpOUqX6n3Nlo0W1GvQQ","","","4"
"パスカランド黒崎","福岡県 北九州市八幡西区 西曲里町 3-1　イオンタウン黒崎1F","nxskfvaM6yaLIotogYYkPA","","","3"
"ラウンドワンスタジアム小倉","福岡県 北九州市小倉北区 西港町 15-65","YdtvLT130pt234qcbcRd3Q","","","3"
"PEP魚町","福岡県 北九州市小倉北区 魚町 2-4-20","747NR4t21JW-UuU0VwGYqw","","","3"
"namcoサニーサイドモール小倉","福岡県 北九州市小倉南区 下曽根新町 10-1　サニーサイドモール小倉M2F","mYyRq5qQGOZ0Zi4lyd-utA","","","3"
"タイトーステーション福岡天神","福岡県 福岡市中央区 天神 2-6-35　サザンクロスビル","lbqEwPY9gSzkeHJhLi4bpA","","","3"
"GiGO 福岡天神","福岡県 福岡市中央区 天神 2-7-6　DADAビル1～3F","PKKmklBbXlUn5D5Gt6NTEQ","","","3"
"タイトーステーションキャナルシティ博多","福岡県 福岡市博多区 住吉 1-2　キャナルシティ博多4・5F","q5v8y2G01Qn8uh2fVgL4_A","","","3"
"G-pala 博多","福岡県 福岡市博多区 東光寺町 2-6-40　コマーシャルモール博多2F","MtGSUAlL8BgnVWl-v9h_MQ","","","3"
"G-stage七隈","福岡県 福岡市城南区 七隈 8-4-8","4aPaKAbewVno388Ij2kb9A","","","3"
"パスカランド博多","福岡県 福岡市東区 東浜 1-1-1　ゆめタウン博多2F","26T_-JQFE_vWx8I7vbez5A","","","3"
"楽市楽座003楽市街道箱崎","福岡県 福岡市東区 箱崎 5-1-8　楽市街道箱崎2・3F","Eu391GRgIsIYcYb7UF_W8A","","","3"
"楽市楽座イオンモール筑紫野","福岡県 筑紫野市 立明寺 434-1　イオンモール筑紫野3F","3Dtn8N2ZRoGaTBip0N4GPQ","","","3"
"サープラ新宮あそびタウン","福岡県 糟屋郡新宮町 美咲 3-1-40","OuH1FRkfseTg42BYlOc8lA","","","3"
"楽市楽座イオンモール八幡東","福岡県 北九州市八幡東区 東田 3-2-102　イオンモール八幡東3F","iW6mFInF4Q_2oD89a9kwtw","","","2"
"モーリーファンタジー八幡東","福岡県 北九州市八幡東区 東田 3-2-102　イオンモール八幡東　イオン八幡東店3F","m2A6lClCPJksamVdcpYJLA","","","2"
"ASOBLEジ アウトレット北九州","福岡県 北九州市八幡東区 東田 4-1-1　ジ アウトレット北九州1F","zzp7Kq07Kkhwu4BBJPC3AQ","","","2"
"楽市楽座黒崎","福岡県 北九州市八幡西区 桜ケ丘町 1-3","rAgZWRwqnii9csOQNyvGTQ","","","2"
"タイトーステーションリバーウォーク","福岡県 北九州市小倉北区 室町 1-1-1　リバーウォーク北九州デコシティ4F","1GBYGpR9D14lqKYYFrhKaw","","","2"
"楽市楽座砂津","福岡県 北九州市小倉北区 砂津 3-1-1　チャチャタウン小倉B棟3F","i427Qqwg99Nb9YH9qamfkQ","","","2"
"小倉メトロポリス","福岡県 北九州市小倉北区 西港町 27-5","BiD88CtkpoR667W0GNwLqQ","","","2"
"楽市楽座サンリブシティ小倉","福岡県 北九州市小倉南区 上葛原 2-14-1　サンリブシティ小倉2F","v2N_ZLcj5dSKe4fr1yyO6g","","","2"
"スマイルステーション戸畑","福岡県 北九州市戸畑区 汐井町 2-2　イオン戸畑SC　イオン戸畑店3F","vYyWfuvWrsaE82ImbaHvtg","","","2"
"モーリーファンタジー若松","福岡県 北九州市若松区 二島 1-3-1　イオン若松SC　イオン若松店2F","f_hwVLSOwxVbrdIvqItJGA","","","2"
"遊遊パーク若松","福岡県 北九州市若松区 本町 3-11-1　サンリブ若松2F","2djCDK0pfwvozpGyKcMlPg","","","2"
"モーリーファンタジー笹丘","福岡県 福岡市中央区 笹丘 1-28-74　イオン笹丘店B1F","PeenOqZ1vmI57RP5npHNpw","","","2"
"バンダイナムコ Cross Store 博多","福岡県 福岡市博多区 住吉 1-2-22　キャナルシティ博多　サウスビルB1F","h01BTQt40WMd_Y39O7hXdA","","","2"
"ゲームコーナー原","福岡県 福岡市早良区 原 6-27-52　イオン原SC　イオン原店内","A9zI76z4r1oXXdns-UWMmg","","","2"
"モーリーファンタジー香椎浜","福岡県 福岡市東区 香椎浜 3-12-1　イオンモール香椎浜　イオン香椎浜店2F","cohu0pCyxGenXjr0szpz-g","","","2"
"モーリーファンタジー福岡伊都","福岡県 福岡市西区 北原 1-2-1　イオンモール福岡伊都　イオン福岡伊都店3F","wsNHWvHX5ufl_sELkp6u1g","","","2"
"楽市楽座イオンモール福岡伊都","福岡県 福岡市西区 北原 1-3-1　イオンモール福岡伊都別館2F","1zb_x5l2cNj8A7ax3A5b3A","","","2"
"パスカランド福重","福岡県 福岡市西区 拾六町 1-7-1　MEGAドン・キホーテ福重店3F","1xKXABNPEebE788DQppbLA","","","2"
"モーリーファンタジーマリナタウン","福岡県 福岡市西区 豊浜 3-1-10　イオンマリナタウン店2F","hk1CxUKMMgi0hBwTvj7nvA","","","2"
"楽市楽座イオンモール大牟田","福岡県 大牟田市 岬町 3-4　イオンモール大牟田2F","1oNKFvslUVWuvDXky31UDA","","","2"
"パスカランド大牟田","福岡県 大牟田市 旭町 2-28-1　ゆめタウン大牟田2F","GmdqQ4qP5GqbnDvSo_BvTg","","","2"
"楽市街道くるめ","福岡県 久留米市 新合川 2-7-10　久留米アミューズメントビル内","e2VZ5Qt0RfsZkaRkjfCnKA","","","2"
"ふぇすたらんど久留米","福岡県 久留米市 野中町 1411-1　サンリブ久留米2F","_znAuReldUlKaWPnEJVTFA","","","2"
"プラサカプコン直方","福岡県 直方市 湯野原 2-1-1　イオンモール直方2F","Ci2NHWmMmPvk_kz-vlz-fA","","","2"
"モーリーファンタジー直方","福岡県 直方市 湯野原 2-1-1　イオンモール直方　イオン直方店2F","0YqkumBXIbbXKZwBe9Z1XA","","","2"
"G-stage飯塚","福岡県 飯塚市 枝国 680-2","WAg5B_diuOCWSRoLadbmOA","","","2"
"ASOBLEイオン穂波","福岡県 飯塚市 枝国 長浦666-48　イオン穂波SC2F","5-Bez2poIhtaCt___gTcAA","","","2"
"マンガ倉庫飯塚","福岡県 飯塚市 楽市 770-1","we7s4xyCaweMcO2w-Rjf3Q","","","2"
"GiGO ゆめタウン飯塚","福岡県 飯塚市 菰田西 3-6-1","dKyH2BhFJiOU-al1ZKIH1g","","","2"
"ふぇすたらんど田川","福岡県 田川市 川宮 1693-1　サンリブ田川2F","djpeXXG3Nbx1HR6205ef7w","","","2"
"namcoゆめモール柳川","福岡県 柳川市 三橋町蒲船津 1408-6　ゆめモール柳川2F","kc4bCyc3yR3Rc-oYnGudlA","","","2"
"ゆめタウン八女店ゆめキッズ","福岡県 八女市 蒲原 988-28　ゆめタウン八女2F","qu38RYxjLAaAvbHYPjZCpQ","","","2"
"パスカランド大川","福岡県 大川市 上巻 430-1　ゆめタウン大川2F","IxQ5E2u8VF5EeWyZvtrs2Q","","","2"
"ピノッキースパティオ行橋","福岡県 行橋市 西宮市 3-8-1　ゆめタウン行橋2F","Nh-5UQ-fITPnWC7pz7Aphw","","","2"
"楽市楽座行橋","福岡県 行橋市 西泉 6-1-1　コスタ行橋アミューズ棟2F","yZqI1jxflBlBkWqYFrrmCA","","","2"
"GiGO 中間","福岡県 中間市 上蓮花寺 3-1-1　プラザモールなかま1・2F","EWQe3_xDxAPHAT3LyzXQSQ","","","2"
"楽市楽座イオン小郡","福岡県 小郡市 大保字弓場 110　イオン小郡SC内","7ctfge7-vNjzuAJ_Czve_g","","","2"
"モーリーファンタジー筑紫野","福岡県 筑紫野市 立明寺 434-1　イオンモール筑紫野　イオン筑紫野店3F","e0MZcumfEYI8ECFDnlH2_w","","","2"
"namcoゆめタウン筑紫野","福岡県 筑紫野市 針摺東 3-3-1　ゆめタウン筑紫野本館2F","f0XqSmJnrKDZGBcPZG09fw","","","2"
"楽市楽座アクロスモール春日","福岡県 春日市 春日 5-17　アクロスモール春日2F","btuUE4Pjun1EdLYKQWWx9Q","","","2"
"ゲームらんど乙金","福岡県 大野城市 乙金 3-23-1　イオン乙金SC北街区B","b2RseMuAqgngFRVT6uMPuw","","","2"
"ラウンドワン大野城","福岡県 大野城市 御笠川 1-18-16","wfi-OeGPRjaPw3j6UW-t0w","","","2"
"モーリーファンタジー大野城","福岡県 大野城市 錦町 4-1-1　イオン大野城SC　イオン大野城店3F","NxJS9k4XY5D_oeY9uIb9iw","","","2"
"モーリーファンタジー赤間","福岡県 宗像市 田久 2-1-1　ビバモール赤間2F","orm24Fg-tR7CEEIjODkdnQ","","","2"
"ふぇすたらんど古賀","福岡県 古賀市 天神 2-5-1　サンリブ古賀2F","pYI-NxPfzuQOt1tBJXwDHg","","","2"
"楽市楽座イオンモール福津","福岡県 福津市 日蒔野 6-16-1　イオンモール福津3F","8oq-5tsMd-n-Aeldm9kC4Q","","","2"
"モーリーファンタジー福津","福岡県 福津市 日蒔野 6-16-1　イオンモール福津　イオン福津店2F","2WC6mTZWlNON-onaTs9ObQ","","","2"
"楽市楽座210トリアス","福岡県 糟屋郡久山町 山田 990","Fy6gd07fsCd7Ww6k3LmcAg","","","2"
"モーリーファンタジー福岡空港","福岡県 糟屋郡志免町 別府 2-17-20　スーパーセンタートライアル福岡空港店1F","bhA3yvErJjS9Z6Llbx30OQ","","","2"
"アソビクル福岡新宮","福岡県 糟屋郡新宮町 三代 999-1","2Ti6IDylfAjT29miHzcTXg","","","2"
"楽市楽座イオンモール福岡","福岡県 糟屋郡粕屋町 酒殿字老ノ木 192-1　イオンモール福岡2F","t9swPo8jC03PrTaHHksARg","","","2"
"モーリーファンタジー福岡","福岡県 糟屋郡粕屋町 酒殿字老ノ木 192-1　イオンモール福岡　イオン福岡店2F","WK7kFHLWpsToPoZl22bQFQ","","","2"
"モーリーファンタジー大木","福岡県 三潴郡大木町 蛭池 1200　イオン大木SC　イオンスーパーセンター大木店1F","u-_xN842C1v6s7GPa7FzSA","","","2"
"ふぇすたらんど三ヶ森","福岡県 北九州市八幡西区 三ケ森 3-9-1　サンリブ三ヶ森2F","a6sJBFCpTWm4f9EpesiwqA","","","1"
"マンガ倉庫本城","福岡県 北九州市八幡西区 御開 3-32-15","FewVztSlcVvw9tvGPvybmw","","","1"
"PEP中津口","福岡県 北九州市小倉北区 中津口 2-2-16　ASOBOX3F","JuzBcnAY85c7RAf2-RcLEw","","","1"
"StyleB小倉パークボウル","福岡県 北九州市小倉南区 上葛原 1-14-1","_dIR4fDVOEGfQ4f_1YIcYA","","","1"
"ハイパーメッセ","福岡県 北九州市小倉南区 北方 4-6-7","XXYNkor7WeK3XPW4zWWxHA","","","1"
"ふぇすたらんど高須","福岡県 北九州市若松区 高須南 2-2-1　サンリブ高須店2F","PEkQuZHRW0Vc7dx3Bt2hdg","","","1"
"門司シーサイドボウル","福岡県 北九州市門司区 大里本町 3-10-75","P8K57LuQOgQgJQVS1T--gA","","","1"
"サープラ福岡シーホークあそびタウン","福岡県 福岡市中央区 地行浜 2-2-3　ヒルトン福岡シーホーク4F　ギャレリア内","5UIlqzSTuRcY6d2je4Bi0w","","","1"
"GiGO ミーナ天神","福岡県 福岡市中央区 天神 4-3-8　ミーナ天神7F","12s-QS0JSnqDb44zAXEpiw","","","1"
"GiGO ヨドバシ博多","福岡県 福岡市博多区 博多駅中央街 6-12　4F","3Etg6h_kOCBi_Mp8j9TBQA","","","1"
"マンガ倉庫月隈","福岡県 福岡市博多区 東月隈 3-18-1","SuRsW3wgsqOIfvG1G5Jy6w","","","1"
"遊遊パークフォレオ博多","福岡県 福岡市博多区 東那珂 1-14-46　フォレオ博多2F","ZCglig4rMwioLuG_LPhmyA","","","1"
"スマイルステーション野芥","福岡県 福岡市早良区 野芥 2-1-6","LE9tMKd5DOcx1E9oV7iH-A","","","1"
"ふぇすたらんど下原","福岡県 福岡市東区 下原 4-2-1　ブランチ下原1F","HvEua7iokP5-DoE7F1lhyw","","","1"
"マンガ倉庫箱崎","福岡県 福岡市東区 箱崎 5-11-6","IJzyYfffSC1j_rnGOT7-Cg","","","1"
"楽市楽座福重","福岡県 福岡市西区 石丸 4-263-1","hENSrgV5hD9Dupenx2QBjA","","","1"
"モーリーファンタジー大牟田","福岡県 大牟田市 岬町 3-4　イオンモール大牟田　イオン大牟田店2F","NE5aaOV_uwMJI3xZzo6i1w","","","1"
"スポガ久留米店内卓球・ゲームコーナー","福岡県 久留米市 合川町 2125","pjCyo0_RZZK2YDU-mLgd-Q","","","1"
"国分バッティングセンター","福岡県 久留米市 国分町 1408","f369r_P_kQJyeuPnQDYrrg","","","1"
"マンガ倉庫豆津バイパス","福岡県 久留米市 大石町 262-2","qOieG07zaEZxtRgOijdA4g","","","1"
"楽市楽座210久留米","福岡県 久留米市 東合川 2-2-1","1rqTgQL7pNwauLYgWxE-PQ","","","1"
"モーリーファンタジー田川","福岡県 田川市 伊田 4616　スーパーセンタートライアル田川店1F","D-nEX3S7DWCjZ8qGaOtGKw","","","1"
"マンガ倉庫八女","福岡県 八女市 吉田 123","C56uQdrmlx13T3kVhiNZ1g","","","1"
"モーリーファンタジー筑後","福岡県 筑後市 上北島字井原口 1259-1　メガセンタートライアル筑後店1F","lLa8S4OaodCh-twrWtNu-g","","","1"
"メルヘンランド筑紫野ベレッサ","福岡県 筑紫野市 美しが丘南 1-12-1　筑紫野ベレッサ内","qR8MpT2VC8ZcrO2YVj1_aA","","","1"
"楽市楽座くりえいと宗像","福岡県 宗像市 くりえいと 1-4-4　くりえいと宗像サウスゾーン内","Hj41OO8j8Tgh3pjDJKNB1Q","","","1"
"スペースタイム25サンリブくりえいと宗像","福岡県 宗像市 くりえいと 1-5-1　サンリブくりえいと宗像2F","iDZZr3_iJk6i93gP3hhjbw","","","1"
"太宰府Jボウル","福岡県 太宰府市 都府楼南 5-6-12","C3K0MFsIn1-ikeEPgmBClA","","","1"
"マンガ倉庫太宰府","福岡県 太宰府市 青葉台 3-26-13","dMN6Q3mbc_yY2YG9J5h-_Q","","","1"
"ピーターパンと仲間たちうきは","福岡県 うきは市 吉井町千年 153　ゆめマートうきは1F","sRQj2oJ-2hYxQm8faWkRXQ","","","1"
"スペースタイム25イオン甘木","福岡県 朝倉市 甘木 380　イオン甘木SC2F","Gfj3jTH3B3WL4mAhsJ43OQ","","","1"
"ピノキオランド宇美","福岡県 糟屋郡宇美町 宇美 4-8-1　ライフプラザユービオス内","2N_Bt5bZqLX0As9MrXkkaA","","","1"
"ゲーム最後の5ドル","福岡県 糟屋郡粕屋町 仲原 2706　仲原Jボウル2F","W_Yv192a2gTMobNg45CoDQ","","","1"
"スマイルステーション岡垣","福岡県 遠賀郡岡垣町 黒山 338-1　イオン岡垣SC　イオン岡垣店1F","635IjNGHUIIlKMgXz_NJrQ","","","1"
"ピーターパンと仲間たち遠賀","福岡県 遠賀郡遠賀町 松の本 1-1-1　ゆめタウン遠賀2F","_lssLwL7LP_PauvN0E4mBg","","","1"
"ふぇすたらんど苅田","福岡県 京都郡苅田町 殿川町 1-7　サンリブエル苅田内","ZC8eJ7TslGpObKreaLMSDw","","","1"
"ラウンドワンスタジアム佐賀","佐賀県 佐賀市 兵庫北 4-2-1","IV3tq3iyMCv0kdpXFoeYVQ","","","4"
"namcoゆめタウン佐賀","佐賀県 佐賀市 兵庫北 5-14-1　ゆめタウン佐賀2F","W3iyeJjpZLzC8Ze_-OAkpQ","","","3"
"namcoモラージュ佐賀","佐賀県 佐賀市 巨勢町大字牛島 730　モラージュ佐賀1・2F","tz5cITl1MddUR0q7ZVMfaQ","","","3"
"ゆめタウン武雄店ゆめキッズ","佐賀県 武雄市 武雄町武雄 4992　ゆめタウン武雄2F","kuIgrS9eUcnCIgrFuYNftA","","","3"
"モーリーファンタジー佐賀大和","佐賀県 佐賀市 大和町尼寺 3535　イオンモール佐賀大和　イオン佐賀大和店2F","WdFjoq4-oSq_rcFat2XYUw","","","2"
"タイトーFステーションモラージュ佐賀","佐賀県 佐賀市 巨勢町大字牛島 730　モラージュ佐賀北館2F","nEtP0pCIAYhJn6PtT53Xnw","","","2"
"パスカランド鳥栖","佐賀県 鳥栖市 本鳥栖町 537-1　フレスポ鳥栖店2F","t3XPpt32ELDyBzE2p5pDfw","","","2"
"遊道楽嘉瀬","佐賀県 佐賀市 嘉瀬町中原 2488-1","T1RGvlOAr2FkQDeOEbMM2Q","","","1"
"楽市楽座303佐賀大和","佐賀県 佐賀市 大和町尼寺 2965","sfqYwtKuus9Y5buG5fLDSQ","","","1"
"モーリーファンタジー佐賀","佐賀県 佐賀市 東与賀町下古賀字一本杉 87-1　イオン佐賀店1F","HAfZ0GcOzBFVcS65RS_Tsg","","","1"
"モーリーファンタジー唐津","佐賀県 唐津市 鏡字立神 4671　イオン唐津SC　イオン唐津店2F","w54NXLPxagZp2IzAPBhnnQ","","","1"
"鳥栖あそびタウン","佐賀県 鳥栖市 元町 1353-1","P-TUfABtLJMUB4bYaT1cBw","","","1"
"ソニックワールド伊万里","佐賀県 伊万里市 二里町八谷搦 189-3","8yTtxqBeU8BY41gic8FNiQ","","","1"
"GiGO 武雄","佐賀県 武雄市 武雄町富岡 12517-1","HU0a1m9A8hj7JoKRHj_aPg","","","1"
"マンガ倉庫武雄","佐賀県 武雄市 武雄町武雄 5771","SyXEfnTO0vNB7HVQU2XCyw","","","1"
"namcoアミュプラザ長崎 新館","長崎県 長崎市 尾上町 1-1　アミュプラザ長崎新館4F　9401","WvDKRW0fIYw9rPBYlso64g","","","5"
"GiGO みらい長崎ココウォーク","長崎県 長崎市 茂里町 1-55　みらい長崎ココウォーク5F","eu7RGJ9pqBydny0J9cUFtQ","","","4"
"namcoゆめタウン夢彩都","長崎県 長崎市 元船町 10-1　夢彩都4F","xVS4k39j8yqZJHtuSP2dPA","","","3"
"G-pala 時津","長崎県 西彼杵郡時津町 野田郷 59","ThGxvr3KAUuEjqJoZMV_yw","","","3"
"モーリーファンタジーチトセピア","長崎県 長崎市 千歳町 5-1　イオンチトセピア店3F","nzqz0sFDHhqkOPKsoXGLYw","","","2"
"アソビクル長崎戸町","長崎県 長崎市 戸町 4-9-3","PoL3jODsEsw-iENW7U60hA","","","2"
"G-stage浜の町","長崎県 長崎市 浜町 2-26","RF3VVCffG8VSbXiHmkvhQw","","","2"
"モーリーファンタジー大塔","長崎県 佐世保市 大塔町 14-2　イオン大塔SC　イオン大塔店3F","JxLAexbZLSUyP81tyD6u_A","","","2"
"アミパラ佐世保","長崎県 佐世保市 大塔町 18-15","bkNxTPEB8g1KPS7RBr_ijQ","","","2"
"楽市楽座させぼ五番街","長崎県 佐世保市 新港町 2-7　させぼ五番街3F","3tZ5FJmib09mKasO8OmmEw","","","2"
"サープラ佐世保あそびタウン","長崎県 佐世保市 田原町 38-1","kT84DocAgKbs2UwXzIqi2g","","","2"
"スマイルステーション島原","長崎県 島原市 弁天町 1-7080-1","mQy9t9RejoYz_0ylfQtAHQ","","","2"
"ソニックワールド大村","長崎県 大村市 古賀島町 383-1","qxMRuN9LjBCApT3G_fM7Pg","","","2"
"モーリーファンタジー時津","長崎県 西彼杵郡時津町 浜田郷 751-5　イオン時津SC　イオン時津店2F","EV814zl0BZXIcEESrn8HAQ","","","2"
"長崎ラッキーボウル","長崎県 長崎市 大橋町 25-6","UlyKGCqr6r0o45EL-OoaJA","","","1"
"モーリーファンタジー東長崎","長崎県 長崎市 田中町 1027-8　イオン東長崎SC　イオン東長崎店2F","MNtzyEDtpU0xo4SyNQ0tyw","","","1"
"パラダイスボウル","長崎県 佐世保市 崎岡町 853-12","hEUmjDXBjpPiAp5suML1eA","","","1"
"マンガ倉庫広田","長崎県 佐世保市 広田 3-38-46","jsxPIAEx9u7J1B6hzVbKXQ","","","1"
"三冠王バッティングセンター","長崎県 佐世保市 相浦町 2689-1","kWKDGcFHwrREU_wAK7GPtQ","","","1"
"GiGO 諫早","長崎県 諫早市 小川町 90-1","49TK4iUtseNO5gf0IMMWkg","","","1"
"楽市楽座諫早","長崎県 諫早市 長野町 1086-17","jwi5fUOz7KS-bybWGJurZg","","","1"
"モーリーファンタジー大村","長崎県 大村市 幸町 25-200　イオン大村SC　イオン大村店2F","bbx5WznW7CYKhIYhP5L5FA","","","1"
"GiGO サンスパおおむら","長崎県 大村市 森園町 663-3","wMeybIxHfPk93U0Q7nWV2A","","","1"
"あすなろ","長崎県 対馬市 厳原町今屋敷 661-3　ティアラSC内","1kRgrp6eXNX1yHmiIy2ZIA","","","1"
"モーリーファンタジー壱岐","長崎県 壱岐市 芦辺町箱崎中山触字干拓 2604-2　イオン壱岐店2F","_ojmake-bRVLKWj06VrEww","","","1"
"ファンタジーランド五島","長崎県 五島市 吉久木町 731　五島シティーモール内","sEkjUd8wxlsQA03vch3rXA","","","1"
"モーリーファンタジー有家","長崎県 南島原市 有家町山川 135-1　イオン有家店1F","W3KpL9L4_r4rCdDMcM2zfw","","","1"
"namcoワンダーシティ南熊本","熊本県 熊本市中央区 九品寺 6-9-1","ohRXxXiykghj2EczpaYpJg","","","10"
"パスカワールド宇土","熊本県 宇土市 善道寺町綾織 95　宇土シティモール内","5NxTjNl-0qwReneR60grLQ","","","5"
"ラウンドワンスタジアム熊本","熊本県 熊本市西区 春日 7-25-15","gXSNfrIGu8XQrLslEMHBUg","","","4"
"namcoゆめタウン光の森","熊本県 菊池郡菊陽町 光の森 7-39-1　ゆめタウン光の森南館3F","AnqKIJU0QcclEiCq0OajkQ","","","4"
"パスカランドはません","熊本県 熊本市南区 田井島 1-2-1　ゆめタウンはません3F","o1viM7hfVWX0_LdNshAQiw","","","3"
"サープラ荒尾あそびタウン","熊本県 荒尾市 原万田 700-1","aZGKeDDRiAjLjImHWG21yg","","","3"
"パスカワールドグリーンランド","熊本県 荒尾市 本井手 1574-54","pnTsaLpdqlzIKZbPCgvnpA","","","3"
"サープラ下通りあそびタウン","熊本県 熊本市中央区 手取本町 4-12　ザ･ファインビル","TXaKeVcOjXKgMvraWd0mEw","","","2"
"らぶふらっと新市街","熊本県 熊本市中央区 新市街 8-1　サンアイ新市街ビル1F","BReTdI_1BplPoljpK9FG_g","","","2"
"namcoサクラマチクマモト","熊本県 熊本市中央区 桜町 3-13-14　サクラマチクマモト3F","OXNd3AX8KLheJnHh2W49Hg","","","2"
"ゆめタウンサンピアンアミューズパーク","熊本県 熊本市東区 上南部町 2-2-2　ゆめタウンサンピアン3F","FyypQRrtb-zQ8k1RPoB2Uw","","","2"
"サープラ熊本あそびタウン","熊本県 熊本市東区 御領 8-4-82","e8fyXlhs90ibOB4Ey1dM0g","","","2"
"パスカランド長嶺","熊本県 熊本市東区 長嶺西 1-5-1　シュロアモール長嶺内","J-oXWF1gJDCjAa4-AmfmZg","","","2"
"GiGO アミュプラザくまもと","熊本県 熊本市西区 春日 3-15-26  アミュプラザくまもと6F","gE4wWKcu99895b0w6MgBXA","","","2"
"FESTA人吉","熊本県 人吉市 宝来町 1307-1　HITOYOSHI-REX内","5BxqxCIOjYtxuioRvK52BA","","","2"
"ピノキオランドあらおシティモール","熊本県 荒尾市 緑ケ丘 1-1-1　あらおシティモール1F","Ad0JHu64aY6wFHSz0XLpaQ","","","2"
"namcoイオンモール宇城","熊本県 宇城市 小川町河江 1-1　イオンモール宇城2F","y2dwz-5THN966IbDbI6fZw","","","2"
"namcoイオン大津ショッピングプラザ","熊本県 菊池郡大津町 室 137　大津ショッピングプラザ2F","stSPLK1kIghL3jJhxHyr6g","","","2"
"タイトーステーションゆめタウン光の森","熊本県 菊池郡菊陽町 光の森 7-33-1　ゆめタウン光の森本館2F","mhrK2KBAZEcp8Lx0yCSCyw","","","2"
"ふぇすたらんど菊陽","熊本県 菊池郡菊陽町 津久礼 2472　カリーノ菊陽店2F","sr2Ui2bVXXSgBMxs23deGg","","","2"
"楽市楽座イオンモール熊本","熊本県 上益城郡嘉島町 上島字長池 2232　イオンモール熊本2F","xwsKpTVyaJABTK9HfsBAqw","","","2"
"モーリーファンタジー熊本","熊本県 上益城郡嘉島町 上島字長池 2232　イオンモール熊本　イオン熊本店2F","uBWkfwtBNE05Mgv0X3W3pw","","","2"
"スポラ九品寺","熊本県 熊本市中央区 九品寺 5-10-15","JSMDrFSRtOCrHss-7as5Mw","","","1"
"ピノキオランドくまなん","熊本県 熊本市中央区 平成 3-23-30　サンリブシティくまなん3F","jkqX48dK6vdCHZkrgfzd1Q","","","1"
"楽市楽座熊本インター","熊本県 熊本市東区 石原 1-1-112　MrMax熊本インター店B棟","Jvn0xo-H2g8P9hBPMwOCLw","","","1"
"モーリーファンタジー田崎","熊本県 熊本市西区 田崎町字下寄 380　イオンタウン田崎1F","QK1NGwkjNfqo3PpEAvs4Vw","","","1"
"タイトーステーションゆめタウン八代","熊本県 八代市 建馬町 3-1　ゆめタウン八代2F","9CsalrBNFau5fmO6yR4boA","","","1"
"モーリーファンタジー八代","熊本県 八代市 沖町六番割 3987-3　イオン八代SC　イオン八代店2F","EfYEjsgbyQyjsQth9YWtgw","","","1"
"ゴーゴーバンビーノ","熊本県 人吉市 下林町 122-1","ehcb97dEB9HdPU_-yumplQ","","","1"
"ファンタジープラザ荒尾","熊本県 荒尾市 原万田 845-4　ドン･キホーテ荒尾店1F","pEwjQqe51NAX2qlmmN-blA","","","1"
"ピノキオランド玉名","熊本県 玉名市 亀甲字前田 110　ビッグミカエル玉名店2F","Yy4x-ObxbNk5hFtWM7msug","","","1"
"FESTA山鹿","熊本県 山鹿市 方保田字鳥越 3468-1　MrMax山鹿店内","Eaw4zZX0nYf76GoJTtdXsQ","","","1"
"楽市楽座小川","熊本県 宇城市 小川町河江 1-1　イオンモール宇城1F","2RIvrZ6iv4tBikKajT5VOQ","","","1"
"モーリーファンタジー天草","熊本県 天草市 亀場町食場後山下 740　イオン天草SC　イオン天草店2F","DAX9aHbDtcAyLBDr32W4EQ","","","1"
"ピノキオランド本渡","熊本県 天草市 船之尾町 279-6　スーパーセンタータイヨーリンドマール3F","jIrCGJAHlfK2S9EDSqQpUg","","","1"
"スポラ菊陽","熊本県 菊池郡菊陽町 津久礼駄飼代 2617-2","BisffWzydlsxvKEP67XbCw","","","1"
"GiGO 阿蘇くまもと空港","熊本県 上益城郡益城町 小谷 1802ー2","EiJWcnU_o_BfbWYtsjwWiw","","","1"
"楽市楽座イオン錦","熊本県 球磨郡錦町 西 字打越715-1　イオン錦店1F","jx13YmeltGf2yVlfH-Vg5A","","","1"
"namco杉乃井ホテル","大分県 別府市 観海寺 1　スギノイパレスU-zone1F","r7QULNEWwYG9vfgNIiZ12w","","","4"
"タイトーFステーションセントポルタ大分","大分県 大分市 中央町 2-1-1","9uFeBfeZVBpUAd5TLmLynw","","","3"
"namcoトキハわさだタウン","大分県 大分市 玉沢 755-1　トキハわさだタウン2F","rZBnbbqLCuxQUCz3E8YeAA","","","3"
"ラウンドワンスタジアム大分","大分県 大分市 萩原 2-13-17","ZM4V0Adcwtlj8Hn2VxZtVw","","","3"
"タイトーステーションアミュプラザおおいた","大分県 大分市 要町 1-14　アミュプラザおおいた4F","EEtSH0X8bymc3NnNN4XRWw","","","3"
"タイトーFステーションゆめタウン別府","大分県 別府市 楠町 382-6　ゆめタウン別府3F","v4Dyq1gTunbMbzURw-5u1Q","","","3"
"プラサカプコン大分","大分県 大分市 公園通り西 2-1　パークプレイス大分2F","bbWW1ghEymkclZAo_3FTgA","","","2"
"モーリーファンタジーパークプレイス大分","大分県 大分市 公園通り西 2-1　パークプレイス大分　イオンパークプレイス大分店2F","pME4XQusIPAKrmVbqrm0Gg","","","2"
"namcoアムス大在","大分県 大分市 大在浜 2-1-1　アムス大在内","8g_6g2C9KppsEhUED3880g","","","2"
"namco明野","大分県 大分市 明野東 1-1-1　あけのアクロスタウン一番街4F","KYY0xRPCiGDjI5NcWo9IIw","","","2"
"FESTAフリーモールわさだ","大分県 大分市 木上字鉾手 2102　フリーモールわさだ内","ZIaYCmI63rW-fi6bJd4PLg","","","2"
"GiGO 高城","大分県 大分市 牧 1-161-8","_I4ED-ThmUUxJH1qh7R3tg","","","2"
"ユーズランド三光","大分県 中津市 三光佐知 1032　イオンモール三光2F","1p2m4QM5wYrYjDDoArIj5w","","","2"
"トライセン中津","大分県 中津市 下池永 67-3","1_D0lme-DE2HlI2YEUD-Tw","","","2"
"ゆめタウン中津店ゆめキッズ","大分県 中津市 蛭子町 3-99　ゆめタウン中津3F","GkHfmJydTSnvL1OMiA95sA","","","2"
"G-pala 日田","大分県 日田市 友田字萩鶴 986-1","OxeyBhQ3ljYV526-3w-Tcw","","","2"
"パスカランド日田","大分県 日田市 大字庄手 648-71　イオンタウン日田内","e8aeCNaA2rgytZKV4X1UUQ","","","2"
"FESTAコスモタウン佐伯","大分県 佐伯市 鶴岡西町 2-163　コスモタウン佐伯内","dwd8WDB14B522gnWkuLYAw","","","2"
"namcoミスターマックス宇佐","大分県 宇佐市 法鏡寺 500　MrMax宇佐店内","DHJgt98K7cRE9RPklwuENw","","","2"
"モーリーファンタジー挾間","大分県 由布市 挾間町北方 77　イオン挾間SC　イオン挾間店2F","E763wRrkJ6lEb61ALM4noA","","","2"
"アミュージアム光吉","大分県 大分市 光吉 825-1　イオン光吉1F","33RhYzV4ru5rhYVtP8IB9w","","","1"
"スプロール稙田","大分県 大分市 玉沢 688-1　タワーボウル稙田店6Fゲームコーナー","yrm1d1Htm17K4Y2e7s1O-w","","","1"
"マンガ倉庫大分わさだ","大分県 大分市 田尻 85-1","v7RPUqVijwCDWsRZ-L-kNA","","","1"
"マンガ倉庫大分東","大分県 大分市 皆春字内門 604","CDJG7NDCA0_YgXfCJW1xYA","","","1"
"トライセン萩原","大分県 大分市 萩原 4-227-7　ACS3F","5OKjbT1PP9IdTzfNixBPxA","","","1"
"スマイルステーション高城","大分県 大分市 高城西町 28-1　イオン高城店2F","55-Atznv3J4Ou-mDBx0U9g","","","1"
"トキハ別府店ゲームコーナー","大分県 別府市 北浜 2-9-1　トキハ別府店4F","IcawyM2hSeHDd4WPqXcp9Q","","","1"
"GiGO 別府","大分県 別府市 餅ケ浜町 161-2","JNtZX9nFDiABU1wF49EAjw","","","1"
"モーリーファンタジー三光","大分県 中津市 三光佐知 1032　イオンモール三光　イオン三光店2F","95iJn0Gfgls646WdVfUOyw","","","1"
"ふぇすたらんど中津","大分県 中津市 下池永 字熊本153-1　スーパーセンタートライアル中津店内","BoLYetUfdzhbb05YjKQhlg","","","1"
"GiGO 中津","大分県 中津市 沖代町 1-2-16","fia5QzRqFowPlwBDZHzDEg","","","1"
"モーリーファンタジー日田","大分県 日田市 南元町 14-22　イオン日田店2F","A4NT8DPzOwq9nJTRgyKhKg","","","1"
"ピーターパンと仲間たち臼杵","大分県 臼杵市 江無田 266-5　サンリブ臼杵2F","SLUe6v4KkHTxDmRIZcYdsw","","","1"
"にこにこらんど杵築","大分県 杵築市 杵築 北浜665-618　サンリブ杵築1F","VUG2INf4c_RZX17eNnNRKw","","","1"
"ピノキオランド三重","大分県 豊後大野市 三重町赤嶺 992　スーパーセンタートライアル三重店2F","yAlGbK2GuybdfOLlYO4Oog","","","1"
"ホテルソラージュ大分・日出","大分県 速見郡日出町 大神 7505","lgfbSmORY4by417i9-RENA","","","1"
"ラウンドワンスタジアム宮崎","宮崎県 宮崎市 中村東 3-4-60","SX1sE9c6T19sNQOtmObAMg","","","4"
"namco宮交シティ","宮崎県 宮崎市 大淀 4-6-28　宮交シティ3F","xsKHmbqotfn5ANaQHKHS8Q","","","3"
"楽市楽座イオンモール宮崎","宮崎県 宮崎市 新別府町江口 862-1　イオンモール宮崎2F","_Ew6-nWDQbhZE2Ek1EjsoA","","","3"
"モーリーファンタジー南宮崎","宮崎県 宮崎市 大淀 4-7-30　イオン南宮崎店3F","n-B-sGDXM1K0l-Kf7UYtbQ","","","2"
"モーリーファンタジー宮崎","宮崎県 宮崎市 新別府町江口 862-1　イオンモール宮崎　イオン宮崎店2F","rP1Qwh7Tc3FMqV_MufkedQ","","","2"
"ドリームランド宮崎ナナイロ","宮崎県 宮崎市 橘通西 3-10-32　宮崎ナナイロ西館3F","9xyjhRDfYfvxiFvPmpXUQA","","","2"
"GiGO アミュプラザみやざき","宮崎県 宮崎市 老松 2-2-22　アミュプラザみやざきうみ館4F","43QJ-y9XHR9RfZS2vYxCuQ","","","2"
"サープラ都城あそびタウン","宮崎県 都城市 上川東 4-5997-4","yr8o_SOiVkh1qMndgsOeCw","","","2"
"楽市楽座イオンモール都城駅前","宮崎県 都城市 栄町 4672-5　イオンモール都城駅前2F","ynymop2V8An1_etZ4uHLag","","","2"
"GiGO 延岡","宮崎県 延岡市 平原町 5-1492-8","HsVIacf2P82cOg_tii2MZA","","","2"
"モーリーファンタジー延岡","宮崎県 延岡市 旭町 2-2-1　イオン延岡SC　イオン延岡店2F","pDiiykEnnQmp5T_cbpgCuQ","","","2"
"ピノキオランド日南","宮崎県 日南市 材木町 1　日南SCサピア2F","b8IavMrrupvfqJjVeDNsQg","","","2"
"namco日向","宮崎県 日向市 日知屋 14798-1　ハイパーモールメルクス日向1F","b7mt1hx0IIKRjBEWvAIL6A","","","2"
"ピノキオランド西都","宮崎県 西都市 小野崎町 1-76　西都SCパオ2F","Y4DfVPhKGbns_NP4x_c_LA","","","2"
"マンガ倉庫住吉","宮崎県 宮崎市 島之内 7315-4","O5o3MaLSyxXsqhssB7e8dw","","","1"
"マンガ倉庫加納","宮崎県 宮崎市 清武町加納 乙240","cn7XdqTieNgcv99kA79QZg","","","1"
"ゲームマインズ","宮崎県 宮崎市 高千穂通 1-3-22　エースランド2F","6yFOb6KnBa9V8QAWxjT8tw","","","1"
"ディサービスセンター元気の里","宮崎県 都城市 上川東 2-4-13","Ey7V51NohjuLQkC273sLDg","","","1"
"マンガ倉庫都城","宮崎県 都城市 吉尾町 840","vR_ZYH_5Zjvs0xJdRuFZQg","","","1"
"モーリーファンタジー都城","宮崎県 都城市 早鈴町 1990　イオン都城SC　イオン都城店2F","I_6vv3OSxHC3ZbdlLPQLyA","","","1"
"モーリーファンタジー都城駅前","宮崎県 都城市 栄町 4672-5　イオンモールミエル都城駅前　イオン都城駅前店2F","mOOhRrNqt5AKzGJaB-kqvg","","","1"
"ゲオ延岡","宮崎県 延岡市 出北 3-19-17","go-4z1I0fuiHuehZ42QqBg","","","1"
"スマイルステーション多々良","宮崎県 延岡市 岡富町 843　イオン多々良店1F","hasRkxRr312ceiT2i8z1GA","","","1"
"ファミリーランドポニー小林","宮崎県 小林市 堤 3005-12　サンキュー小林店内","zIYUhKPTEimdTY9w_12cIA","","","1"
"マンガ倉庫日向","宮崎県 日向市 日知屋 14798-1","fcW5RAD_FaSBcGvguS3A9w","","","1"
"HapipiLand日向","宮崎県 日向市 日知屋古田町 61-1　イオンタウン日向D棟","VtTX98XUrN5DWHJyD0Odmw","","","1"
"モーリーファンタジー日向","宮崎県 日向市 日知屋古田町 61-1　イオンタウン日向　イオン日向店2F","LAMcTEkApsceIZlgz5Clyg","","","1"
"タイトーステーションアミュプラザ鹿児島","鹿児島県 鹿児島市 中央町 1-1　アミュプラザ鹿児島6F","kNywTTgm-TSVYk6e-K4DOA","","","4"
"サープラ鹿児島あそびタウン","鹿児島県 鹿児島市 与次郎 1-11-1　フレスポジャングルパーク2F","QIEXj9er5QSA_Y42-OjPNg","","","3"
"サープラ天文館あそびタウン","鹿児島県 鹿児島市 千日町 5-6","hxnFg0QZqSyf8AszWLdn6A","","","3"
"ラウンドワンスタジアム鹿児島宇宿","鹿児島県 鹿児島市 宇宿 2-2-2","pG0MLhclex8UZLAbL46sXQ","","","3"
"マンガ倉庫鹿児島","鹿児島県 鹿児島市 小松原 1-6-7","jKMcQ9adOSmudTFWEZiM1g","","","3"
"モーリーファンタジー鹿児島","鹿児島県 鹿児島市 東開町 7　イオンモール鹿児島　イオン鹿児島店3F","wNqY83qgs1OepXVBASJWeQ","","","2"
"パスカランドかのや","鹿児島県 鹿屋市 白崎町 4-1　イオンかのやSC3F","5k8z44LGfgXvo9y-os1sUA","","","2"
"タイトーFステーションニシムタ出水","鹿児島県 出水市 六月田町 347","cNLILpsFb_nI3XFR7zy1gQ","","","2"
"namcoプラッセだいわ川内","鹿児島県 薩摩川内市 矢倉町 4213-1　プラッセだいわ川内店2F","LyiFshMdSjjzZeNzIv-Mlg","","","2"
"サープラ国分あそびタウン","鹿児島県 霧島市 国分広瀬 2-4-1　フレスポ国分内","2HQCIPtiC8TcVC6q1it3Tg","","","2"
"サープラ隼人あそびタウン","鹿児島県 霧島市 隼人町見次 427-1","tkRBOy3pvH1SrbRYwQ3E0g","","","2"
"パレット串木野","鹿児島県 いちき串木野市 東塩田町 1　ニシムタ串木野店2F","hC_YInikBHamcRkiDQyrAg","","","2"
"楽市楽座イオンタウン姶良","鹿児島県 姶良市 西餠田 264-1　イオンタウン姶良2F","IZ8PDxAV5LbzAT9zNjZDVA","","","2"
"モーリーファンタジー姶良","鹿児島県 姶良市 西餠田 264-1　イオンタウン姶良　イオン姶良店3F","ufk8m9Z2kN54qJqSRFxPmw","","","2"
"サープラ鹿屋あそびタウン","鹿児島県 肝属郡肝付町 富山 1008-5","VOHFcBOvOZoY3OOSqN_Z3w","","","2"
"ピンポンパンイオン鹿児島中央","鹿児島県 鹿児島市 中央町 10　イオン鹿児島中央店4F","utvczJIcYsmpVPkZRBdzOQ","","","1"
"タイトーFステーションN’sCITY谷山","鹿児島県 鹿児島市 卸本町 5-35　ニシムタN'sCITY谷山店2F","lQHUST1ND8lcTvIs4djM3A","","","1"
"楽市楽座オプシアミスミ","鹿児島県 鹿児島市 宇宿 2-3-5　オプシアミスミ2F","ngE56Wp-TiYWAb2RzR_6JQ","","","1"
"ゲームセンター電撃ベイサイド","鹿児島県 鹿児島市 浜町 2-2","tTp8HxhMTX_DgPlYzoRJJA","","","1"
"ファミリーランドポニー寿","鹿児島県 鹿屋市 寿 7-494-1　サンキュー寿店2F","90xLRl_gS22w786MLesuCg","","","1"
"マンガ倉庫鹿屋","鹿児島県 鹿屋市 寿 8-714-2","a7vVjzfGmCzOof85an8_3Q","","","1"
"ゲオ鹿屋","鹿児島県 鹿屋市 札元 1-12-43","ajYjbRCvqRZrFWdEx0uJmg","","","1"
"namcoプラッセだいわ出水","鹿児島県 出水市 本町 4-45　プラッセだいわ出水店2F","7pu6Ej8GDnuSK4e86MBP3Q","","","1"
"ファミリーランドポニー出水","鹿児島県 出水市 黄金町 313-1　サンキュー出水店内","7muAyGTG26CWeeoowk9pKA","","","1"
"Amusementcity G-STA","鹿児島県 薩摩川内市 向田本町 49","NYy3xJ0ulASfYkG20zvLJA","","","1"
"ファミリーランドポニー永利","鹿児島県 薩摩川内市 永利町 712　タイヨー永利店内","T4XLuxamYLF2N6ce4ZUetQ","","","1"
"ファミリーランドポニー伊集院","鹿児島県 日置市 伊集院町徳重 274-1　山忠ビル　ソレイユタウン伊集院2F","IDZ72uOfmvWQmrJCjiJdBg","","","1"
"A-Zはやと","鹿児島県 霧島市 隼人町真孝 3677　A-Zはやと店UFOキャッチャーコーナー","vIo5QAXOGrM0Kmkc7PNYWQ","","","1"
"モーリーファンタジー隼人国分","鹿児島県 霧島市 隼人町見次 1229　イオン隼人国分SC　イオン隼人国分店2F","9yMoO3A9Deaf_ez119f1gw","","","1"
"ふぇすたらんど隼人","鹿児島県 霧島市 隼人町見次 545　サンキュー隼人店内","gx5Ngy1dAoYaA_bEO0z5dg","","","1"
"電遊パーク志布志","鹿児島県 志布志市 志布志町安楽 100-1","p9aqaNRuxFm_4FRf3Bw4eQ","","","1"
"タイトーFステーションイオンプラザ大島","鹿児島県 奄美市 名瀬小浜町 23-1　イオンプラザ大島店3Fゲームコーナー","SD_ajFXR8niys8nP9JYh4g","","","1"
"ふぇすたらんど西加治木","鹿児島県 姶良市 加治木町木田 159-2　タイヨー西加治木店2F","0-4u3Gt6V-6m1Wd7dcFWJg","","","1"
"ふぇすたらんど重富","鹿児島県 姶良市 平松 3675-1　タイヨー重富店内","eoiGk8gk_7AOYxx6mzUjDg","","","1"
"ピノキオランド宮之城","鹿児島県 薩摩郡さつま町 宮之城屋地 1508　プラッセだいわ宮之城店2F","wv_lyJjqjwBPxn2BDfeF4w","","","1"
"namco那覇メインプレイス","沖縄県 那覇市 おもろまち 4-4-9　サンエー那覇メインプレイス2F","FNmaPFcrV3mcXJBPdtB-CA","","","5"
"ラウンドワンスタジアム沖縄・宜野湾","沖縄県 宜野湾市 真志喜 3-28-8","eoz-T4ykGEkt79e0TI5n2w","","","4"
"namcoサンエー浦添西海岸パルコシティ","沖縄県 浦添市 西洲 3-1-1　サンエー浦添西海岸PARCO CITY 3F","obJOgsJ4gca8O4KbeAQVrQ","","","4"
"namcoイオン具志川","沖縄県 うるま市 前原幸崎原 303　イオン具志川SC2F","jZl-9Ivuyao7Zy8mFF_Gdw","","","4"
"namcoイオンとよみショッピングセンター","沖縄県 豊見城市 根差部 710　イオンタウンとよみ内","h_b78wbzonJrVTP8Srhz6g","","","3"
"GiGO 北谷","沖縄県 中頭郡北谷町 美浜 9-8　シーサイドスクウェア1F","Ub5WzhBVupQ3orro090CnQ","","","3"
"モーリーファンタジー那覇","沖縄県 那覇市 金城 5-10-2　イオン那覇SC　イオン那覇店3F","K7vX-4lsApGN-U9jnosI6A","","","2"
"モーリーファンタジー名護","沖縄県 名護市 名護見取川原 4472　イオン名護SC　イオン名護店1F","G1exBfnWRTeqYNf_pego_A","","","2"
"namcoイーアス沖縄豊崎","沖縄県 豊見城市 豊崎 3-35　iias沖縄豊崎3F","oin9PBETIGucDvVg0KNZjQ","","","2"
"HapipiLand南城大里","沖縄県 南城市 大里高平高宮城原 97-2　イオンタウン南城大里内","8L65QTf4kHMVRXO76JWQ3Q","","","2"
"楽市楽座イオンモール沖縄ライカム","沖縄県 中頭郡北中城村 ライカム 1　イオンモール沖縄ライカム4F","XFSWBGYFX4VUUEanfiKPrA","","","2"
"namcoイオンタウン読谷SC","沖縄県 中頭郡読谷村 古堅 740　イオンタウン読谷SC内","jcbhs40CILprY-WFznTNag","","","2"
"ラウンドワン沖縄・南風原","沖縄県 島尻郡南風原町 兼城 552","2Tj8nWkak3ej7LBKjRZXsw","","","2"
"モーリーファンタジー南風原","沖縄県 島尻郡南風原町 宮平 264　イオン南風原SC　イオン南風原店2F","i9LFLNGQSgUPmokQo-cm6w","","","2"
"GiGO 那覇国際通り","沖縄県 那覇市 久茂地 3-3-20","Uy2ijg_m1uIcLgBEZXauSg","","","1"
"ジョイジャングル石垣","沖縄県 石垣市 真栄里 239-18","3xqyD4WQbv-RtycreK-yFA","","","1"
"モーリーファンタジー浦添","沖縄県 浦添市 城間 4-7-1　うらそえSC3F","3xft1kLdEsOfmdi-uY1ZuA","","","1"
"リトルパーク西原","沖縄県 浦添市 当山 2-2-3　ゲオ西原店内","l7tH-33PAI27qqhv2tFpTg","","","1"
"GiGO 沖縄アウトレットモールあしびなー","沖縄県 豊見城市 豊崎 1-188　沖縄アウトレットモールあしびなー2F","d76YBO6wF-kuMp6OSljwpA","","","1"
"ゲームランドジョイジャングルinとみとん","沖縄県 豊見城市 豊崎 1-411　豊崎ライフスタイルセンターTOMITON2F","nufJ5UIbn0Cj6TT29YM_FQ","","","1"
"モーリーファンタジー具志川","沖縄県 うるま市 前原幸崎原 303　イオン具志川SC　イオン具志川店2F","f2J12X1yI38AlykRTXVExQ","","","1"
"MECHAうるま","沖縄県 うるま市 塩屋浜原 502-1　MECHAドン・キホーテうるま店内","b0mg4ce-TCUKkdEWlbjeDA","","","1"
"沖縄具志川あそびタウン","沖縄県 うるま市 江洲 450-1　サンエー具志川メインシティ1F","vp_D4Bl4K2jcDHeHVEPmYQ","","","1"
"ゲームランドジョイジャングル宮古南","沖縄県 宮古島市 平良久貝 1072-11","OvalBphb4QBnuAlFiVN7cw","","","1"
"モーリーファンタジーライカム","沖縄県 中頭郡 ライカム 1　イオンモール沖縄ライカム　イオンライカム店4F","FF2oDCFFJ-ZuV-bHCTXpOA","","","1"
"ジョイジャングル美浜","沖縄県 中頭郡北谷町 美浜 15-68　ドラゴンパレス2F","DuJdE7b_npU5kXGrH_7YZA","","","1"
"モーリーファンタジー北谷","沖縄県 中頭郡北谷町 美浜 8-3　イオン北谷SC　イオン北谷店2F","hHRjavqRUh4o28H5n_EOYA","","","1"
"沖縄西原あそびタウン","沖縄県 中頭郡西原町 嘉手苅 130　サンエー西原シティ2F","MKc6GfWj51TbkJvYJwVRSw","","","1"
"アミュージアム南風原","沖縄県 島尻郡南風原町 宮城 371-1","qMDbDfL9gebqiPZBvvU9lQ","","","1"